action_dim,action_l2,action_max,action_mean,action_min,agent,agent_index,algorithm,carbon_intensity,done,electrical_storage_electricity_consumption_kwh,electrical_storage_energy_balance_kwh,electrical_storage_soc,electricity_price,episode,episode_step,ev_charge_kwh,ev_electricity_consumption_kwh,ev_v2g_export_kwh,global_step,grid_export_kwh,grid_import_kwh,individual_reward,net_electricity_consumption_cost,net_electricity_consumption_emission,net_electricity_consumption_kwh,net_electricity_consumption_without_storage_kwh,observation_dim,observation_l2,observation_max,observation_mean,observation_min,pv_export_kwh,pv_generation_kwh,reward,reward_function,reward_profile,scenario,solar_generation_raw_kwh,state_dim,state_l2,state_max,state_mean,state_min,time_step
6,0.0,0.0,0.0,0.0,Building_1,0,MAAC,0.7900000214576721,False,0.0,0.0,0.0,0.43466824293136597,0,0,0.0,0.0,-0.0,0,-0.0,0.0,-0.5404364466667175,0.0,0.0,0.0,0.0,64,3.3512938559391947,1.0,0.22822004300542176,0.0,0.0,0.0,-0.4808776378631592,CityLearnV3MADRLRewardFunction,maac_unified_comparable_v4,E1,-0.0,1907,14.133936100907311,1.0,0.13253982093157837,0.0,1
8,0.0,0.0,0.0,0.0,Building_2,1,MAAC,0.7900000214576721,False,0.0,0.0,0.0,0.43466824293136597,0,0,0.0,0.0,-0.0,0,-0.0,0.0,-0.42957639694213867,0.0,0.0,0.0,0.0,78,3.4313283575988627,1.0,0.18794509099844176,0.0,0.0,0.0,-0.4808776378631592,CityLearnV3MADRLRewardFunction,maac_unified_comparable_v4,E1,-0.0,1907,14.133936100907311,1.0,0.13253982093157837,0.0,1
10,0.0,0.0,0.0,0.0,Building_3,2,MAAC,0.7900000214576721,False,0.0,0.0,0.0,0.43466824293136597,0,0,0.0,0.0,-0.0,0,-0.0,0.0,-0.5275378823280334,0.0,0.0,0.0,0.0,92,3.48253435869289,1.0,0.16693019502512788,0.0,0.0,0.0,-0.4808776378631592,CityLearnV3MADRLRewardFunction,maac_unified_comparable_v4,E1,-0.0,1907,14.133936100907311,1.0,0.13253982093157837,0.0,1
8,0.0,0.0,0.0,0.0,Building_4,3,MAAC,0.7900000214576721,False,0.0,0.0,0.0,0.43466824293136597,0,0,0.0,0.0,-0.0,0,-0.0,0.0,-0.4954773783683777,0.0,0.0,0.0,0.0,78,3.3526943269816174,1.0,0.18393695717438674,0.0,0.0,0.0,-0.4808776378631592,CityLearnV3MADRLRewardFunction,maac_unified_comparable_v4,E1,-0.0,1907,14.133936100907311,1.0,0.13253982093157837,0.0,1
5,0.0,0.0,0.0,0.0,Building_5,4,MAAC,0.7900000214576721,False,0.0,0.0,0.0,0.43466824293136597,0,0,0.0,0.0,-0.0,0,-0.0,0.0,-0.5226952433586121,0.0,0.0,0.0,0.0,57,3.402492142442395,1.0,0.26281924611120894,0.0,0.0,0.0,-0.4808776378631592,CityLearnV3MADRLRewardFunction,maac_unified_comparable_v4,E1,-0.0,1907,14.133936100907311,1.0,0.13253982093157837,0.0,1
34,0.0,0.0,0.0,0.0,Building_6,5,MAAC,0.7900000214576721,False,0.0,0.0,0.0,0.43466824293136597,0,0,0.0,0.0,-0.0,0,-0.0,0.0,-0.5332043170928955,0.0,0.0,0.0,0.0,260,3.337631548597973,1.0,0.05485789380394496,0.0,0.0,0.0,-0.4808776378631592,CityLearnV3MADRLRewardFunction,maac_unified_comparable_v4,E1,-0.0,1907,14.133936100907311,1.0,0.13253982093157837,0.0,1
44,0.0,0.0,0.0,0.0,Building_7,6,MAAC,0.7900000214576721,False,0.0,0.0,0.0,0.43466824293136597,0,0,0.0,0.0,-0.0,0,-0.0,0.0,-0.42984431982040405,0.0,0.0,0.0,0.0,330,3.4149667010378306,1.0,0.0442771235650236,0.0,0.0,0.0,-0.4808776378631592,CityLearnV3MADRLRewardFunction,maac_unified_comparable_v4,E1,-0.0,1907,14.133936100907311,1.0,0.13253982093157837,0.0,1
19,0.0,0.0,0.0,0.0,Building_8,7,MAAC,0.7900000214576721,False,0.0,0.0,0.0,0.43466824293136597,0,0,0.0,0.0,-0.0,0,-0.0,0.0,-0.4296156167984009,0.0,0.0,0.0,0.0,155,3.4274495038608204,1.0,0.09453268541443732,0.0,0.0,0.0,-0.4808776378631592,CityLearnV3MADRLRewardFunction,maac_unified_comparable_v4,E1,-0.0,1907,14.133936100907311,1.0,0.13253982093157837,0.0,1
12,0.0,0.0,0.0,0.0,Building_9,8,MAAC,0.7900000214576721,False,0.0,0.0,0.0,0.43466824293136597,0,0,0.0,0.0,-0.0,0,-0.0,0.0,-0.440209299325943,0.0,0.0,0.0,0.0,106,3.529678408946232,1.0,0.14727685909788563,0.0,0.0,0.0,-0.4808776378631592,CityLearnV3MADRLRewardFunction,maac_unified_comparable_v4,E1,-0.0,1907,14.133936100907311,1.0,0.13253982093157837,0.0,1
8,0.0,0.0,0.0,0.0,Building_10,9,MAAC,0.7900000214576721,False,0.0,0.0,0.0,0.43466824293136597,0,0,0.0,0.0,-0.0,0,-0.0,0.0,-0.45351532101631165,0.0,0.0,0.0,0.0,78,3.3837904344710794,1.0,0.18562943305676946,0.0,0.0,0.0,-0.4808776378631592,CityLearnV3MADRLRewardFunction,maac_unified_comparable_v4,E1,-0.0,1907,14.133936100907311,1.0,0.13253982093157837,0.0,1
5,0.0,0.0,0.0,0.0,Building_11,10,MAAC,0.7900000214576721,False,0.0,0.0,0.0,0.43466824293136597,0,0,0.0,0.0,-0.0,0,-0.0,0.0,-0.5222524404525757,0.0,0.0,0.0,0.0,57,3.5403805670328476,1.0,0.27776590970001724,0.0,0.0,0.0,-0.4808776378631592,CityLearnV3MADRLRewardFunction,maac_unified_comparable_v4,E1,-0.0,1907,14.133936100907311,1.0,0.13253982093157837,0.0,1
5,0.0,0.0,0.0,0.0,Building_12,11,MAAC,0.7900000214576721,False,0.0,0.0,0.0,0.43466824293136597,0,0,0.0,0.0,-0.0,0,-0.0,0.0,-0.5358073115348816,0.0,0.0,0.0,0.0,57,3.4962380139454767,1.0,0.2744191836631089,0.0,0.0,0.0,-0.4808776378631592,CityLearnV3MADRLRewardFunction,maac_unified_comparable_v4,E1,-0.0,1907,14.133936100907311,1.0,0.13253982093157837,0.0,1
13,0.0,0.0,0.0,0.0,Building_13,12,MAAC,0.7900000214576721,False,0.0,0.0,0.0,0.43466824293136597,0,0,0.0,0.0,-0.0,0,-0.0,0.0,-0.4297164976596832,0.0,0.0,0.0,0.0,113,3.4175228854689714,1.0,0.1292976727791592,0.0,0.0,0.0,-0.4808776378631592,CityLearnV3MADRLRewardFunction,maac_unified_comparable_v4,E1,-0.0,1907,14.133936100907311,1.0,0.13253982093157837,0.0,1
6,0.0,0.0,0.0,0.0,Building_14,13,MAAC,0.7900000214576721,False,0.0,0.0,0.0,0.43466824293136597,0,0,0.0,0.0,-0.0,0,-0.0,0.0,-0.43422025442123413,0.0,0.0,0.0,0.0,64,3.4308843135518807,1.0,0.22929084510542452,0.0,0.0,0.0,-0.4808776378631592,CityLearnV3MADRLRewardFunction,maac_unified_comparable_v4,E1,-0.0,1907,14.133936100907311,1.0,0.13253982093157837,0.0,1
10,1.0,0.0,-0.1,-1.0,Building_15,14,MAAC,0.7900000214576721,False,0.0,0.0,0.0,0.43466824293136597,0,0,0.0,0.0,-0.0,0,-0.0,0.0,-0.455189049243927,0.0,0.0,0.0,0.0,92,3.3986295796773476,1.0,0.15721253054621426,0.0,0.0,0.0,-0.4808776378631592,CityLearnV3MADRLRewardFunction,maac_unified_comparable_v4,E1,-0.0,1907,14.133936100907311,1.0,0.13253982093157837,0.0,1
13,0.0,0.0,0.0,0.0,Building_16,15,MAAC,0.7900000214576721,False,0.0,0.0,0.0,0.43466824293136597,0,0,0.0,0.0,-0.0,0,-0.0,0.0,-0.4951109290122986,0.0,0.0,0.0,0.0,113,3.376408750082525,1.0,0.12812193028167285,0.0,0.0,0.0,-0.4808776378631592,CityLearnV3MADRLRewardFunction,maac_unified_comparable_v4,E1,-0.0,1907,14.133936100907311,1.0,0.13253982093157837,0.0,1
13,0.0,0.0,0.0,0.0,Building_17,16,MAAC,0.7900000214576721,False,0.0,0.0,0.0,0.43466824293136597,0,0,0.0,0.0,-0.0,0,-0.0,0.0,-0.5005115866661072,0.0,0.0,0.0,0.0,113,3.4928962461426605,1.0,0.13702333118535776,0.0,0.0,0.0,-0.4808776378631592,CityLearnV3MADRLRewardFunction,maac_unified_comparable_v4,E1,-0.0,1907,14.133936100907311,1.0,0.13253982093157837,0.0,1
6,0.0,0.0,0.0,0.0,Building_1,0,MAAC,0.7355039715766907,False,0.0,0.0,0.0,0.6865697503089905,0,10,0.0,0.0,-0.0,10,-0.0,0.0,-0.8182332515716553,0.0,0.0,0.0,0.0,64,2.9863342599952087,1.0,0.24338781920960173,0.0,-0.0,84.35050030059814,-0.7715773582458496,CityLearnV3MADRLRewardFunction,maac_unified_comparable_v4,E1,-84.35050030059814,1907,14.295048037681342,1.0,0.17166178010738156,0.0,11
8,0.0,0.0,0.0,0.0,Building_2,1,MAAC,0.7355039715766907,False,0.0,0.0,0.0,0.6865697503089905,0,10,0.0,0.0,-0.0,10,-0.0,0.0,-0.7081360816955566,0.0,0.0,0.0,0.0,78,3.0244836766654,1.0,0.19629881172799146,0.0,-0.0,48.33913696289063,-0.7715773582458496,CityLearnV3MADRLRewardFunction,maac_unified_comparable_v4,E1,-48.33913696289063,1907,14.295048037681342,1.0,0.17166178010738156,0.0,11
10,0.0,0.0,0.0,0.0,Building_3,2,MAAC,0.7355039715766907,False,0.0,0.0,0.0,0.6865697503089905,0,10,0.0,0.0,-0.0,10,-0.0,0.0,-0.8276593685150146,0.0,0.0,0.0,0.0,92,4.118951438906788,1.0,0.2784966387704987,0.0,-0.0,32.502214985656735,-0.7715773582458496,CityLearnV3MADRLRewardFunction,maac_unified_comparable_v4,E1,-32.502214985656735,1907,14.295048037681342,1.0,0.17166178010738156,0.0,11
8,0.0,0.0,0.0,0.0,Building_4,3,MAAC,0.7355039715766907,False,0.0,0.0,0.0,0.6865697503089905,0,10,0.0,0.0,-0.0,10,-0.0,0.0,-0.815085232257843,0.0,0.0,0.0,0.0,78,3.8088047864104904,1.0,0.29358835396571803,0.0,-0.0,14.66307049446106,-0.7715773582458496,CityLearnV3MADRLRewardFunction,maac_unified_comparable_v4,E1,-14.66307049446106,1907,14.295048037681342,1.0,0.17166178010738156,0.0,11
5,0.0,0.0,0.0,0.0,Building_5,4,MAAC,0.7355039715766907,False,0.0,0.0,0.0,0.6865697503089905,0,10,0.0,0.0,-0.0,10,-0.0,0.0,-0.809961199760437,0.0,0.0,0.0,0.0,57,3.3096238550215755,1.0,0.3147472188595617,0.0,-0.0,4.613323079681397,-0.7715773582458496,CityLearnV3MADRLRewardFunction,maac_unified_comparable_v4,E1,-4.613323079681397,1907,14.295048037681342,1.0,0.17166178010738156,0.0,11
34,1.0,1.0,0.029411764705882353,0.0,Building_6,5,MAAC,0.7355039715766907,False,0.0,0.0,0.0,0.6865697503089905,0,10,0.0,0.0,-0.0,10,-0.0,0.0,-0.7700062990188599,0.0,0.0,0.0,0.0,260,5.331894576929369,1.0,0.15446433399159173,0.0,-0.0,128.4483008436203,-0.7715773582458496,CityLearnV3MADRLRewardFunction,maac_unified_comparable_v4,E1,-128.4483008436203,1907,14.295048037681342,1.0,0.17166178010738156,0.0,11
44,1.0,1.0,0.022727272727272728,0.0,Building_7,6,MAAC,0.7355039715766907,False,0.0,0.0,0.0,0.6865697503089905,0,10,0.0,0.0,-0.0,10,-0.0,0.0,-0.7109196186065674,0.0,0.0,0.0,0.0,330,3.003252016209982,1.0,0.04619675874427864,0.0,-0.0,43.44595023078919,-0.7715773582458496,CityLearnV3MADRLRewardFunction,maac_unified_comparable_v4,E1,-43.44595023078919,1907,14.295048037681342,1.0,0.17166178010738156,0.0,11
19,1.0,0.0,-0.05263157894736842,-1.0,Building_8,7,MAAC,0.7355039715766907,False,0.0,0.0,0.0,0.6865697503089905,0,10,0.0,0.0,-0.0,10,-0.0,0.0,-0.762877345085144,0.0,0.0,0.0,0.0,155,2.9831982921546527,1.0,0.09732608610103208,0.0,-0.0,130.93504944992065,-0.7715773582458496,CityLearnV3MADRLRewardFunction,maac_unified_comparable_v4,E1,-130.93504944992065,1907,14.295048037681342,1.0,0.17166178010738156,0.0,11
12,0.0,0.0,0.0,0.0,Building_9,8,MAAC,0.7355039715766907,False,0.0,0.0,0.0,0.6865697503089905,0,10,0.0,0.0,-0.0,10,-0.0,0.0,-0.7269165515899658,0.0,0.0,0.0,0.0,106,3.125530022374799,1.0,0.1529729800158233,0.0,-0.0,23.139174634742737,-0.7715773582458496,CityLearnV3MADRLRewardFunction,maac_unified_comparable_v4,E1,-23.139174634742737,1907,14.295048037681342,1.0,0.17166178010738156,0.0,11
8,0.0,0.0,0.0,0.0,Building_10,9,MAAC,0.7355039715766907,False,0.0,0.0,0.0,0.6865697503089905,0,10,0.0,0.0,-0.0,10,-0.0,0.0,-0.7702118754386902,0.0,0.0,0.0,0.0,78,2.970940082385045,1.0,0.19448114124437174,0.0,-0.0,86.3135962863922,-0.7715773582458496,CityLearnV3MADRLRewardFunction,maac_unified_comparable_v4,E1,-86.3135962863922,1907,14.295048037681342,1.0,0.17166178010738156,0.0,11
5,0.0,0.0,0.0,0.0,Building_11,10,MAAC,0.7355039715766907,False,0.0,0.0,0.0,0.6865697503089905,0,10,0.0,0.0,-0.0,10,-0.0,0.0,-0.7949205040931702,0.0,0.0,0.0,0.0,57,3.635745595109104,1.0,0.36554098596567647,0.0,-0.0,248.94497506694796,-0.7715773582458496,CityLearnV3MADRLRewardFunction,maac_unified_comparable_v4,E1,-248.94497506694796,1907,14.295048037681342,1.0,0.17166178010738156,0.0,11
5,0.0,0.0,0.0,0.0,Building_12,11,MAAC,0.7355039715766907,False,0.0,0.0,0.0,0.6865697503089905,0,10,0.0,0.0,-0.0,10,-0.0,0.0,-0.7954274415969849,0.0,0.0,0.0,0.0,57,3.904620766414402,1.0,0.4160177446248239,0.0,-0.0,112.3538725233078,-0.7715773582458496,CityLearnV3MADRLRewardFunction,maac_unified_comparable_v4,E1,-112.3538725233078,1907,14.295048037681342,1.0,0.17166178010738156,0.0,11
13,0.0,0.0,0.0,0.0,Building_13,12,MAAC,0.7355039715766907,False,0.0,0.0,0.0,0.6865697503089905,0,10,0.0,0.0,-0.0,10,-0.0,0.0,-0.7093998193740845,0.0,0.0,0.0,0.0,113,2.9766138669711246,1.0,0.13276043771642498,0.0,-0.0,14.889496654891968,-0.7715773582458496,CityLearnV3MADRLRewardFunction,maac_unified_comparable_v4,E1,-14.889496654891968,1907,14.295048037681342,1.0,0.17166178010738156,0.0,11
6,0.0,0.0,0.0,0.0,Building_14,13,MAAC,0.7355039715766907,False,0.0,0.0,0.0,0.6865697503089905,0,10,0.0,0.0,-0.0,10,-0.0,0.0,-0.792034924030304,0.0,0.0,0.0,0.0,64,3.748854666374531,1.0,0.34443223173730075,0.0,-0.0,109.3443753358841,-0.7715773582458496,CityLearnV3MADRLRewardFunction,maac_unified_comparable_v4,E1,-109.3443753358841,1907,14.295048037681342,1.0,0.17166178010738156,0.0,11
10,1.0,1.0,0.1,0.0,Building_15,14,MAAC,0.7355039715766907,False,0.0,0.0,0.0,0.6865697503089905,0,10,0.0,0.0,-0.0,10,-0.0,0.0,-0.7158207297325134,0.0,0.0,0.0,0.0,92,3.020501152292475,1.0,0.16673962231320533,0.0,-0.0,57.1334126247406,-0.7715773582458496,CityLearnV3MADRLRewardFunction,maac_unified_comparable_v4,E1,-57.1334126247406,1907,14.295048037681342,1.0,0.17166178010738156,0.0,11
13,0.0,0.0,0.0,0.0,Building_16,15,MAAC,0.7355039715766907,False,0.0,0.0,0.0,0.6865697503089905,0,10,0.0,0.0,-0.0,10,-0.0,0.0,-0.7942347526550293,0.0,0.0,0.0,0.0,113,3.0016856677160844,1.0,0.1348642581430948,0.0,-0.0,59.74969893264771,-0.7715773582458496,CityLearnV3MADRLRewardFunction,maac_unified_comparable_v4,E1,-59.74969893264771,1907,14.295048037681342,1.0,0.17166178010738156,0.0,11
13,0.0,0.0,0.0,0.0,Building_17,16,MAAC,0.7355039715766907,False,0.0,0.0,0.0,0.6865697503089905,0,10,0.0,0.0,-0.0,10,-0.0,0.0,-0.7949694395065308,0.0,0.0,0.0,0.0,113,3.066011646773553,1.0,0.14122744461735792,0.0,-0.0,9.348457376480102,-0.7715773582458496,CityLearnV3MADRLRewardFunction,maac_unified_comparable_v4,E1,-9.348457376480102,1907,14.295048037681342,1.0,0.17166178010738156,0.0,11
6,0.0,0.0,0.0,0.0,Building_1,0,MAAC,0.7900000214576721,False,0.0,0.0,0.0,0.5005270838737488,0,20,0.0,0.0,-0.0,20,-0.0,0.0,-0.7582338452339172,0.0,0.0,0.0,0.0,64,3.344177587868136,1.0,0.22704477072693408,0.0,0.0,0.0,-0.7051876783370972,CityLearnV3MADRLRewardFunction,maac_unified_comparable_v4,E1,-0.0,1907,14.074566090025296,1.0,0.1342382844875449,0.0,21
8,0.0,0.0,0.0,0.0,Building_2,1,MAAC,0.7900000214576721,False,0.0,0.0,0.0,0.5005270838737488,0,20,0.0,0.0,-0.0,20,-0.0,0.0,-0.648003339767456,0.0,0.0,0.0,0.0,78,3.387840181668865,1.0,0.18582440454226273,0.0,0.0,0.0,-0.7051876783370972,CityLearnV3MADRLRewardFunction,maac_unified_comparable_v4,E1,-0.0,1907,14.074566090025296,1.0,0.1342382844875449,0.0,21
10,0.0,0.0,0.0,0.0,Building_3,2,MAAC,0.7900000214576721,False,0.0,0.0,0.0,0.5005270838737488,0,20,0.0,0.0,-0.0,20,-0.0,0.0,-0.7490119338035583,0.0,0.0,0.0,0.0,92,3.4146638153651976,1.0,0.16722512415245824,0.0,0.0,0.0,-0.7051876783370972,CityLearnV3MADRLRewardFunction,maac_unified_comparable_v4,E1,-0.0,1907,14.074566090025296,1.0,0.1342382844875449,0.0,21
8,0.0,0.0,0.0,0.0,Building_4,3,MAAC,0.7900000214576721,False,0.0,0.0,0.0,0.5005270838737488,0,20,0.0,0.0,-0.0,20,-0.0,0.0,-0.7512057423591614,0.0,0.0,0.0,0.0,78,3.236007358005703,1.0,0.17816041218928802,0.0,0.0,0.0,-0.7051876783370972,CityLearnV3MADRLRewardFunction,maac_unified_comparable_v4,E1,-0.0,1907,14.074566090025296,1.0,0.1342382844875449,0.0,21
5,0.0,0.0,0.0,0.0,Building_5,4,MAAC,0.7900000214576721,False,0.0,0.0,0.0,0.5005270838737488,0,20,0.0,0.0,-0.0,20,-0.0,0.0,-0.7460583448410034,0.0,0.0,0.0,0.0,57,3.8770666905131224,1.0,0.3495349708879203,0.0,0.0,0.0,-0.7051876783370972,CityLearnV3MADRLRewardFunction,maac_unified_comparable_v4,E1,-0.0,1907,14.074566090025296,1.0,0.1342382844875449,0.0,21
34,1.0,1.0,0.029411764705882353,0.0,Building_6,5,MAAC,0.7900000214576721,False,0.0,0.0,0.0,0.5005270838737488,0,20,0.0,0.0,-0.0,20,-0.0,0.0,-0.7582848072052002,0.0,0.0,0.0,0.0,260,3.227138416125807,1.0,0.05328383594751358,0.0,0.0,0.0,-0.7051876783370972,CityLearnV3MADRLRewardFunction,maac_unified_comparable_v4,E1,-0.0,1907,14.074566090025296,1.0,0.1342382844875449,0.0,21
44,0.0,0.0,0.0,0.0,Building_7,6,MAAC,0.7900000214576721,False,0.0,0.0,0.0,0.5005270838737488,0,20,0.0,0.0,-0.0,20,-0.0,0.0,-0.6642352938652039,0.0,0.0,0.0,0.0,330,3.3685413933943673,1.0,0.043849589969172625,0.0,0.0,0.0,-0.7051876783370972,CityLearnV3MADRLRewardFunction,maac_unified_comparable_v4,E1,-0.0,1907,14.074566090025296,1.0,0.1342382844875449,0.0,21
19,1.0,1.0,0.05263157894736842,0.0,Building_8,7,MAAC,0.7900000214576721,False,0.0,0.0,0.0,0.5005270838737488,0,20,0.0,0.0,-0.0,20,-0.0,0.0,-0.6718645691871643,0.0,0.0,0.0,0.0,155,3.375302080014413,1.0,0.09423448827958876,0.0,0.0,0.0,-0.7051876783370972,CityLearnV3MADRLRewardFunction,maac_unified_comparable_v4,E1,-0.0,1907,14.074566090025296,1.0,0.1342382844875449,0.0,21
12,0.0,0.0,0.0,0.0,Building_9,8,MAAC,0.7900000214576721,False,0.0,0.0,0.0,0.5005270838737488,0,20,0.0,0.0,-0.0,20,-0.0,0.0,-0.643451452255249,0.0,0.0,0.0,0.0,106,3.707665238536297,1.0,0.16598557413748974,0.0,0.0,0.0,-0.7051876783370972,CityLearnV3MADRLRewardFunction,maac_unified_comparable_v4,E1,-0.0,1907,14.074566090025296,1.0,0.1342382844875449,0.0,21
8,1.0,0.0,-0.125,-1.0,Building_10,9,MAAC,0.7900000214576721,False,0.0,0.0,0.0,0.5005270838737488,0,20,0.0,0.0,-0.0,20,-0.0,0.0,-0.7029327750205994,0.0,0.0,0.0,0.0,78,3.2853305734774914,1.0,0.1792323614637821,0.0,0.0,0.0,-0.7051876783370972,CityLearnV3MADRLRewardFunction,maac_unified_comparable_v4,E1,-0.0,1907,14.074566090025296,1.0,0.1342382844875449,0.0,21
5,0.0,0.0,0.0,0.0,Building_11,10,MAAC,0.7900000214576721,False,0.0,0.0,0.0,0.5005270838737488,0,20,0.0,0.0,-0.0,20,-0.0,0.0,-0.7391423583030701,0.0,0.0,0.0,0.0,57,3.433211502103003,1.0,0.26390940277722846,0.0,0.0,0.0,-0.7051876783370972,CityLearnV3MADRLRewardFunction,maac_unified_comparable_v4,E1,-0.0,1907,14.074566090025296,1.0,0.1342382844875449,0.0,21
5,0.0,0.0,0.0,0.0,Building_12,11,MAAC,0.7900000214576721,False,0.0,0.0,0.0,0.5005270838737488,0,20,0.0,0.0,-0.0,20,-0.0,0.0,-0.7522799372673035,0.0,0.0,0.0,0.0,57,3.4143872524948153,1.0,0.2647390340765317,0.0,0.0,0.0,-0.7051876783370972,CityLearnV3MADRLRewardFunction,maac_unified_comparable_v4,E1,-0.0,1907,14.074566090025296,1.0,0.1342382844875449,0.0,21
13,1.0,1.0,0.07692307692307693,0.0,Building_13,12,MAAC,0.7900000214576721,False,0.0,0.0,0.0,0.5005270838737488,0,20,0.0,0.0,-0.0,20,-0.0,0.0,-0.6475947499275208,0.0,0.0,0.0,0.0,113,3.345370716594508,1.0,0.1255485150402626,0.0,0.0,0.0,-0.7051876783370972,CityLearnV3MADRLRewardFunction,maac_unified_comparable_v4,E1,-0.0,1907,14.074566090025296,1.0,0.1342382844875449,0.0,21
6,0.0,0.0,0.0,0.0,Building_14,13,MAAC,0.7900000214576721,False,0.0,0.0,0.0,0.5005270838737488,0,20,0.0,0.0,-0.0,20,-0.0,0.0,-0.6519808769226074,0.0,0.0,0.0,0.0,64,3.3746863566862797,1.0,0.22595725394785404,0.0,0.0,0.0,-0.7051876783370972,CityLearnV3MADRLRewardFunction,maac_unified_comparable_v4,E1,-0.0,1907,14.074566090025296,1.0,0.1342382844875449,0.0,21
10,0.0,0.0,0.0,0.0,Building_15,14,MAAC,0.7900000214576721,False,0.0,0.0,0.0,0.5005270838737488,0,20,0.0,0.0,-0.0,20,-0.0,0.0,-0.6909207105636597,0.0,0.0,0.0,0.0,92,3.394451055789428,1.0,0.1604433863059334,0.0,0.0,0.0,-0.7051876783370972,CityLearnV3MADRLRewardFunction,maac_unified_comparable_v4,E1,-0.0,1907,14.074566090025296,1.0,0.1342382844875449,0.0,21
13,0.0,0.0,0.0,0.0,Building_16,15,MAAC,0.7900000214576721,False,0.0,0.0,0.0,0.5005270838737488,0,20,0.0,0.0,-0.0,20,-0.0,0.0,-0.697635293006897,0.0,0.0,0.0,0.0,113,3.3781785083856333,1.0,0.12866811414735507,0.0,0.0,0.0,-0.7051876783370972,CityLearnV3MADRLRewardFunction,maac_unified_comparable_v4,E1,-0.0,1907,14.074566090025296,1.0,0.1342382844875449,0.0,21
13,0.0,0.0,0.0,0.0,Building_17,16,MAAC,0.7900000214576721,False,0.0,0.0,0.0,0.5005270838737488,0,20,0.0,0.0,-0.0,20,-0.0,0.0,-0.7153535485267639,0.0,0.0,0.0,0.0,113,3.4081355893622605,1.0,0.13430021380164983,0.0,0.0,0.0,-0.7051876783370972,CityLearnV3MADRLRewardFunction,maac_unified_comparable_v4,E1,-0.0,1907,14.074566090025296,1.0,0.1342382844875449,0.0,21
6,0.0,0.0,0.0,0.0,Building_1,0,MAAC,0.7676349878311157,False,0.0,0.0,0.0,0.6865697503089905,0,30,0.0,0.0,-0.0,30,-0.0,0.0,-0.8345452547073364,0.0,0.0,0.0,0.0,64,4.86721498917809,1.600000023841858,0.4838662178372033,0.0,0.0,0.0,-0.7936506867408752,CityLearnV3MADRLRewardFunction,maac_unified_comparable_v4,E1,-0.0,1907,19.576684128149186,1.0,0.2726321789593786,0.0,31
8,0.0,0.0,0.0,0.0,Building_2,1,MAAC,0.7676349878311157,False,0.0,0.0,0.0,0.6865697503089905,0,30,0.0,0.0,-0.0,30,-0.0,0.0,-0.7273877859115601,0.0,0.0,0.0,0.0,78,3.9786841125661527,1.600000023841858,0.2518317839847161,0.0,0.0,0.0,-0.7936506867408752,CityLearnV3MADRLRewardFunction,maac_unified_comparable_v4,E1,-0.0,1907,19.576684128149186,1.0,0.2726321789593786,0.0,31
10,0.0,0.0,0.0,0.0,Building_3,2,MAAC,0.7676349878311157,False,0.0,0.0,0.0,0.6865697503089905,0,30,0.0,0.0,-0.0,30,-0.0,0.0,-0.8219603300094604,0.0,0.0,0.0,0.0,92,4.704884657725921,1.840000033378601,0.30141369654270617,0.0,0.0,0.0,-0.7936506867408752,CityLearnV3MADRLRewardFunction,maac_unified_comparable_v4,E1,-0.0,1907,19.576684128149186,1.0,0.2726321789593786,0.0,31
8,0.0,0.0,0.0,0.0,Building_4,3,MAAC,0.7676349878311157,False,0.0,0.0,0.0,0.6865697503089905,0,30,0.0,0.0,-0.0,30,-0.0,0.0,-0.7952089905738831,0.0,0.0,0.0,0.0,78,3.5453283886414164,1.0,0.2304884823373495,0.0,0.0,0.0,-0.7936506867408752,CityLearnV3MADRLRewardFunction,maac_unified_comparable_v4,E1,-0.0,1907,19.576684128149186,1.0,0.2726321789593786,0.0,31
5,1.0,0.0,-0.2,-1.0,Building_5,4,MAAC,0.7676349878311157,False,0.0,0.0,0.0,0.6865697503089905,0,30,0.0,0.0,-0.0,30,-0.0,0.0,-0.8194265365600586,0.0,0.0,0.0,0.0,57,4.055417546348127,1.840000033378601,0.3592375124428879,0.0,0.0,0.0,-0.7936506867408752,CityLearnV3MADRLRewardFunction,maac_unified_comparable_v4,E1,-0.0,1907,19.576684128149186,1.0,0.2726321789593786,0.0,31
34,1.0,1.0,0.029411764705882353,0.0,Building_6,5,MAAC,0.7676349878311157,False,0.0,0.0,0.0,0.6865697503089905,0,30,0.0,0.0,-0.0,30,-0.0,0.0,-0.8284969925880432,0.0,0.0,0.0,0.0,260,3.3654622054378436,0.9829629063606262,0.0635451470859922,0.0,0.0,0.0,-0.7936506867408752,CityLearnV3MADRLRewardFunction,maac_unified_comparable_v4,E1,-0.0,1907,19.576684128149186,1.0,0.2726321789593786,0.0,31
44,1.0,1.0,0.022727272727272728,0.0,Building_7,6,MAAC,0.7676349878311157,False,0.0,0.0,0.0,0.6865697503089905,0,30,0.0,0.0,-0.0,30,-0.0,0.0,-0.8639278411865234,0.0,0.0,0.0,0.0,330,7.36285082688293,1.6799999475479126,0.2092546457932754,0.0,0.0,0.0,-0.7936506867408752,CityLearnV3MADRLRewardFunction,maac_unified_comparable_v4,E1,-0.0,1907,19.576684128149186,1.0,0.2726321789593786,0.0,31
19,0.0,0.0,0.0,0.0,Building_8,7,MAAC,0.7676349878311157,False,0.0,0.0,0.0,0.6865697503089905,0,30,0.0,0.0,-0.0,30,-0.0,0.0,-0.7408252358436584,0.0,0.0,0.0,0.0,155,6.216716149685017,1.559999942779541,0.32005783970798213,0.0,0.0,0.0,-0.7936506867408752,CityLearnV3MADRLRewardFunction,maac_unified_comparable_v4,E1,-0.0,1907,19.576684128149186,1.0,0.2726321789593786,0.0,31
12,1.0,1.0,0.08333333333333333,0.0,Building_9,8,MAAC,0.7676349878311157,False,0.0,0.0,0.0,0.6865697503089905,0,30,0.0,0.0,-0.0,30,-0.0,0.0,-0.7381132245063782,0.0,0.0,0.0,0.0,106,3.9741545016927144,1.840000033378601,0.18293091384166815,0.0,0.0,0.0,-0.7936506867408752,CityLearnV3MADRLRewardFunction,maac_unified_comparable_v4,E1,-0.0,1907,19.576684128149186,1.0,0.2726321789593786,0.0,31
12,1.0,1.0,0.08333333333333333,0.0,Building_9,8,MAAC,0.7900000214576721,False,0.0,0.0,0.0,0.28695225715637207,4,8730,0.0,0.0,-0.0,43770,-0.0,0.0,-0.7048318982124329,0.0,0.0,0.0,0.0,106,3.396720429918627,1.0,0.13020778053774024,-0.15608292818069458,0.0,0.0,-0.7566520571708679,CityLearnV3MADRLRewardFunction,maac_unified_comparable_v4,E1,-0.0,1907,13.682191839502131,1.0,0.12212659191954578,0.0,8735
8,0.0,0.0,0.0,0.0,Building_10,9,MAAC,0.7900000214576721,False,0.0,0.0,0.0,0.28695225715637207,4,8730,0.0,0.0,-0.0,43770,-0.0,0.0,-0.7641759514808655,0.0,0.0,0.0,0.0,78,3.2814814788555124,1.0,0.17076456183806443,-0.15608292818069458,0.0,0.0,-0.7566520571708679,CityLearnV3MADRLRewardFunction,maac_unified_comparable_v4,E1,-0.0,1907,13.682191839502131,1.0,0.12212659191954578,0.0,8735
5,0.0,0.0,0.0,0.0,Building_11,10,MAAC,0.7900000214576721,False,0.0,0.0,0.0,0.28695225715637207,4,8730,0.0,0.0,-0.0,43770,-0.0,0.0,-0.7887762784957886,0.0,0.0,0.0,0.0,57,3.2774325378862716,1.0,0.23084180893605216,-0.15608292818069458,0.0,0.0,-0.7566520571708679,CityLearnV3MADRLRewardFunction,maac_unified_comparable_v4,E1,-0.0,1907,13.682191839502131,1.0,0.12212659191954578,0.0,8735
5,0.0,0.0,0.0,0.0,Building_12,11,MAAC,0.7900000214576721,False,0.0,0.0,0.0,0.28695225715637207,4,8730,0.0,0.0,-0.0,43770,-0.0,0.0,-0.8036853075027466,0.0,0.0,0.0,0.0,57,3.2764380004530365,1.0,0.23373067445170723,-0.15608292818069458,0.0,0.0,-0.7566520571708679,CityLearnV3MADRLRewardFunction,maac_unified_comparable_v4,E1,-0.0,1907,13.682191839502131,1.0,0.12212659191954578,0.0,8735
13,0.0,0.0,0.0,0.0,Building_13,12,MAAC,0.7900000214576721,False,0.0,0.0,0.0,0.28695225715637207,4,8730,0.0,0.0,-0.0,43770,-0.0,0.0,-0.6951366066932678,0.0,0.0,0.0,0.0,113,3.326626860778493,1.0,0.11923452829365182,-0.15608292818069458,0.0,0.0,-0.7566520571708679,CityLearnV3MADRLRewardFunction,maac_unified_comparable_v4,E1,-0.0,1907,13.682191839502131,1.0,0.12212659191954578,0.0,8735
6,0.0,0.0,0.0,0.0,Building_14,13,MAAC,0.7900000214576721,False,0.0,0.0,0.0,0.28695225715637207,4,8730,0.0,0.0,-0.0,43770,-0.0,0.0,-0.7007123231887817,0.0,0.0,0.0,0.0,64,3.361674639841166,1.0,0.21350139356218278,-0.15608292818069458,0.0,0.0,-0.7566520571708679,CityLearnV3MADRLRewardFunction,maac_unified_comparable_v4,E1,-0.0,1907,13.682191839502131,1.0,0.12212659191954578,0.0,8735
10,0.0,0.0,0.0,0.0,Building_15,14,MAAC,0.7900000214576721,False,0.0,0.0,0.0,0.28695225715637207,4,8730,0.0,0.0,-0.0,43770,-0.0,0.0,-0.7536797523498535,0.0,0.0,0.0,0.0,92,3.448345001356326,1.0,0.1536184691864511,-0.15608292818069458,0.0,0.0,-0.7566520571708679,CityLearnV3MADRLRewardFunction,maac_unified_comparable_v4,E1,-0.0,1907,13.682191839502131,1.0,0.12212659191954578,0.0,8735
13,0.0,0.0,0.0,0.0,Building_16,15,MAAC,0.7900000214576721,False,0.0,0.0,0.0,0.28695225715637207,4,8730,0.0,0.0,-0.0,43770,-0.0,0.0,-0.764043927192688,0.0,0.0,0.0,0.0,113,3.266308581014241,1.0,0.11563233450978203,-0.15608292818069458,0.0,0.0,-0.7566520571708679,CityLearnV3MADRLRewardFunction,maac_unified_comparable_v4,E1,-0.0,1907,13.682191839502131,1.0,0.12212659191954578,0.0,8735
13,0.0,0.0,0.0,0.0,Building_17,16,MAAC,0.7900000214576721,False,0.0,0.0,0.0,0.28695225715637207,4,8730,0.0,0.0,-0.0,43770,-0.0,0.0,-0.7616509795188904,0.0,0.0,0.0,0.0,113,3.2324893409739497,1.0,0.11456289533855377,-0.15608292818069458,0.0,0.0,-0.7566520571708679,CityLearnV3MADRLRewardFunction,maac_unified_comparable_v4,E1,-0.0,1907,13.682191839502131,1.0,0.12212659191954578,0.0,8735
6,0.0,0.0,0.0,0.0,Building_1,0,MAAC,0.7374449968338013,False,0.0,0.0,0.0,0.5558767318725586,4,8740,0.0,0.0,-0.0,43780,-0.0,0.0,-0.8671863079071045,0.0,0.0,0.0,0.0,64,3.18701221701861,1.0,0.23735226946882904,0.0,0.0,0.0,-0.8426506519317627,CityLearnV3MADRLRewardFunction,maac_unified_comparable_v4,E1,-0.0,1907,15.093955266280211,1.0,0.1670255120843649,0.0,8745
8,0.0,0.0,0.0,0.0,Building_2,1,MAAC,0.7374449968338013,False,0.0,0.0,0.0,0.5558767318725586,4,8740,0.0,0.0,-0.0,43780,-0.0,0.0,-0.8257709741592407,0.0,0.0,0.0,0.0,78,3.1945491870146085,1.0,0.18926630981075457,0.0,0.0,0.0,-0.8426506519317627,CityLearnV3MADRLRewardFunction,maac_unified_comparable_v4,E1,-0.0,1907,15.093955266280211,1.0,0.1670255120843649,0.0,8745
10,1.0,0.0,-0.1,-1.0,Building_3,2,MAAC,0.7374449968338013,False,0.0,0.0,0.0,0.5558767318725586,4,8740,0.0,0.0,-0.0,43780,-0.0,0.0,-0.7647339701652527,0.0,0.0,0.0,0.0,92,494.855501451764,350.32000732421875,7.929889735077387,0.0,0.0,0.0,-0.8426506519317627,CityLearnV3MADRLRewardFunction,maac_unified_comparable_v4,E1,-0.0,1907,15.093955266280211,1.0,0.1670255120843649,0.0,8745
8,0.0,0.0,0.0,0.0,Building_4,3,MAAC,0.7374449968338013,False,0.0,0.0,0.0,0.5558767318725586,4,8740,0.0,0.0,-0.0,43780,-0.0,0.0,-0.8603308796882629,0.0,0.0,0.0,0.0,78,495.017516562289,350.20001220703125,9.23283197864508,0.0,0.0,0.0,-0.8426506519317627,CityLearnV3MADRLRewardFunction,maac_unified_comparable_v4,E1,-0.0,1907,15.093955266280211,1.0,0.1670255120843649,0.0,8745
5,0.0,0.0,0.0,0.0,Building_5,4,MAAC,0.7374449968338013,False,0.0,0.0,0.0,0.5558767318725586,4,8740,0.0,0.0,-0.0,43780,-0.0,0.0,-0.8619231581687927,0.0,0.0,0.0,0.0,57,494.84440661638575,350.32000732421875,12.545745556618561,0.0,0.0,0.0,-0.8426506519317627,CityLearnV3MADRLRewardFunction,maac_unified_comparable_v4,E1,-0.0,1907,15.093955266280211,1.0,0.1670255120843649,0.0,8745
34,1.0,1.0,0.029411764705882353,0.0,Building_6,5,MAAC,0.7374449968338013,False,0.0,0.0,0.0,0.5558767318725586,4,8740,0.0,0.0,-0.0,43780,-0.0,0.0,-0.8677310347557068,0.0,0.0,0.0,0.0,260,495.0197280606386,350.20001220703125,2.7810296387913134,0.0,0.0,0.0,-0.8426506519317627,CityLearnV3MADRLRewardFunction,maac_unified_comparable_v4,E1,-0.0,1907,15.093955266280211,1.0,0.1670255120843649,0.0,8745
44,1.0,1.0,0.022727272727272728,0.0,Building_7,6,MAAC,0.7374449968338013,False,0.0,0.0,0.0,0.5558767318725586,4,8740,0.0,0.0,-0.0,43780,-0.0,0.0,-0.8511884212493896,0.0,0.0,0.0,0.0,330,3.2050198724983847,1.0,0.045842316583024734,0.0,0.0,0.0,-0.8426506519317627,CityLearnV3MADRLRewardFunction,maac_unified_comparable_v4,E1,-0.0,1907,15.093955266280211,1.0,0.1670255120843649,0.0,8745
19,0.0,0.0,0.0,0.0,Building_8,7,MAAC,0.7374449968338013,False,0.0,0.0,0.0,0.5558767318725586,4,8740,0.0,0.0,-0.0,43780,-0.0,0.0,-0.8396601676940918,0.0,0.0,0.0,0.0,155,3.2369121453503875,1.0,0.09889793054711433,0.0,0.0,0.0,-0.8426506519317627,CityLearnV3MADRLRewardFunction,maac_unified_comparable_v4,E1,-0.0,1907,15.093955266280211,1.0,0.1670255120843649,0.0,8745
12,0.0,0.0,0.0,0.0,Building_9,8,MAAC,0.7374449968338013,False,0.0,0.0,0.0,0.5558767318725586,4,8740,0.0,0.0,-0.0,43780,-0.0,0.0,-0.7854401469230652,0.0,0.0,0.0,0.0,106,494.845056039005,350.32000732421875,6.751198019691795,0.0,0.0,0.0,-0.8426506519317627,CityLearnV3MADRLRewardFunction,maac_unified_comparable_v4,E1,-0.0,1907,15.093955266280211,1.0,0.1670255120843649,0.0,8745
8,0.0,0.0,0.0,0.0,Building_10,9,MAAC,0.7374449968338013,False,0.0,0.0,0.0,0.5558767318725586,4,8740,0.0,0.0,-0.0,43780,-0.0,0.0,-0.8665052652359009,0.0,0.0,0.0,0.0,78,3.257790272420818,1.0,0.20098410441707343,0.0,0.0,0.0,-0.8426506519317627,CityLearnV3MADRLRewardFunction,maac_unified_comparable_v4,E1,-0.0,1907,15.093955266280211,1.0,0.1670255120843649,0.0,8745
5,0.0,0.0,0.0,0.0,Building_11,10,MAAC,0.7374449968338013,False,0.0,0.0,0.0,0.5558767318725586,4,8740,0.0,0.0,-0.0,43780,-0.0,0.0,-0.859528124332428,0.0,0.0,0.0,0.0,57,494.84848783474405,350.32000732421875,12.638625904264158,0.0,0.0,0.0,-0.8426506519317627,CityLearnV3MADRLRewardFunction,maac_unified_comparable_v4,E1,-0.0,1907,15.093955266280211,1.0,0.1670255120843649,0.0,8745
5,0.0,0.0,0.0,0.0,Building_12,11,MAAC,0.7374449968338013,False,0.0,0.0,0.0,0.5558767318725586,4,8740,0.0,0.0,-0.0,43780,-0.0,0.0,-0.8560476303100586,0.0,0.0,0.0,0.0,57,494.84815506808155,350.32000732421875,12.63750186549467,0.0,0.0,0.0,-0.8426506519317627,CityLearnV3MADRLRewardFunction,maac_unified_comparable_v4,E1,-0.0,1907,15.093955266280211,1.0,0.1670255120843649,0.0,8745
13,0.0,0.0,0.0,0.0,Building_13,12,MAAC,0.7374449968338013,False,0.0,0.0,0.0,0.5558767318725586,4,8740,0.0,0.0,-0.0,43780,-0.0,0.0,-0.8172559142112732,0.0,0.0,0.0,0.0,113,3.274011350731981,1.0,0.138091637958995,0.0,0.0,0.0,-0.8426506519317627,CityLearnV3MADRLRewardFunction,maac_unified_comparable_v4,E1,-0.0,1907,15.093955266280211,1.0,0.1670255120843649,0.0,8745
6,0.0,0.0,0.0,0.0,Building_14,13,MAAC,0.7374449968338013,False,0.0,0.0,0.0,0.5558767318725586,4,8740,0.0,0.0,-0.0,43780,-0.0,0.0,-0.8558560013771057,0.0,0.0,0.0,0.0,64,494.9029524240163,350.1600036621094,11.219604166108184,0.0,0.0,0.0,-0.8426506519317627,CityLearnV3MADRLRewardFunction,maac_unified_comparable_v4,E1,-0.0,1907,15.093955266280211,1.0,0.1670255120843649,0.0,8745
10,1.0,0.0,-0.1,-1.0,Building_15,14,MAAC,0.7374449968338013,False,0.0,0.0,0.0,0.5558767318725586,4,8740,0.0,0.0,-0.0,43780,-0.0,0.0,-0.8519955277442932,0.0,0.0,0.0,0.0,92,3.3888894383250077,1.0,0.17483688315943532,0.0,0.0,0.0,-0.8426506519317627,CityLearnV3MADRLRewardFunction,maac_unified_comparable_v4,E1,-0.0,1907,15.093955266280211,1.0,0.1670255120843649,0.0,8745
13,0.0,0.0,0.0,0.0,Building_16,15,MAAC,0.7374449968338013,False,0.0,0.0,0.0,0.5558767318725586,4,8740,0.0,0.0,-0.0,43780,-0.0,0.0,-0.8500552773475647,0.0,0.0,0.0,0.0,113,3.166428225050743,1.0,0.1305157380689562,0.0,0.0,0.0,-0.8426506519317627,CityLearnV3MADRLRewardFunction,maac_unified_comparable_v4,E1,-0.0,1907,15.093955266280211,1.0,0.1670255120843649,0.0,8745
13,1.0,1.0,0.07692307692307693,0.0,Building_17,16,MAAC,0.7374449968338013,False,0.0,0.0,0.0,0.5558767318725586,4,8740,0.0,0.0,-0.0,43780,-0.0,0.0,-0.8438516855239868,0.0,0.0,0.0,0.0,113,494.8437383372631,350.32000732421875,6.322531354044918,0.0,0.0,0.0,-0.8426506519317627,CityLearnV3MADRLRewardFunction,maac_unified_comparable_v4,E1,-0.0,1907,15.093955266280211,1.0,0.1670255120843649,0.0,8745
6,0.0,0.0,0.0,0.0,Building_1,0,MAAC,0.7900000214576721,False,0.0,0.0,0.0,0.41939178109169006,4,8750,0.0,0.0,-0.0,43790,-0.0,0.0,-0.3510607182979584,0.0,0.0,0.0,0.0,64,2.9287503815695826,1.0,0.20190569676924497,0.0,0.0,0.0,-0.35989442467689514,CityLearnV3MADRLRewardFunction,maac_unified_comparable_v4,E1,-0.0,1907,13.388121118078475,1.0,0.13356815467236488,0.0,8755
8,0.0,0.0,0.0,0.0,Building_2,1,MAAC,0.7900000214576721,False,0.0,0.0,0.0,0.41939178109169006,4,8750,0.0,0.0,-0.0,43790,-0.0,0.0,-0.3510607182979584,0.0,0.0,0.0,0.0,78,3.070635449412559,1.0,0.17651696933003572,0.0,0.0,0.0,-0.35989442467689514,CityLearnV3MADRLRewardFunction,maac_unified_comparable_v4,E1,-0.0,1907,13.388121118078475,1.0,0.13356815467236488,0.0,8755
10,0.0,0.0,0.0,0.0,Building_3,2,MAAC,0.7900000214576721,False,0.0,0.0,0.0,0.41939178109169006,4,8750,0.0,0.0,-0.0,43790,-0.0,0.0,-0.3510607182979584,0.0,0.0,0.0,0.0,92,494.8424591694828,350.32000732421875,7.747929781594354,0.0,0.0,0.0,-0.35989442467689514,CityLearnV3MADRLRewardFunction,maac_unified_comparable_v4,E1,-0.0,1907,13.388121118078475,1.0,0.13356815467236488,0.0,8755
8,0.0,0.0,0.0,0.0,Building_4,3,MAAC,0.7900000214576721,False,0.0,0.0,0.0,0.41939178109169006,4,8750,0.0,0.0,-0.0,43790,-0.0,0.0,-0.3510633111000061,0.0,0.0,0.0,0.0,78,3.0757366154054187,1.0,0.1744476968470292,0.0,0.0,0.0,-0.35989442467689514,CityLearnV3MADRLRewardFunction,maac_unified_comparable_v4,E1,-0.0,1907,13.388121118078475,1.0,0.13356815467236488,0.0,8755
5,0.0,0.0,0.0,0.0,Building_5,4,MAAC,0.7900000214576721,False,0.0,0.0,0.0,0.41939178109169006,4,8750,0.0,0.0,-0.0,43790,-0.0,0.0,-0.3512309193611145,0.0,0.0,0.0,0.0,57,494.8452518214956,350.32000732421875,12.564861359695593,0.0,0.0,0.0,-0.35989442467689514,CityLearnV3MADRLRewardFunction,maac_unified_comparable_v4,E1,-0.0,1907,13.388121118078475,1.0,0.13356815467236488,0.0,8755
34,0.0,0.0,0.0,0.0,Building_6,5,MAAC,0.7900000214576721,False,0.0,0.0,0.0,0.41939178109169006,4,8750,0.0,0.0,-0.0,43790,-0.0,0.0,-0.4260607361793518,0.0,0.0,0.0,0.0,260,3.7726513196748095,1.0,0.07656059654859396,0.0,0.0,0.0,-0.35989442467689514,CityLearnV3MADRLRewardFunction,maac_unified_comparable_v4,E1,-0.0,1907,13.388121118078475,1.0,0.13356815467236488,0.0,8755
44,0.0,0.0,0.0,0.0,Building_7,6,MAAC,0.7900000214576721,False,0.0,0.0,0.0,0.41939178109169006,4,8750,0.0,0.0,-0.0,43790,-0.0,0.0,-0.3510607182979584,0.0,0.0,0.0,0.0,330,2.999915612108695,1.0,0.040519958079764336,0.0,0.0,0.0,-0.35989442467689514,CityLearnV3MADRLRewardFunction,maac_unified_comparable_v4,E1,-0.0,1907,13.388121118078475,1.0,0.13356815467236488,0.0,8755
19,0.0,0.0,0.0,0.0,Building_8,7,MAAC,0.7900000214576721,False,0.0,0.0,0.0,0.41939178109169006,4,8750,0.0,0.0,-0.0,43790,-0.0,0.0,-0.3510607182979584,0.0,0.0,0.0,0.0,155,2.991127416162708,1.0,0.08605182137220137,0.0,0.0,0.0,-0.35989442467689514,CityLearnV3MADRLRewardFunction,maac_unified_comparable_v4,E1,-0.0,1907,13.388121118078475,1.0,0.13356815467236488,0.0,8755
12,0.0,0.0,0.0,0.0,Building_9,8,MAAC,0.7900000214576721,False,0.0,0.0,0.0,0.41939178109169006,4,8750,0.0,0.0,-0.0,43790,-0.0,0.0,-0.4260607361793518,0.0,0.0,0.0,0.0,106,494.84907632231307,350.32000732421875,6.796317575956291,0.0,0.0,0.0,-0.35989442467689514,CityLearnV3MADRLRewardFunction,maac_unified_comparable_v4,E1,-0.0,1907,13.388121118078475,1.0,0.13356815467236488,0.0,8755
8,0.0,0.0,0.0,0.0,Building_10,9,MAAC,0.7900000214576721,False,0.0,0.0,0.0,0.41939178109169006,4,8750,0.0,0.0,-0.0,43790,-0.0,0.0,-0.3510607182979584,0.0,0.0,0.0,0.0,78,2.994797311628543,1.0,0.17191650212193146,0.0,0.0,0.0,-0.35989442467689514,CityLearnV3MADRLRewardFunction,maac_unified_comparable_v4,E1,-0.0,1907,13.388121118078475,1.0,0.13356815467236488,0.0,8755
5,1.0,1.0,0.2,0.0,Building_11,10,MAAC,0.7900000214576721,False,0.0,0.0,0.0,0.41939178109169006,4,8750,0.0,0.0,-0.0,43790,-0.0,0.0,-0.3510607182979584,0.0,0.0,0.0,0.0,57,494.8423785915069,350.32000732421875,12.50064151420405,0.0,0.0,0.0,-0.35989442467689514,CityLearnV3MADRLRewardFunction,maac_unified_comparable_v4,E1,-0.0,1907,13.388121118078475,1.0,0.13356815467236488,0.0,8755
5,0.0,0.0,0.0,0.0,Building_12,11,MAAC,0.7900000214576721,False,0.0,0.0,0.0,0.41939178109169006,4,8750,0.0,0.0,-0.0,43790,-0.0,0.0,-0.3510607182979584,0.0,0.0,0.0,0.0,57,494.8428000572292,350.32000732421875,12.508007314775075,0.0,0.0,0.0,-0.35989442467689514,CityLearnV3MADRLRewardFunction,maac_unified_comparable_v4,E1,-0.0,1907,13.388121118078475,1.0,0.13356815467236488,0.0,8755
13,0.0,0.0,0.0,0.0,Building_13,12,MAAC,0.7900000214576721,False,0.0,0.0,0.0,0.41939178109169006,4,8750,0.0,0.0,-0.0,43790,-0.0,0.0,-0.3510607182979584,0.0,0.0,0.0,0.0,113,3.009901262685149,1.0,0.11742567046817425,0.0,0.0,0.0,-0.35989442467689514,CityLearnV3MADRLRewardFunction,maac_unified_comparable_v4,E1,-0.0,1907,13.388121118078475,1.0,0.13356815467236488,0.0,8755
6,0.0,0.0,0.0,0.0,Building_14,13,MAAC,0.7900000214576721,False,0.0,0.0,0.0,0.41939178109169006,4,8750,0.0,0.0,-0.0,43790,-0.0,0.0,-0.3510607182979584,0.0,0.0,0.0,0.0,64,2.966721544024001,1.0,0.20334628620184958,0.0,0.0,0.0,-0.35989442467689514,CityLearnV3MADRLRewardFunction,maac_unified_comparable_v4,E1,-0.0,1907,13.388121118078475,1.0,0.13356815467236488,0.0,8755
10,0.0,0.0,0.0,0.0,Building_15,14,MAAC,0.7900000214576721,False,0.0,0.0,0.0,0.41939178109169006,4,8750,0.0,0.0,-0.0,43790,-0.0,0.0,-0.3510607182979584,0.0,0.0,0.0,0.0,92,3.253161111887918,1.0,0.15931492047789303,0.0,0.0,0.0,-0.35989442467689514,CityLearnV3MADRLRewardFunction,maac_unified_comparable_v4,E1,-0.0,1907,13.388121118078475,1.0,0.13356815467236488,0.0,8755
13,0.0,0.0,0.0,0.0,Building_16,15,MAAC,0.7900000214576721,False,0.0,0.0,0.0,0.41939178109169006,4,8750,0.0,0.0,-0.0,43790,-0.0,0.0,-0.3510607182979584,0.0,0.0,0.0,0.0,113,2.9407444052594633,1.0,0.11334229438705781,0.0,0.0,0.0,-0.35989442467689514,CityLearnV3MADRLRewardFunction,maac_unified_comparable_v4,E1,-0.0,1907,13.388121118078475,1.0,0.13356815467236488,0.0,8755
13,0.0,0.0,0.0,0.0,Building_17,16,MAAC,0.7900000214576721,False,0.0,0.0,0.0,0.41939178109169006,4,8750,0.0,0.0,-0.0,43790,-0.0,0.0,-0.35106101632118225,0.0,0.0,0.0,0.0,113,494.84238044908926,350.32000732421875,6.305622236984494,0.0,0.0,0.0,-0.35989442467689514,CityLearnV3MADRLRewardFunction,maac_unified_comparable_v4,E1,-0.0,1907,13.388121118078475,1.0,0.13356815467236488,0.0,8755
6,0.0,0.0,0.0,0.0,Building_1,0,MAAC,0.7900000214576721,True,0.0,0.0,0.0,0.28695225715637207,4,8754,0.0,0.0,-0.0,43794,0.0,433.45458984375,-0.8431447148323059,172.65159606933594,342.42913818359375,433.45458984375,433.45458984375,64,3.179164555568317,1.0,0.20837961800862104,0.0,0.0,0.0,-0.812568724155426,CityLearnV3MADRLRewardFunction,maac_unified_comparable_v4,E1,-0.0,1907,13.683298984437751,1.0,0.12562240764701874,0.0,8759
8,0.0,0.0,0.0,0.0,Building_2,1,MAAC,0.7900000214576721,True,0.0,0.0,0.0,0.28695225715637207,4,8754,0.0,0.0,-0.0,43794,0.0,15.16435432434082,-0.7916998267173767,6.025838851928711,11.979840278625488,15.16435432434082,15.16435432434082,78,3.304148238800792,1.0,0.1789420353105435,0.0,0.0,0.0,-0.812568724155426,CityLearnV3MADRLRewardFunction,maac_unified_comparable_v4,E1,-0.0,1907,13.683298984437751,1.0,0.12562240764701874,0.0,8759
10,1.0,1.0,0.1,0.0,Building_3,2,MAAC,0.7900000214576721,True,0.0,0.0,0.0,0.28695225715637207,4,8754,0.0,0.0,-0.0,43794,0.0,94.53981018066406,-0.8342330455780029,37.64501953125,74.68645477294922,94.53981018066406,94.53981018066406,92,3.2090631705173234,1.0,0.14534119216968183,0.0,0.0,0.0,-0.812568724155426,CityLearnV3MADRLRewardFunction,maac_unified_comparable_v4,E1,-0.0,1907,13.683298984437751,1.0,0.12562240764701874,0.0,8759
8,0.0,0.0,0.0,0.0,Building_4,3,MAAC,0.7900000214576721,True,0.0,0.0,0.0,0.28695225715637207,4,8754,0.0,0.0,-0.0,43794,0.0,31.04317283630371,-0.8241210579872131,12.351160049438477,24.524106979370117,31.04317283630371,31.04317283630371,78,3.3259823758546556,1.0,0.17883759460006005,0.0,0.0,0.0,-0.812568724155426,CityLearnV3MADRLRewardFunction,maac_unified_comparable_v4,E1,-0.0,1907,13.683298984437751,1.0,0.12562240764701874,0.0,8759
5,0.0,0.0,0.0,0.0,Building_5,4,MAAC,0.7900000214576721,True,0.0,0.0,0.0,0.28695225715637207,4,8754,0.0,0.0,-0.0,43794,0.0,38.538970947265625,-0.861295759677887,15.337108612060547,30.44578742980957,38.538970947265625,38.538970947265625,57,3.592657035912504,1.0,0.290826960744565,0.0,0.0,0.0,-0.812568724155426,CityLearnV3MADRLRewardFunction,maac_unified_comparable_v4,E1,-0.0,1907,13.683298984437751,1.0,0.12562240764701874,0.0,8759
34,1.0,1.0,0.029411764705882353,0.0,Building_6,5,MAAC,0.7900000214576721,True,0.0,0.0,0.0,0.28695225715637207,4,8754,0.0,0.0,-0.0,43794,0.0,362.8901062011719,-0.8465361595153809,144.54225158691406,286.6831970214844,362.8901062011719,362.8901062011719,260,3.2083189528857896,1.0,0.0516359417197796,0.0,0.0,0.0,-0.812568724155426,CityLearnV3MADRLRewardFunction,maac_unified_comparable_v4,E1,-0.0,1907,13.683298984437751,1.0,0.12562240764701874,0.0,8759
44,0.0,0.0,0.0,0.0,Building_7,6,MAAC,0.7900000214576721,True,0.0,0.0,0.0,0.28695225715637207,4,8754,0.0,0.0,-0.0,43794,0.0,12.664111137390137,-0.7849856615066528,5.029868125915527,10.004648208618164,12.664111137390137,12.664111137390137,330,3.2810033614208143,1.0,0.041829973459243774,0.0,0.0,0.0,-0.812568724155426,CityLearnV3MADRLRewardFunction,maac_unified_comparable_v4,E1,-0.0,1907,13.683298984437751,1.0,0.12562240764701874,0.0,8759
19,0.0,0.0,0.0,0.0,Building_8,7,MAAC,0.7900000214576721,True,0.0,0.0,0.0,0.28695225715637207,4,8754,0.0,0.0,-0.0,43794,0.0,12.065996170043945,-0.7829954028129578,4.791609287261963,9.532136917114258,12.065996170043945,12.065996170043945,155,3.335657969522112,1.0,0.09186777909917217,0.0,0.0,0.0,-0.812568724155426,CityLearnV3MADRLRewardFunction,maac_unified_comparable_v4,E1,-0.0,1907,13.683298984437751,1.0,0.12562240764701874,0.0,8759
12,0.0,0.0,0.0,0.0,Building_9,8,MAAC,0.7900000214576721,True,0.0,0.0,0.0,0.28695225715637207,4,8754,0.0,0.0,-0.0,43794,0.0,2.290161371231079,-0.7287387251853943,0.8974091410636902,1.8092275857925415,2.290161371231079,2.290161371231079,106,3.647482822105735,1.0,0.1556370901471039,0.0,0.0,0.0,-0.812568724155426,CityLearnV3MADRLRewardFunction,maac_unified_comparable_v4,E1,-0.0,1907,13.683298984437751,1.0,0.12562240764701874,0.0,8759
8,0.0,0.0,0.0,0.0,Building_10,9,MAAC,0.7900000214576721,True,0.0,0.0,0.0,0.28695225715637207,4,8754,0.0,0.0,-0.0,43794,0.0,51.649574279785156,-0.8301807641983032,20.559711456298828,40.803165435791016,51.649574279785156,51.649574279785156,78,3.258551978817966,1.0,0.1763718750041265,0.0,0.0,0.0,-0.812568724155426,CityLearnV3MADRLRewardFunction,maac_unified_comparable_v4,E1,-0.0,1907,13.683298984437751,1.0,0.12562240764701874,0.0,8759
5,0.0,0.0,0.0,0.0,Building_11,10,MAAC,0.7900000214576721,True,0.0,0.0,0.0,0.28695225715637207,4,8754,0.0,0.0,-0.0,43794,0.0,71.54803466796875,-0.8295517563819885,28.486255645751953,56.52294921875,71.54803466796875,71.54803466796875,57,3.2443603113351287,1.0,0.2359391816221831,0.0,0.0,0.0,-0.812568724155426,CityLearnV3MADRLRewardFunction,maac_unified_comparable_v4,E1,-0.0,1907,13.683298984437751,1.0,0.12562240764701874,0.0,8759
5,0.0,0.0,0.0,0.0,Building_12,11,MAAC,0.7900000214576721,True,0.0,0.0,0.0,0.28695225715637207,4,8754,0.0,0.0,-0.0,43794,0.0,215.11593627929688,-0.8464147448539734,85.67647552490234,169.94158935546875,215.11593627929688,215.11593627929688,57,3.302082299405676,1.0,0.24739181145764233,0.0,0.0,0.0,-0.812568724155426,CityLearnV3MADRLRewardFunction,maac_unified_comparable_v4,E1,-0.0,1907,13.683298984437751,1.0,0.12562240764701874,0.0,8759
13,0.0,0.0,0.0,0.0,Building_13,12,MAAC,0.7900000214576721,True,0.0,0.0,0.0,0.28695225715637207,4,8754,0.0,0.0,-0.0,43794,0.0,2.033022403717041,-0.744739294052124,0.7949779033660889,1.6060876846313477,2.033022403717041,2.033022403717041,113,3.2938985012959194,1.0,0.12192923720695276,0.0,0.0,0.0,-0.812568724155426,CityLearnV3MADRLRewardFunction,maac_unified_comparable_v4,E1,-0.0,1907,13.683298984437751,1.0,0.12562240764701874,0.0,8759
6,1.0,1.0,0.16666666666666666,0.0,Building_14,13,MAAC,0.7900000214576721,True,44.173702239990234,0.0,0.0,0.28695225715637207,4,8754,0.0,0.0,-0.0,43794,0.0,46.78865432739258,-0.8636093139648438,18.623367309570312,36.96303939819336,46.78865432739258,2.6149520874023438,64,3.30614063631556,1.0,0.21663147339131683,0.0,0.0,0.0,-0.812568724155426,CityLearnV3MADRLRewardFunction,maac_unified_comparable_v4,E1,-0.0,1907,13.683298984437751,1.0,0.12562240764701874,0.0,8759
10,1.0,0.0,-0.1,-1.0,Building_15,14,MAAC,0.7900000214576721,True,-22.50895881652832,0.0,0.0,0.28695225715637207,4,8754,0.0,0.0,-0.0,43794,2.987478256225586,0.0,-0.7663500905036926,-0.952048659324646,0.0,-2.987478256225586,19.521480560302734,92,3.467828514872662,1.0,0.1618225272420956,0.0,0.0,0.0,-0.812568724155426,CityLearnV3MADRLRewardFunction,maac_unified_comparable_v4,E1,-0.0,1907,13.683298984437751,1.0,0.12562240764701874,0.0,8759
13,0.0,0.0,0.0,0.0,Building_16,15,MAAC,0.7900000214576721,True,0.0,0.0,0.0,0.28695225715637207,4,8754,0.0,0.0,-0.0,43794,0.0,54.89390563964844,-0.827760636806488,21.85209083557129,43.366188049316406,54.89390563964844,54.89390563964844,113,3.214398873804185,1.0,0.11779263233189034,0.0,0.0,0.0,-0.812568724155426,CityLearnV3MADRLRewardFunction,maac_unified_comparable_v4,E1,-0.0,1907,13.683298984437751,1.0,0.12562240764701874,0.0,8759
13,0.0,0.0,0.0,0.0,Building_17,16,MAAC,0.7900000214576721,True,0.0,0.0,0.0,0.28695225715637207,4,8754,0.0,0.0,-0.0,43794,0.0,22.46647071838379,-0.8073107004165649,8.9346342086792,17.748512268066406,22.46647071838379,22.46647071838379,113,3.2039677848604784,1.0,0.11731410560618459,0.0,0.0,0.0,-0.812568724155426,CityLearnV3MADRLRewardFunction,maac_unified_comparable_v4,E1,-0.0,1907,13.683298984437751,1.0,0.12562240764701874,0.0,8759
