run_id,algorithm,scenario,oe,building_id,agent,nombre,tipo_uso,import_ratio_to_baseline,flex_gain_vs_baseline,carbon_emissions_delta_kgco2,carbon_emissions_ratio,co2_reduction_kgco2,electricity_cost_delta_eur,electricity_cost_ratio,cost_reduction_eur,battery_throughput_kwh,ev_charge_kwh,ev_v2g_export_kwh,ev_departure_success_ratio,grid_role_control,action_dim,action_l2_mean,battery_charge_total_kwh,battery_discharge_total_kwh,ev_charge_total_kwh_behavior,ev_departure_success_rate_behavior,pv_self_consumption_ratio
madrl_v3_20260627_164047,HAPPO,E1,OE.1,1,Building_1,ELECTRO ORIENTE S.A.,Office,1.129784206443256,-0.12978420644325595,369537.0895173517,1.1306945803783852,-369537.0895173517,164231.1399885537,1.0860932217468147,-164231.1399885537,1810194.749900553,14841.69085293077,2664.655516419298,0.5865800865800865,net_importer,6.0,,968694.0174137295,841500.7324868236,14841.69085293077,0.5865800865800865,0.49800227020103083
madrl_v3_20260627_164047,HAPPO,E1,OE.1,2,Building_2,MUNICIPALIDAD DISTRITAL DE SAN JUAN BAUTISTA,Office,2.0409857217912815,-1.0409857217912815,23763.897270524416,2.07992029938508,-23763.897270524416,-3965.4233908891692,2.2824872076524767,3965.4233908891692,86816.05777421777,1998.9178407900035,78.79445060621947,0.4114391143911439,net_exporter,8.0,,46428.97444646771,40387.08332775005,1998.9178407900035,0.4114391143911439,0.012969248082561658
madrl_v3_20260627_164047,HAPPO,E1,OE.1,3,Building_3,AEROPUERTO INTERNACIONAL,Assembly,2.1753472876911535,-1.1753472876911535,398209.33376776724,2.146755734809001,-398209.33376776724,142188.17758614896,1.619934037938113,-142188.17758614896,1346095.7315019658,21462.234931595623,3413.690712036594,0.481437125748503,net_exporter,10.0,,720194.6811245902,625901.0503773756,21462.234931595623,0.481437125748503,0.17378259091166232
madrl_v3_20260627_164047,HAPPO,E1,OE.1,4,Building_4,HIPERMERCADOS TOTTUS ORIENTE SAC,Retail,1.0874885729007469,-0.08748857290074685,38419.75135437754,1.0871085938826082,-38419.75135437754,8482.820506508113,1.0279774794159577,-8482.820506508113,118968.90414452567,9119.660210248083,0.0,0.6122019635343618,net_importer,8.0,,64255.048436508645,54713.85570801702,9119.660210248083,0.6122019635343618,0.8265517132194693
madrl_v3_20260627_164047,HAPPO,E1,OE.1,5,Building_5,HOTEL PLAZA S.A.,MultiFamily_Hotel,1.0778847420679187,-0.07788474206791873,22655.417267544835,1.0797409539161913,-22655.417267544835,-3105.2580766811443,0.983950839427142,3105.2580766811443,118979.60000353181,2085.5104294866323,1929.665346726746,0.6501340482573726,net_importer,5.0,,63820.6633147532,55158.936688778624,2085.5104294866323,0.6501340482573726,0.6450114756281975
madrl_v3_20260627_164047,HAPPO,E1,OE.1,6,Building_6,MALL AVENTURA S.A.,Commercial_Mall,1.1037863403562065,-0.10378634035620649,274788.503764065,1.0959712525926781,-274788.503764065,244153.1196982197,1.123918778467809,-244153.1196982197,1461362.3031242578,26128.51932900399,11338.138423167991,0.4423197886526607,net_importer,34.0,,779384.3208818738,681977.9822423841,26128.51932900399,0.4423197886526607,0.6591518220878869
madrl_v3_20260627_164047,HAPPO,E1,OE.1,7,Building_7,UNAP-FACULTAD DE BIOLOGIA-AULAS,Education,1.2788801175686606,-0.2788801175686606,14719.636729399004,1.2779961925114354,-14719.636729399004,-8089.208531212695,0.6597349235597003,8089.208531212695,126094.30274218187,26756.941616261378,2325.6824577866355,0.5410994091959928,net_exporter,44.0,,67519.21317012659,58575.08957205529,26756.941616261378,0.5410994091959928,0.05857404952806192
madrl_v3_20260627_164047,HAPPO,E1,OE.1,8,Building_8,PNP- ESCUELA TECNICA SUPERIOR-IQUITOS,Assembly_Military,2.9938948468893574,-1.9938948468893574,74773.6466778499,3.06813384409581,-74773.6466778499,6533.242340769055,0.7234177753130546,-6533.242340769055,210987.5325232001,22198.682953264564,10464.135552475636,0.5032206119162641,net_exporter,19.0,,112892.22300702757,98095.3095161725,22198.682953264564,0.5032206119162641,0.008413018388695057
madrl_v3_20260627_164047,HAPPO,E1,OE.1,9,Building_9,GOBIERNO REGIONAL DE LORETO - COER,Office_Critical,1.1217798310065505,-0.12177983100655054,2588.89130596643,1.1215963128854216,-2588.89130596643,-4468.866998696031,0.10591161162928156,4468.866998696031,20386.27785569933,6177.286766605452,1043.4885702952743,0.5083919870059556,net_exporter,12.0,,10932.366980351699,9453.91087534763,6177.286766605452,0.5083919870059556,0.022616657654456
madrl_v3_20260627_164047,HAPPO,E1,OE.1,10,Building_10,GOBIERNO REGIONAL DE LORETO,Office,1.0528787825983315,-0.05287878259833145,20655.88024024153,1.0513813831527135,-20655.88024024153,-3649.950001555553,0.9874826776600936,3649.950001555553,85302.08547103281,22074.408289087936,4733.301131625471,0.6941448382126348,net_exporter,8.0,,45262.464084506035,40039.62138652678,22074.408289087936,0.6941448382126348,0.1611248556278609
madrl_v3_20260627_164047,HAPPO,E1,OE.1,11,Building_11,HOSPITAL REGIONAL DE LORETO,Healthcare_Hospital,0.9978097426756434,0.002190257324356626,1786.5240412474377,1.0044276162327648,-1786.5240412474377,-70213.15715902808,0.6170460046655836,70213.15715902808,438444.93662976136,1979.7644637934864,2403.640669512999,0.4150559511698881,net_exporter,5.0,,237359.0395441967,201085.89708556462,1979.7644637934864,0.4150559511698881,0.03853292633536343
madrl_v3_20260627_164047,HAPPO,E1,OE.1,12,Building_12,SEGURO SOCIAL DE SALUD - ESSALUD,Healthcare,1.1834167176017791,-0.18341671760177913,149677.0954805113,1.1563036810045029,-149677.0954805113,-26924.683624654077,0.9573551254621958,26924.683624654077,1761456.8992410703,9377.641594192013,2659.3727416282345,0.5791666666666667,net_exporter,5.0,,937963.169716143,823493.7295249272,9377.641594192013,0.5791666666666667,0.25717328477516904
madrl_v3_20260627_164047,HAPPO,E1,OE.1,13,Building_13,UNAP-FACULTAD DE CIENCIAS AD..CONTABLES Y ECO,Education,1.1908719319602499,-0.19087193196024987,3856.0489610386794,1.1938876752321361,-3856.0489610386794,-1579.3360273852468,0.8458267646207204,1579.3360273852468,11648.857552776799,5264.1871296893805,1438.912966767326,0.5401387512388504,net_exporter,13.0,,6173.606497108936,5475.251055667863,5264.1871296893805,0.5401387512388504,0.047495063453909483
madrl_v3_20260627_164047,HAPPO,E1,OE.1,14,Building_14,AUTORIDAD PORTUARIA NACIONAL,Industrial_Port,3.562573633645714,-2.562573633645714,40402.65741502971,3.5724498312372592,-40402.65741502971,6100.451037292289,0.8149083687213406,-6100.451037292289,75970.96030017073,21220.41874529235,5530.8967444577465,0.7130872483221476,net_exporter,6.0,,40601.36190549284,35369.598394677894,21220.41874529235,0.7130872483221476,0.0030292706830115346
madrl_v3_20260627_164047,HAPPO,E1,OE.1,15,Building_15,DREL- COLEGIO NACIONAL DE IQUITOS,Education,1.221873472343211,-0.22187347234321098,14612.609330124033,1.2208859494202902,-14612.609330124033,-7439.1833670505985,0.7020864347329527,7439.1833670505985,102966.66718196764,6615.118463806808,746.2618917881045,0.4026058631921824,net_exporter,10.0,,55037.999374345985,47928.66780762166,6615.118463806808,0.4026058631921824,0.03213426256216915
madrl_v3_20260627_164047,HAPPO,E1,OE.1,16,Building_16,SIMA - IQUITOS S.R.LTDA,Industrial,1.1442837622303381,-0.14428376223033812,36282.53238121088,1.1482198156517647,-36282.53238121088,-87685.63482960037,0.4284424592702604,87685.63482960037,805769.6588241803,7036.723483730108,1292.3793135076994,0.6601031411157994,net_exporter,13.0,,431931.2348561799,373838.4239680003,7036.723483730108,0.6601031411157994,0.1826621626493241
madrl_v3_20260627_164047,HAPPO,E1,OE.1,17,Building_17,ASOCIACION CIVIL SELVA AMAZONICA,Laboratory,1.4695480610314768,-0.46954806103147684,64696.73002119054,1.46795058988434,-64696.73002119054,17230.222022801827,1.185379147745362,-17230.222022801827,273385.04808292416,8993.760839650407,716.4961048248224,0.5643939393939394,net_exporter,13.0,,145987.231220541,127397.81686238316,8993.760839650407,0.5643939393939394,0.2772084842022399
madrl_v3_20260627_164047,HAPPO,E2,OE.2,1,Building_1,ELECTRO ORIENTE S.A.,Office,1.2631477367636756,-0.26314773676367564,767079.3278661673,1.2712929855066875,-767079.3278661673,210825.76962644607,1.108548660973039,-210825.76962644607,4068572.862590351,9080.561199592426,2305.615008566994,0.41233766233766234,net_importer,6.0,,2172915.523718731,1895657.3388716201,9080.561199592426,0.41233766233766234,0.5314660827092561
madrl_v3_20260627_164047,HAPPO,E2,OE.2,2,Building_2,MUNICIPALIDAD DISTRITAL DE SAN JUAN BAUTISTA,Office,1.61953438244509,-0.6195343824450901,14384.705386785718,1.6268107297306693,-14384.705386785718,-16938.7118034121,6.218053995717269,16938.7118034121,59959.34657773244,2345.9144585672766,16.490516364574432,0.4280442804428044,net_exporter,8.0,,32016.56375807532,27942.782819657117,2345.9144585672766,0.4280442804428044,0.014119066986729746
madrl_v3_20260627_164047,HAPPO,E2,OE.2,3,Building_3,AEROPUERTO INTERNACIONAL,Assembly,1.8965464170369783,-0.8965464170369783,296410.6861591768,1.8535979113413745,-296410.6861591768,8655.245185366133,1.0372782439430828,-8655.245185366133,1684886.5488266232,22154.423985524103,3342.755838622572,0.47105788423153694,net_exporter,10.0,,900569.720229355,784316.8285972681,22154.423985524103,0.47105788423153694,0.3609552009563773
madrl_v3_20260627_164047,HAPPO,E2,OE.2,4,Building_4,HIPERMERCADOS TOTTUS ORIENTE SAC,Retail,1.2367719899479164,-0.23677198994791637,102425.85648692446,1.2321733280805296,-102425.85648692446,27487.634231579665,1.0926079324675213,-27487.634231579665,351351.6414376277,8671.813838751987,7.399999618530273,0.5385694249649369,net_importer,8.0,,188944.23681067076,162407.404626957,8671.813838751987,0.5385694249649369,0.8047948270905003
madrl_v3_20260627_164047,HAPPO,E2,OE.2,5,Building_5,HOTEL PLAZA S.A.,MultiFamily_Hotel,1.1018120754833098,-0.10181207548330984,29306.247100028675,1.1025554998316365,-29306.247100028675,-13994.571472504875,0.9283534394133148,13994.571472504875,203871.32831210506,1605.0547980684787,1828.48482300248,0.5201072386058981,net_importer,5.0,,109433.08206682975,94438.24624527531,1605.0547980684787,0.5201072386058981,0.6491490229217642
madrl_v3_20260627_164047,HAPPO,E2,OE.2,6,Building_6,MALL AVENTURA S.A.,Commercial_Mall,1.124954781798749,-0.12495478179874908,328596.9720964469,1.114749069852692,-328596.9720964469,60288.29273788445,1.0308427402837133,-60288.29273788445,1857797.7186848104,31154.471566291526,10320.139938542445,0.46269971065542836,net_importer,34.0,,990972.2370507277,866825.4816340827,31154.471566291526,0.46269971065542836,0.7341438936025515
madrl_v3_20260627_164047,HAPPO,E2,OE.2,7,Building_7,UNAP-FACULTAD DE BIOLOGIA-AULAS,Education,1.8423009009620108,-0.8423009009620108,45033.45275800476,1.860422988843152,-45033.45275800476,-60628.26297857924,-2.0687211540102504,60628.26297857924,559691.8251274172,23945.533955002204,3521.4310475786333,0.5265861803236579,net_exporter,44.0,,297948.1537730205,261743.67135439673,23945.533955002204,0.5265861803236579,0.14771670921818475
madrl_v3_20260627_164047,HAPPO,E2,OE.2,8,Building_8,PNP- ESCUELA TECNICA SUPERIOR-IQUITOS,Assembly_Military,1.840986782706128,-0.8409867827061279,30826.270588706953,1.8689119963080867,-30826.270588706953,-44420.29382103922,2.7076612429907247,44420.29382103922,131727.46070099715,14337.637645270675,9935.107476181525,0.4033816425120773,net_exporter,19.0,,70424.50422705234,61302.956473944825,14337.637645270675,0.4033816425120773,0.012013282736573514
madrl_v3_20260627_164047,HAPPO,E2,OE.2,9,Building_9,GOBIERNO REGIONAL DE LORETO - COER,Office_Critical,1.277280181772409,-0.2772801817724091,6059.6923660189495,1.2759986673035255,-6059.6923660189495,-17532.948450088534,-2.3610281482254276,17532.948450088534,99087.2746819969,5925.502091227099,1095.399405089207,0.5733622089875474,net_exporter,12.0,,52789.17059023879,46298.10409175811,5925.502091227099,0.5733622089875474,0.04934305448234205
madrl_v3_20260627_164047,HAPPO,E2,OE.2,10,Building_10,GOBIERNO REGIONAL DE LORETO,Office,1.861808035368701,-0.861808035368701,340753.77653810073,1.8482162242069504,-340753.77653810073,71496.6201395648,1.2698010666963044,-71496.6201395648,1189948.9299676544,17630.407352119684,5932.977272376418,0.522342064714946,net_exporter,8.0,,633538.5697327846,556410.3602348698,17630.407352119684,0.522342064714946,0.18631221051158287
madrl_v3_20260627_164047,HAPPO,E2,OE.2,11,Building_11,HOSPITAL REGIONAL DE LORETO,Healthcare_Hospital,1.1713349181204349,-0.1713349181204349,73449.02247504186,1.1824314974854166,-73449.02247504186,-186075.61915362478,0.003888205093081796,186075.61915362478,1438991.1311446337,1934.30488711223,2316.5657434952445,0.41098677517802645,net_exporter,5.0,,772389.0343409686,666602.0968036652,1934.30488711223,0.41098677517802645,0.06650917914718706
madrl_v3_20260627_164047,HAPPO,E2,OE.2,12,Building_12,SEGURO SOCIAL DE SALUD - ESSALUD,Healthcare,1.6352495586854472,-0.6352495586854472,614262.0112326699,1.6414569521588704,-614262.0112326699,-47341.005410417914,0.9260137308218238,47341.005410417914,3291565.7836515913,9149.873355416581,2251.309356917758,0.4739583333333333,net_exporter,5.0,,1754407.4705605456,1537158.3130910457,9149.873355416581,0.4739583333333333,0.25520350468454456
madrl_v3_20260627_164047,HAPPO,E2,OE.2,13,Building_13,UNAP-FACULTAD DE CIENCIAS AD..CONTABLES Y ECO,Education,1.3880663813979952,-0.3880663813979952,7928.617792253925,1.3986944811030553,-7928.617792253925,-7039.894027292088,0.18693993493095462,7039.894027292088,32480.8701575605,6132.014406150207,1151.8278575482109,0.5307234886025768,net_exporter,13.0,,17237.529697686434,15243.340459874067,6132.014406150207,0.5307234886025768,0.05748405395809807
madrl_v3_20260627_164047,HAPPO,E2,OE.2,14,Building_14,AUTORIDAD PORTUARIA NACIONAL,Industrial_Port,3.0404177324240265,-2.0404177324240265,33987.70999795983,3.061875487138034,-33987.70999795983,-29710.16877385188,1.9049672526353805,29710.16877385188,72834.17664478085,17428.98997742124,4541.408154556761,0.6199664429530202,net_exporter,6.0,,38972.757651903325,33861.41899287752,17428.98997742124,0.6199664429530202,0.003284957698988514
madrl_v3_20260627_164047,HAPPO,E2,OE.2,15,Building_15,DREL- COLEGIO NACIONAL DE IQUITOS,Education,1.2900761633724334,-0.29007616337243336,18524.348474709797,1.2835392122191749,-18524.348474709797,-36712.99223596016,-0.5585170287289182,36712.99223596016,261254.7894240341,5491.316218134016,928.4421800370183,0.4247557003257329,net_exporter,10.0,,139699.77392845112,121555.01549558298,5491.316218134016,0.4247557003257329,0.06114462917810789
madrl_v3_20260627_164047,HAPPO,E2,OE.2,16,Building_16,SIMA - IQUITOS S.R.LTDA,Industrial,1.2175618544706863,-0.21756185447068632,53833.72757072927,1.2199521940984972,-53833.72757072927,-105472.70786801592,0.3050798656515489,105472.70786801592,950524.7408270675,9315.280934259295,532.6303217528621,0.6024378809188936,net_exporter,13.0,,509116.3557020205,441408.38512504706,9315.280934259295,0.6024378809188936,0.2075202079324701
madrl_v3_20260627_164047,HAPPO,E2,OE.2,17,Building_17,ASOCIACION CIVIL SELVA AMAZONICA,Laboratory,1.6454811479144358,-0.6454811479144358,91997.44206160473,1.6643217364287648,-91997.44206160473,-6814.941258555889,0.9275514962426774,6814.941258555889,473653.7307241778,4662.100165596232,1598.4006687831134,0.4498106060606061,net_exporter,13.0,,252592.287889835,221061.44283434277,4662.100165596232,0.4498106060606061,0.38591265463595953
madrl_v3_20260627_164047,HAPPO,E3,OE.3,1,Building_1,ELECTRO ORIENTE S.A.,Office,1.1883941250212193,-0.18839412502121933,548410.8186067329,1.1939565269408492,-548410.8186067329,215256.67663652636,1.094035875028836,-215256.67663652636,2758389.0952249398,9827.713042838499,2727.875077734003,0.4448051948051948,net_importer,6.0,,1473732.8669593325,1284656.2282656073,9827.713042838499,0.4448051948051948,0.5144268765776177
madrl_v3_20260627_164047,HAPPO,E3,OE.3,2,Building_2,MUNICIPALIDAD DISTRITAL DE SAN JUAN BAUTISTA,Office,1.7257948393940954,-0.7257948393940954,16893.01791464846,1.7368614409098262,-16893.01791464846,-12273.820555565666,5.148145106895778,12273.820555565666,57954.18217836331,2225.4589706715196,6.980552077293396,0.36162361623616235,net_exporter,8.0,,30986.324674168904,26967.85750419441,2225.4589706715196,0.36162361623616235,0.012465399012404794
madrl_v3_20260627_164047,HAPPO,E3,OE.3,3,Building_3,AEROPUERTO INTERNACIONAL,Assembly,2.2235234974229123,-1.2235234974229123,410000.24282352795,2.1807109730781056,-410000.24282352795,144952.40242004138,1.526620495892679,-144952.40242004138,1769185.3708821256,22714.100471597165,2302.0081407707185,0.5041916167664671,net_exporter,10.0,,944871.9177854159,824313.4530967098,22714.100471597165,0.5041916167664671,0.2854374362974128
madrl_v3_20260627_164047,HAPPO,E3,OE.3,4,Building_4,HIPERMERCADOS TOTTUS ORIENTE SAC,Retail,1.2117511006092643,-0.21175110060926428,90904.47367185232,1.2060992652198856,-90904.47367185232,38937.296279706294,1.107018106138765,-38937.296279706294,297043.00130795944,8915.942704897374,4.165828227996826,0.5673211781206171,net_importer,8.0,,159912.92586603225,137130.0754419272,8915.942704897374,0.5673211781206171,0.8137253888612378
madrl_v3_20260627_164047,HAPPO,E3,OE.3,5,Building_5,HOTEL PLAZA S.A.,MultiFamily_Hotel,1.1340260101201882,-0.13402601012018822,38830.44625139597,1.135504476814954,-38830.44625139597,-430.13257438485743,0.9981701702909448,430.13257438485743,210547.77395615468,1848.1512902434915,1814.6864390707342,0.6032171581769437,net_importer,5.0,,112966.52528551705,97581.24867063762,1848.1512902434915,0.6032171581769437,0.6137356570436833
madrl_v3_20260627_164047,HAPPO,E3,OE.3,6,Building_6,MALL AVENTURA S.A.,Commercial_Mall,1.0738163270056669,-0.07381632700566687,179591.98063607933,1.0627161041323665,-179591.98063607933,183961.8942599343,1.0777951665471264,-183961.8942599343,1707794.0448969333,31431.84666434303,10438.078381312604,0.4643351364951566,net_importer,34.0,,909985.5553425116,797808.4895544217,31431.84666434303,0.4643351364951566,0.6994891741834274
madrl_v3_20260627_164047,HAPPO,E3,OE.3,7,Building_7,UNAP-FACULTAD DE BIOLOGIA-AULAS,Education,2.0408125730257534,-1.0408125730257534,55795.68466147478,2.04539973690637,-55795.68466147478,-31946.52625865505,-0.10259138885982871,31946.52625865505,478354.57063889725,25602.788152690977,3127.941893365758,0.5448240431543796,net_exporter,44.0,,254544.25263653634,223810.31800236093,25602.788152690977,0.5448240431543796,0.12087818651002943
madrl_v3_20260627_164047,HAPPO,E3,OE.3,8,Building_8,PNP- ESCUELA TECNICA SUPERIOR-IQUITOS,Assembly_Military,2.161973366010555,-1.161973366010555,42189.13236250534,2.183838405862309,-42189.13236250534,-22221.494325882584,1.7744324187385074,22221.494325882584,153287.33755100996,18320.15496419929,9500.649239929568,0.44981213097155126,net_exporter,19.0,,82213.3972810288,71073.94026998118,18320.15496419929,0.44981213097155126,0.01194363530313503
madrl_v3_20260627_164047,HAPPO,E3,OE.3,9,Building_9,GOBIERNO REGIONAL DE LORETO - COER,Office_Critical,1.3251863112120688,-0.32518631121206876,7139.338582992928,1.3253585831790444,-7139.338582992928,-16264.548553564862,-1.6028998470769753,16264.548553564862,91910.85251553665,5903.852241750807,1190.0068906064262,0.5690308608554413,net_exporter,12.0,,49008.45894324298,42902.39357229368,5903.852241750807,0.5690308608554413,0.04376089430736647
madrl_v3_20260627_164047,HAPPO,E3,OE.3,10,Building_10,GOBIERNO REGIONAL DE LORETO,Office,1.7948134956085455,-0.7948134956085455,312905.4083051138,1.7786501455688635,-312905.4083051138,167324.10016908043,1.4783198581797259,-167324.10016908043,1089371.0511729324,17520.953400319442,5523.011890353577,0.5308166409861325,net_exporter,8.0,,580113.9982283427,509257.0529445897,17520.953400319442,0.5308166409861325,0.17859034686555347
madrl_v3_20260627_164047,HAPPO,E3,OE.3,11,Building_11,HOSPITAL REGIONAL DE LORETO,Healthcare_Hospital,1.028110551058704,-0.02811055105870408,13368.884398156428,1.0332928575534215,-13368.884398156428,-193217.95855132013,0.11620643232486044,193217.95855132013,1267328.1678138687,1741.4759538322687,2215.8362821759656,0.4537131230925738,net_exporter,5.0,,681235.2960753874,586092.8717384812,1741.4759538322687,0.4537131230925738,0.06747436469199199
madrl_v3_20260627_164047,HAPPO,E3,OE.3,12,Building_12,SEGURO SOCIAL DE SALUD - ESSALUD,Healthcare,1.3371464619639826,-0.33714646196398257,314553.30790580786,1.3284793829450798,-314553.30790580786,-44024.59352911392,0.9418988139825232,44024.59352911392,2807203.6303932704,9740.76527925022,2385.6727011449984,0.5427083333333333,net_exporter,5.0,,1498027.5680645264,1309176.0623287437,9740.76527925022,0.5427083333333333,0.2901508550401792
madrl_v3_20260627_164047,HAPPO,E3,OE.3,13,Building_13,UNAP-FACULTAD DE CIENCIAS AD..CONTABLES Y ECO,Education,1.1824677567742528,-0.18246775677425275,3687.161340639199,1.1845537362593674,-3687.161340639199,-6425.612286915865,0.48080487324591636,6425.612286915865,19100.131534488024,5469.4581696707755,1213.2232916521607,0.5069375619425174,net_exporter,13.0,,10135.632872968214,8964.49866151981,5469.4581696707755,0.5069375619425174,0.05437398932155323
madrl_v3_20260627_164047,HAPPO,E3,OE.3,14,Building_14,AUTORIDAD PORTUARIA NACIONAL,Industrial_Port,3.6942296544989475,-2.6942296544989475,44970.67727445179,3.733674580669034,-44970.67727445179,-16501.277397430793,1.4248480033415603,16501.277397430793,109252.48817112015,17894.81744875945,4594.168814842997,0.6426174496644296,net_exporter,6.0,,58446.0196051652,50806.46856595495,17894.81744875945,0.6426174496644296,0.0032730864435229945
madrl_v3_20260627_164047,HAPPO,E3,OE.3,15,Building_15,DREL- COLEGIO NACIONAL DE IQUITOS,Education,1.2224232155422323,-0.22242321554223232,14354.726617016539,1.2206662055622437,-14354.726617016539,-14439.788210813704,0.5010000563980798,14439.788210813704,69190.05587432063,3583.548241076991,1169.057549600897,0.39543973941368077,net_exporter,10.0,,36978.13218585393,32211.923688466704,3583.548241076991,0.39543973941368077,0.024392253810519935
madrl_v3_20260627_164047,HAPPO,E3,OE.3,16,Building_16,SIMA - IQUITOS S.R.LTDA,Industrial,1.1098846367514723,-0.10988463675147231,30087.85976466525,1.123161286246249,-30087.85976466525,-169286.37314776465,0.07844089719235967,169286.37314776465,893971.6400406631,8397.917018141598,799.7894310167758,0.5757149554617909,net_exporter,13.0,,479081.7890391061,414889.8510015569,8397.917018141598,0.5757149554617909,0.1957869024571536
madrl_v3_20260627_164047,HAPPO,E3,OE.3,17,Building_17,ASOCIACION CIVIL SELVA AMAZONICA,Laboratory,1.5907716683284168,-0.5907716683284168,84147.75044602537,1.6074807148721775,-84147.75044602537,-10328.088817340482,0.907321896944421,10328.088817340482,413176.53947417147,3724.5377354733646,1537.6907891619485,0.4285037878787879,net_exporter,13.0,,220333.31702367496,192843.22245049648,3724.5377354733646,0.4285037878787879,0.3443042138259963
madrl_v3_20260627_164047,MASAC,E1,OE.1,1,Building_1,ELECTRO ORIENTE S.A.,Office,1.0133413338483535,-0.013341333848353454,38011.441977117676,1.0134495685464848,-38011.441977117676,12608.441071504261,1.0066130126945003,-12608.441071504261,148154.7372655461,457.6761318743229,294.27722528763115,0.02922077922077922,net_importer,6.0,0.1,79508.16974639893,68646.56751914718,457.6761318743229,0.02922077922077922,0.4839076046695805
madrl_v3_20260627_164047,MASAC,E1,OE.1,2,Building_2,MUNICIPALIDAD DISTRITAL DE SAN JUAN BAUTISTA,Office,1.0707922707645035,-0.07079227076450345,1368.9330320151603,1.0726265426051105,-1368.9330320151603,-315.5849476327385,1.0550607931571476,315.5849476327385,5013.655820707325,16.95028519630432,0.0,0.007380073800738007,net_exporter,8.0,0.06,2634.4000485390425,2379.2557721682824,16.95028519630432,0.007380073800738007,0.009323348998583248
madrl_v3_20260627_164047,MASAC,E1,OE.1,3,Building_3,AEROPUERTO INTERNACIONAL,Assembly,1.0385864379773453,-0.03858643797734529,13061.924938681419,1.038614872148941,-13061.924938681419,1527.3787585422688,1.0067640681996102,-1527.3787585422688,54207.54009071289,660.0751714110374,270.3300165235996,0.023552894211576848,net_exporter,10.0,0.23,28529.47381591797,25678.066274794925,660.0751714110374,0.023552894211576848,0.15709062581621952
madrl_v3_20260627_164047,MASAC,E1,OE.1,4,Building_4,HIPERMERCADOS TOTTUS ORIENTE SAC,Retail,1.0106935550587013,-0.010693555058701287,4831.021028340037,1.0109664659251083,-4831.021028340037,789.4806635804125,1.0026080411358333,-789.4806635804125,19580.168176272062,152.44102025032043,56.462382316589355,0.014726507713884993,net_importer,8.0,0.08,10618.629791553132,8961.53838471893,152.44102025032043,0.014726507713884993,0.8327225445114239
madrl_v3_20260627_164047,MASAC,E1,OE.1,5,Building_5,HOTEL PLAZA S.A.,MultiFamily_Hotel,1.0051622212393931,-0.005162221239393139,1474.3818138134666,1.0052536320333336,-1474.3818138134666,-519.9722254097578,0.9972709701224215,519.9722254097578,7073.973438132634,254.56127274036407,81.60367488861084,0.04423592493297587,net_importer,5.0,0.03,3749.8407365592393,3324.132701573395,254.56127274036407,0.04423592493297587,0.6347651946216002
madrl_v3_20260627_164047,MASAC,E1,OE.1,6,Building_6,MALL AVENTURA S.A.,Commercial_Mall,1.0055553585558805,-0.0055553585558805185,16104.228118202183,1.0056430637798264,-16104.228118202183,4501.239303347655,1.0022942354898619,-4501.239303347655,79025.95569919237,1406.0533001422882,293.98155719041824,0.020631525978110455,net_importer,34.0,0.48,41674.21474456787,37351.7409546245,1406.0533001422882,0.020631525978110455,0.7107255772591512
madrl_v3_20260627_164047,MASAC,E1,OE.1,7,Building_7,UNAP-FACULTAD DE BIOLOGIA-AULAS,Education,1.1687143854393418,-0.1687143854393418,8563.841417380252,1.17178638353803,-8563.841417380252,2188.72682629068,1.1031892933960719,-2188.72682629068,22417.229134745005,2126.3184623867273,385.2483840584755,0.06075006421782687,net_exporter,44.0,0.54,11851.74667236302,10565.482462381984,2126.3184623867273,0.06075006421782687,0.03163733170167804
madrl_v3_20260627_164047,MASAC,E1,OE.1,8,Building_8,PNP- ESCUELA TECNICA SUPERIOR-IQUITOS,Assembly_Military,1.0950043931426587,-0.09500439314265874,3398.927174072196,1.09715385047095,-3398.927174072196,-591.3960286215188,1.0242784145964425,591.3960286215188,11679.187441157119,1446.981806665659,594.4339935164899,0.05636070853462158,net_exporter,19.0,0.24,6371.851001799107,5307.336439358012,1446.981806665659,0.05636070853462158,0.007993026229147283
madrl_v3_20260627_164047,MASAC,E1,OE.1,9,Building_9,GOBIERNO REGIONAL DE LORETO - COER,Office_Critical,1.0388225722236992,-0.038822572223699225,825.9888640280333,1.0394141554477596,-825.9888640280333,-272.90791547088793,0.9421641443769578,272.90791547088793,3029.5625061163346,238.81814788281918,47.98630881309509,0.021115322144017325,net_exporter,12.0,0.17,1590.2749729156494,1439.2875332006854,238.81814788281918,0.021115322144017325,0.015501429525431881
madrl_v3_20260627_164047,MASAC,E1,OE.1,10,Building_10,GOBIERNO REGIONAL DE LORETO,Office,1.0423912334900032,-0.04239123349000318,17547.88177893829,1.0437958561145821,-17547.88177893829,3968.21437272575,1.0136571282776412,-3968.21437272575,60599.63553045719,570.2541084438562,509.1236396357417,0.020030816640986132,net_exporter,8.0,0.08,32125.504287838936,28474.131242618256,570.2541084438562,0.020030816640986132,0.15815838855460565
madrl_v3_20260627_164047,MASAC,E1,OE.1,11,Building_11,HOSPITAL REGIONAL DE LORETO,Healthcare_Hospital,1.0191996845298912,-0.01919968452989118,7844.66332345485,1.0196949315366612,-7844.66332345485,-1367.6378789224545,0.9923691179356363,1367.6378789224545,30104.144651309234,454.0980418175459,298.95747432112694,0.05391658189216684,net_exporter,5.0,0.09,16405.699927330017,13698.444723979217,454.0980418175459,0.05391658189216684,0.028101960972586455
madrl_v3_20260627_164047,MASAC,E1,OE.1,12,Building_12,SEGURO SOCIAL DE SALUD - ESSALUD,Healthcare,1.0295198323034758,-0.029519832303475768,28359.889983113157,1.0297160414236552,-28359.889983113157,6015.530325736152,1.0095461834395227,-6015.530325736152,112152.33184568584,439.07183046638966,272.0152448862791,0.046875,net_exporter,5.0,0.18,59053.84965133667,53098.48219434917,439.07183046638966,0.046875,0.1573395917491951
madrl_v3_20260627_164047,MASAC,E1,OE.1,13,Building_13,UNAP-FACULTAD DE CIENCIAS AD..CONTABLES Y ECO,Education,1.1212341184194556,-0.12123411841945564,2318.465235624022,1.1251326171620406,-2318.465235624022,344.9226132707463,1.03781301677626,-344.9226132707463,6720.020939229929,478.30990782380104,71.90808868408203,0.049554013875123884,net_exporter,13.0,0.18,3622.9902933184057,3097.0306459115236,478.30990782380104,0.049554013875123884,0.04167227056630731
madrl_v3_20260627_164047,MASAC,E1,OE.1,14,Building_14,AUTORIDAD PORTUARIA NACIONAL,Industrial_Port,1.1255410896685631,-0.12554108966856314,1510.4782663562673,1.1262776159996308,-1510.4782663562673,-609.4339546957053,1.0170387385312254,609.4339546957053,4401.40721801638,522.1940021514893,480.1685774801299,0.009228187919463088,net_exporter,6.0,0.08,2313.8632764816284,2087.5439415347523,522.1940021514893,0.009228187919463088,0.0023648291455283803
madrl_v3_20260627_164047,MASAC,E1,OE.1,15,Building_15,DREL- COLEGIO NACIONAL DE IQUITOS,Education,1.0386043267374971,-0.03860432673749714,2524.8666467172807,1.039240682347656,-2524.8666467172807,-216.84639179430815,0.9908042013670432,216.84639179430815,9369.46676142498,426.90298917889595,100.5998066663742,0.053420195439739415,net_exporter,10.0,0.18,5011.550247490406,4357.916513934573,426.90298917889595,0.053420195439739415,0.022117405007385408
madrl_v3_20260627_164047,MASAC,E1,OE.1,16,Building_16,SIMA - IQUITOS S.R.LTDA,Industrial,1.041578706827054,-0.04157870682705389,10051.02904055029,1.0418087854101943,-10051.02904055029,1145.3637767563632,1.0076267869253612,-1145.3637767563632,35835.71537306661,544.5441738069057,36.515461921691895,0.05063291139240506,net_exporter,13.0,0.14,19406.780807495117,16428.934565571493,544.5441738069057,0.05063291139240506,0.07402768978542112
madrl_v3_20260627_164047,MASAC,E1,OE.1,17,Building_17,ASOCIACION CIVIL SELVA AMAZONICA,Laboratory,1.0304792905695397,-0.030479290569539685,4211.37183825628,1.030958510341691,-4211.37183825628,69.28031840008043,1.0007598371881545,-69.28031840008043,14968.717281222307,524.9144373387098,39.56527614593506,0.05113636363636364,net_exporter,13.0,0.27,7982.370228290558,6986.34705293175,524.9144373387098,0.05113636363636364,0.24616151429111244
madrl_v3_20260627_164047,MASAC,E2,OE.2,1,Building_1,ELECTRO ORIENTE S.A.,Office,1.0104197126045895,-0.010419712604589515,29797.659929604735,1.0105433414277751,-29797.659929604735,10520.494578099577,1.0054191536384767,-10520.494578099577,137610.04855238416,537.5699851512909,265.85821113176644,0.03463203463203463,net_importer,6.0,0.1,75244.5313813067,62365.51717107747,537.5699851512909,0.03463203463203463,0.4846244897837987
madrl_v3_20260627_164047,MASAC,E2,OE.2,2,Building_2,MUNICIPALIDAD DISTRITAL DE SAN JUAN BAUTISTA,Office,1.0502155027856817,-0.050215502785681654,969.821758703878,1.0513697327990408,-969.821758703878,-332.5869300335553,1.055000909994138,332.5869300335553,3713.623436288006,19.553312346339226,0.0,0.007380073800738007,net_exporter,8.0,0.09,1995.5289078513451,1718.0945284366608,19.553312346339226,0.007380073800738007,0.00927124042494885
madrl_v3_20260627_164047,MASAC,E2,OE.2,3,Building_3,AEROPUERTO INTERNACIONAL,Assembly,1.038316962870203,-0.03831696287020292,12952.477374810667,1.0383346210991335,-12952.477374810667,2920.7403495362378,1.0129290921688656,-2920.7403495362378,51423.36381030083,685.5163616538048,262.24931744486094,0.025149700598802394,net_exporter,10.0,0.23,27397.696863412857,24025.66694688797,685.5163616538048,0.025149700598802394,0.1556819449280103
madrl_v3_20260627_164047,MASAC,E2,OE.2,4,Building_4,HIPERMERCADOS TOTTUS ORIENTE SAC,Retail,1.011865654626232,-0.011865654626231903,5342.221981591836,1.0121268949522657,-5342.221981591836,1102.312152176979,1.0037195876374152,-1102.312152176979,21913.77607081391,157.37138909101486,55.92302918434143,0.015427769985974754,net_importer,8.0,0.1,11876.460379249678,10037.315691564232,157.37138909101486,0.015427769985974754,0.8324234939857024
madrl_v3_20260627_164047,MASAC,E2,OE.2,5,Building_5,HOTEL PLAZA S.A.,MultiFamily_Hotel,1.004662946765011,-0.004662946765011,1343.7829549493617,1.0047890923586253,-1343.7829549493617,-498.6445993241796,0.9973976698951329,498.6445993241796,6614.050495566267,255.11854657530785,64.23031663894653,0.03485254691689008,net_importer,5.0,0.03,3512.9795327144,3101.070962851867,255.11854657530785,0.03485254691689008,0.6357707578617321
madrl_v3_20260627_164047,MASAC,E2,OE.2,6,Building_6,MALL AVENTURA S.A.,Commercial_Mall,1.005621340009622,-0.005621340009621889,16354.101186358836,1.005730843466694,-16354.101186358836,4109.841458600014,1.0021103480332552,-4109.841458600014,90275.5388211289,1439.8629176616669,390.22285879496485,0.021637941879481697,net_importer,34.0,0.4,48541.570627987385,41733.96819314151,1439.8629176616669,0.021637941879481697,0.7113671982034898
madrl_v3_20260627_164047,MASAC,E2,OE.2,7,Building_7,UNAP-FACULTAD DE BIOLOGIA-AULAS,Education,1.1714809269583608,-0.1714809269583608,8644.863608882355,1.1732914435640076,-8644.863608882355,1841.158383060323,1.1023308371286267,-1841.158383060323,23825.1113729426,2287.302552215755,286.3732301592827,0.06075006421782687,net_exporter,44.0,0.49,12870.176925109467,10954.934447833133,2287.302552215755,0.06075006421782687,0.032144050763962165
madrl_v3_20260627_164047,MASAC,E2,OE.2,8,Building_8,PNP- ESCUELA TECNICA SUPERIOR-IQUITOS,Assembly_Military,1.074355899007817,-0.07435589900781703,2635.8306358039627,1.0757480470479739,-2635.8306358039627,-853.7371509218392,1.032222247748973,853.7371509218392,10145.22794327571,1459.7524029016495,685.6379858713335,0.055018786902844875,net_exporter,19.0,0.25,5562.906689022321,4582.321254253387,1459.7524029016495,0.055018786902844875,0.007949394723158566
madrl_v3_20260627_164047,MASAC,E2,OE.2,9,Building_9,GOBIERNO REGIONAL DE LORETO - COER,Office_Critical,1.0398629661836958,-0.03986296618369578,847.4506514802306,1.040335502179723,-847.4506514802306,-307.4147976214563,0.932883615954057,307.4147976214563,3618.1356806811946,243.96209025382996,36.25017762184143,0.02165674066053059,net_exporter,12.0,0.1,1948.0470775198191,1670.0886031613752,243.96209025382996,0.02165674066053059,0.015669694209594364
madrl_v3_20260627_164047,MASAC,E2,OE.2,10,Building_10,GOBIERNO REGIONAL DE LORETO,Office,1.0357029119977172,-0.035702911997717246,14739.380947611178,1.0367884796414262,-14739.380947611178,3246.141006816877,1.0122842658443592,-3246.141006816877,52900.80671124626,658.5101829618216,441.71710789203644,0.026194144838212634,net_exporter,8.0,0.08,28097.60112648923,24803.20558475703,658.5101829618216,0.026194144838212634,0.15806767664618301
madrl_v3_20260627_164047,MASAC,E2,OE.2,11,Building_11,HOSPITAL REGIONAL DE LORETO,Healthcare_Hospital,1.0195671942616795,-0.01956719426167952,7957.32841246383,1.0199778351485511,-7957.32841246383,-717.3080218275427,0.9960965369068064,717.3080218275427,33288.157945284736,530.0657864511013,215.1529062986374,0.061037639877924724,net_exporter,5.0,0.09,18304.119137518108,14984.038807766628,530.0657864511013,0.061037639877924724,0.02819748060709634
madrl_v3_20260627_164047,MASAC,E2,OE.2,12,Building_12,SEGURO SOCIAL DE SALUD - ESSALUD,Healthcare,1.0303813521251746,-0.030381352125174566,29201.518189747818,1.0306004534275297,-29201.518189747818,6122.541815543314,1.0096014973731897,-6122.541815543314,118040.63755845185,502.17156755924225,179.1942328363657,0.051041666666666666,net_exporter,5.0,0.2,63925.083149424754,54115.5544090271,502.17156755924225,0.051041666666666666,0.15761237453909932
madrl_v3_20260627_164047,MASAC,E2,OE.2,13,Building_13,UNAP-FACULTAD DE CIENCIAS AD..CONTABLES Y ECO,Education,1.1086636345286263,-0.10866363452862626,2088.514806301595,1.1125185660897876,-2088.514806301595,383.82982514235573,1.049666270899828,-383.82982514235573,5959.6369280498475,470.09384682774544,97.55296087265015,0.04757185332011893,net_exporter,13.0,0.2,3227.323704257142,2732.3132237927057,470.09384682774544,0.04757185332011893,0.04145228870434014
madrl_v3_20260627_164047,MASAC,E2,OE.2,14,Building_14,AUTORIDAD PORTUARIA NACIONAL,Industrial_Port,1.1356454529363567,-0.13564545293635666,1632.6859095960917,1.1366900378060711,-1632.6859095960917,-523.6390250804398,1.0145757793795798,523.6390250804398,4333.401933772315,628.4507700204849,315.6942680468783,0.015100671140939598,net_exporter,6.0,0.11,2335.8881932402146,1997.5137405321002,628.4507700204849,0.015100671140939598,0.0023752276035841216
madrl_v3_20260627_164047,MASAC,E2,OE.2,15,Building_15,DREL- COLEGIO NACIONAL DE IQUITOS,Education,1.034781129369235,-0.03478112936923505,2265.0876792293348,1.035208400794626,-2265.0876792293348,-148.9510539049079,0.9934847616267325,148.9510539049079,8284.433906815424,404.1301949471235,91.38491714000702,0.04820846905537459,net_exporter,10.0,0.19,4544.508197382935,3739.9257094324894,404.1301949471235,0.04820846905537459,0.021894387095428486
madrl_v3_20260627_164047,MASAC,E2,OE.2,16,Building_16,SIMA - IQUITOS S.R.LTDA,Industrial,1.0505304568943576,-0.050530456894357645,12272.788314087637,1.0510085394819069,-12272.788314087637,1916.1984823801322,1.012859664427659,-1916.1984823801322,46291.33691124432,566.5349094495177,55.06240367889404,0.053445850914205346,net_exporter,13.0,0.17,25098.591251874343,21192.745659369975,566.5349094495177,0.053445850914205346,0.07454069327829163
madrl_v3_20260627_164047,MASAC,E2,OE.2,17,Building_17,ASOCIACION CIVIL SELVA AMAZONICA,Laboratory,1.0422202763667578,-0.04222027636675785,5828.101555668545,1.0428112322506935,-5828.101555668545,1177.486600960241,1.0127327160700492,-1177.486600960241,19710.227000309154,668.2171229198575,51.61808180809021,0.061553030303030304,net_exporter,13.0,0.24,10649.808401448652,9060.418598860502,668.2171229198575,0.061553030303030304,0.24609208732259338
madrl_v3_20260627_164047,MASAC,E3,OE.3,1,Building_1,ELECTRO ORIENTE S.A.,Office,1.0167640765076977,-0.016764076507697734,47559.86011810042,1.0168280454513243,-47559.86011810042,21075.457346742507,1.0092115079383306,-21075.457346742507,182058.09256648374,526.066355317831,286.9131095726043,0.03787878787878788,net_importer,6.0,0.1,98624.4645383358,83433.62802814794,526.066355317831,0.03787878787878788,0.4834531467931319
madrl_v3_20260627_164047,MASAC,E3,OE.3,2,Building_2,MUNICIPALIDAD DISTRITAL DE SAN JUAN BAUTISTA,Office,1.0799048729265073,-0.07990487292650728,1550.4540475770555,1.0821268718880341,-1550.4540475770555,-475.1948369122165,1.06927357158221,475.1948369122165,6093.713492266834,19.553312346339226,0.0,0.007380073800738007,net_exporter,8.0,0.07,3254.1153112649918,2839.598181001842,19.553312346339226,0.007380073800738007,0.009509320922181234
madrl_v3_20260627_164047,MASAC,E3,OE.3,3,Building_3,AEROPUERTO INTERNACIONAL,Assembly,1.0404453627786168,-0.04044536277861677,13733.034024620836,1.0406311773218866,-13733.034024620836,2658.67516468995,1.0098210494748456,-2658.67516468995,55303.300091643585,664.0665654689074,240.06757652759552,0.02475049900199601,net_exporter,10.0,0.2,29131.18690533936,26172.113186304225,664.0665654689074,0.02475049900199601,0.15654651073898518
madrl_v3_20260627_164047,MASAC,E3,OE.3,4,Building_4,HIPERMERCADOS TOTTUS ORIENTE SAC,Retail,1.0126296442486225,-0.012629644248622451,5657.326953114767,1.0128424495886212,-5657.326953114767,1202.4989101405954,1.0033103304780413,-1202.4989101405954,22454.02453048173,164.3461953997612,57.586568117141724,0.014025245441795231,net_importer,8.0,0.1,12166.496047411114,10287.528483070617,164.3461953997612,0.014025245441795231,0.8322172088470331
madrl_v3_20260627_164047,MASAC,E3,OE.3,5,Building_5,HOTEL PLAZA S.A.,MultiFamily_Hotel,1.0061376687306471,-0.006137668730647139,1766.0247493816423,1.0062896308285552,-1766.0247493816423,-548.8908552461944,0.9975999822752886,548.8908552461944,8032.092021759769,263.34219912439585,75.56896734237671,0.04289544235924933,net_importer,5.0,0.03,4266.305961655193,3765.786060104576,263.34219912439585,0.04289544235924933,0.6342136630797431
madrl_v3_20260627_164047,MASAC,E3,OE.3,6,Building_6,MALL AVENTURA S.A.,Commercial_Mall,1.0054413140708653,-0.005441314070865344,15776.995322135743,1.0055287329608793,-15776.995322135743,4215.30054851016,1.001790480702684,-4215.30054851016,86754.41291598766,1565.3273174762726,312.11953254044056,0.023524971694552775,net_importer,34.0,0.39,46073.140164256096,40681.272751731565,1565.3273174762726,0.023524971694552775,0.7113956078806627
madrl_v3_20260627_164047,MASAC,E3,OE.3,7,Building_7,UNAP-FACULTAD DE BIOLOGIA-AULAS,Education,1.185391234605959,-0.18539123460595897,9440.118407846414,1.1887735501754493,-9440.118407846414,2335.4190597792076,1.0911704058720513,-2335.4190597792076,26332.819662184644,2250.6497852131724,285.50965708494186,0.06062162856408939,net_exporter,44.0,0.42,13963.32939851243,12369.490263672214,2250.6497852131724,0.06062162856408939,0.032240174049578886
madrl_v3_20260627_164047,MASAC,E3,OE.3,8,Building_8,PNP- ESCUELA TECNICA SUPERIOR-IQUITOS,Assembly_Military,1.10735632985838,-0.10735632985837995,3807.2568735247405,1.1094074916543584,-3807.2568735247405,-899.2025018301028,1.0305144675321751,899.2025018301028,13965.46992708568,1618.9154314547777,616.5984588861465,0.05314009661835749,net_exporter,19.0,0.25,7587.459884416428,6378.010042669252,1618.9154314547777,0.05314009661835749,0.008088211482299414
madrl_v3_20260627_164047,MASAC,E3,OE.3,9,Building_9,GOBIERNO REGIONAL DE LORETO - COER,Office_Critical,1.0504715959090467,-0.05047159590904671,1073.4499079255802,1.0511821068353147,-1073.4499079255802,-406.6764292217995,0.9284470176948229,406.6764292217995,4203.53332654193,255.94585466384888,34.3171865940094,0.02165674066053059,net_exporter,12.0,0.1,2213.4308910369873,1990.1024355049428,255.94585466384888,0.02165674066053059,0.015704096351140128
madrl_v3_20260627_164047,MASAC,E3,OE.3,10,Building_10,GOBIERNO REGIONAL DE LORETO,Office,1.0450198755210744,-0.04501987552107445,18575.083964535734,1.0463632921168515,-18575.083964535734,3686.173872834712,1.0105730317752846,-3686.173872834712,70952.58161051385,608.2588432431221,471.96288204193115,0.028505392912172575,net_exporter,8.0,0.08,37616.47878457047,33336.10282594338,608.2588432431221,0.028505392912172575,0.1589609627107791
madrl_v3_20260627_164047,MASAC,E3,OE.3,11,Building_11,HOSPITAL REGIONAL DE LORETO,Healthcare_Hospital,1.0173546541799947,-0.01735465417999471,7085.636688141676,1.0177823172753722,-7085.636688141676,-2304.438581703289,0.9892928745503826,2304.438581703289,28455.855886723788,493.87172162532806,261.1962756216526,0.06510681586978637,net_exporter,5.0,0.09,15722.484692446887,12733.3711942769,493.87172162532806,0.06510681586978637,0.028139352249142692
madrl_v3_20260627_164047,MASAC,E3,OE.3,12,Building_12,SEGURO SOCIAL DE SALUD - ESSALUD,Healthcare,1.0321715973465329,-0.032171597346532854,30895.56613867986,1.0323751812982194,-30895.56613867986,6876.913280371577,1.009094700662985,-6876.913280371577,129739.67899751663,489.7182060331106,218.49114598333836,0.05520833333333333,net_exporter,5.0,0.19,68429.51130437851,61310.16769313812,489.7182060331106,0.05520833333333333,0.15798257495920956
madrl_v3_20260627_164047,MASAC,E3,OE.3,13,Building_13,UNAP-FACULTAD DE CIENCIAS AD..CONTABLES Y ECO,Education,1.1279806358927456,-0.12798063589274555,2453.9150040369204,1.132298485776452,-2453.9150040369204,323.7646423686456,1.0295236751860606,-323.7646423686456,7106.780278333796,465.1815653666854,78.83060222864151,0.048562933597621406,net_exporter,13.0,0.2,3832.8075455499347,3273.972732783861,465.1815653666854,0.048562933597621406,0.041727315527042175
madrl_v3_20260627_164047,MASAC,E3,OE.3,14,Building_14,AUTORIDAD PORTUARIA NACIONAL,Industrial_Port,1.1480765091994451,-0.14807650919944515,1784.680847986454,1.1494103113157905,-1784.680847986454,-845.4150263144693,1.0196877571731922,845.4150263144693,4816.499125994071,614.2507697343826,357.1616438673809,0.016778523489932886,net_exporter,6.0,0.11,2535.213139425963,2281.2859865681075,614.2507697343826,0.016778523489932886,0.0023774995622720257
madrl_v3_20260627_164047,MASAC,E3,OE.3,15,Building_15,DREL- COLEGIO NACIONAL DE IQUITOS,Education,1.039357045279835,-0.03935704527983508,2563.499905439472,1.039841199830459,-2563.499905439472,-286.5330013486673,0.9898724627007839,286.5330013486673,9057.70363283508,404.59967879951,75.96864879131317,0.04820846905537459,net_exporter,10.0,0.22,4856.490276870332,4201.213355964749,404.59967879951,0.04820846905537459,0.021949336091505067
madrl_v3_20260627_164047,MASAC,E3,OE.3,16,Building_16,SIMA - IQUITOS S.R.LTDA,Industrial,1.0485351867910782,-0.048535186791078155,11789.351006293524,1.0490097223390382,-11789.351006293524,2089.146697272139,1.0115814582624583,-2089.146697272139,41993.147184845075,541.9551022872329,78.52051985263824,0.0543834974214721,net_exporter,13.0,0.17,22779.280894100666,19213.86629074441,541.9551022872329,0.0543834974214721,0.07410489472565084
madrl_v3_20260627_164047,MASAC,E3,OE.3,17,Building_17,ASOCIACION CIVIL SELVA AMAZONICA,Laboratory,1.0419170716780815,-0.04191707167808145,5790.491945133312,1.0425347994937322,-5790.491945133312,780.4171880511421,1.0071276539459764,-780.4171880511421,19693.391360967536,619.0684324130416,96.60785698890686,0.06202651515151515,net_exporter,13.0,0.24,10493.41444158554,9199.976919381996,619.0684324130416,0.06202651515151515,0.24591759099130397
madrl_v3_20260627_164047,MATD3,E1,OE.1,1,Building_1,ELECTRO ORIENTE S.A.,Office,1.0014577180913578,-0.0014577180913577514,4169.593465026002,1.0013757105859988,-4169.593465026002,4480.25976029411,1.001883069727359,-4480.25976029411,1895.5012817382812,8879.937245206907,1583.7518562180921,0.7402597402597403,net_importer,6.0,2.190720303934869,0.0,1895.5012817382812,8879.937245206907,0.7402597402597403,0.5073222796234286
madrl_v3_20260627_164047,MATD3,E1,OE.1,2,Building_2,MUNICIPALIDAD DISTRITAL DE SAN JUAN BAUTISTA,Office,1.0025613064889862,-0.002561306488986226,110.35405565200199,1.0026167603338354,-110.35405565200199,-132.44582715462002,0.9734407866365459,132.44582715462002,129.90314421200696,2178.2845485229045,0.0,0.34317343173431736,net_exporter,8.0,2.119474957549499,129.90249228477478,0.0006519272321980907,2178.2845485229045,0.34317343173431736,0.017458980749183825
madrl_v3_20260627_164047,MATD3,E1,OE.1,3,Building_3,AEROPUERTO INTERNACIONAL,Assembly,1.0162658257050463,-0.01626582570504631,9096.473491992569,1.0157559462065466,-9096.473491992569,8616.46970715234,1.0191843554084468,-8616.46970715234,664.1392211914062,16704.372256189585,2328.214222590439,0.7652694610778443,net_exporter,10.0,2.6861414081169945,0.0,664.1392211914062,16704.372256189585,0.7652694610778443,0.2539911151089658
madrl_v3_20260627_164047,MATD3,E1,OE.1,4,Building_4,HIPERMERCADOS TOTTUS ORIENTE SAC,Retail,0.9990947909317618,0.0009052090682382108,-360.5190547941602,0.9991301280680283,360.5190547941602,-458.7606200844748,0.998604771304841,458.7606200844748,129.38999938964844,1720.4128919318318,1669.818962175399,0.3246844319775596,net_importer,8.0,2.0611190791019585,0.0,129.38999938964844,1720.4128919318318,0.3246844319775596,0.8133426385913657
madrl_v3_20260627_164047,MATD3,E1,OE.1,5,Building_5,HOTEL PLAZA S.A.,MultiFamily_Hotel,0.9981917303696722,0.0018082696303277634,-553.1820692244219,0.9981443464532147,553.1820692244219,-366.30828433218994,0.9984256241678131,366.30828433218994,66.69000244140625,1120.1211027093232,1813.6751131638885,0.34316353887399464,net_importer,5.0,1.8475035592118034,0.0,66.69000244140625,1120.1211027093232,0.34316353887399464,0.6505418754642716
madrl_v3_20260627_164047,MATD3,E1,OE.1,6,Building_6,MALL AVENTURA S.A.,Commercial_Mall,1.0027348913041683,-0.002734891304168263,10651.98459522659,1.0026208270226646,-10651.98459522659,8392.78836319549,1.0026247975590954,-8392.78836319549,1353.4387013494215,26183.063033197075,3727.186319041066,0.3823122405334004,net_importer,34.0,3.8833397943236507,1353.1816694091394,0.2570319402821042,26183.063033197075,0.3823122405334004,0.8551256830284591
madrl_v3_20260627_164047,MATD3,E1,OE.1,7,Building_7,UNAP-FACULTAD DE BIOLOGIA-AULAS,Education,1.159293591365488,-0.15929359136548804,12547.892022004176,1.1533835867431916,-12547.892022004176,12638.630894491755,1.2930818002941449,-12638.630894491755,277.6279525756836,20586.2127130609,1451.4729006066918,0.3384279475982533,net_exporter,44.0,4.249902778874511,0.0,277.6279525756836,20586.2127130609,0.3384279475982533,0.03502490484567942
madrl_v3_20260627_164047,MATD3,E1,OE.1,8,Building_8,PNP- ESCUELA TECNICA SUPERIOR-IQUITOS,Assembly_Military,1.0896228317860006,-0.08962283178600061,5611.882300971294,1.0874524726458443,-5611.882300971294,4985.046019970978,0.7824503480624858,-4985.046019970978,320.1572818706718,13011.789591550827,4841.631203435361,0.464573268921095,net_exporter,19.0,3.1296604223222286,320.07970947253125,0.07757239814054628,13011.789591550827,0.464573268921095,0.010424238968653252
madrl_v3_20260627_164047,MATD3,E1,OE.1,9,Building_9,GOBIERNO REGIONAL DE LORETO - COER,Office_Critical,1.0356806341663538,-0.03568063416635381,834.2206596290125,1.036492641670031,-834.2206596290125,651.5491709332837,1.2657610294442752,-651.5491709332837,38.87544536590576,6583.751294627786,0.0,0.38440714672441795,net_exporter,12.0,2.3166115011398465,0.0,38.87544536590576,6583.751294627786,0.38440714672441795,0.0211180659566958
madrl_v3_20260627_164047,MATD3,E1,OE.1,10,Building_10,GOBIERNO REGIONAL DE LORETO,Office,1.032172698590432,-0.032172698590432036,12713.468743677484,1.0314830514553694,-12713.468743677484,12586.203459868673,1.0386107753715406,-12586.203459868673,662.9605941772461,21137.037186317146,1566.4249131665565,0.6694915254237288,net_exporter,8.0,2.42965438230254,0.0,662.9605941772461,21137.037186317146,0.6694915254237288,0.14999341316419565
madrl_v3_20260627_164047,MATD3,E1,OE.1,11,Building_11,HOSPITAL REGIONAL DE LORETO,Healthcare_Hospital,0.9982159352202616,0.001784064779738359,-801.056876752351,0.998143097142419,801.056876752351,-1824.6310089519247,0.9904092436856504,1824.6310089519247,532.7440643310547,1455.1087969951332,2209.094816119643,0.32553407934893186,net_exporter,5.0,1.8038190856120113,0.0,532.7440643310547,1455.1087969951332,0.32553407934893186,0.02999204372981047
madrl_v3_20260627_164047,MATD3,E1,OE.1,12,Building_12,SEGURO SOCIAL DE SALUD - ESSALUD,Healthcare,0.9978897156958575,0.002110284304142507,-2152.5859613089124,0.997882868869227,2152.5859613089124,-2322.773223772878,0.9969482396825493,2322.773223772878,1223.2149353027344,0.0,2431.2098674811423,0.0,net_exporter,5.0,1.566670021112061,0.0,1223.2149353027344,0.0,0.0,0.15531022741097322
madrl_v3_20260627_164047,MATD3,E1,OE.1,13,Building_13,UNAP-FACULTAD DE CIENCIAS AD..CONTABLES Y ECO,Education,1.3611095598742846,-0.3611095598742846,7053.8491813538785,1.3544534180499588,-7053.8491813538785,7017.086505566538,1.7738547927231179,-7017.086505566538,144.78224154534018,10374.461107077077,0.0,0.6481665014866204,net_exporter,13.0,2.527199896447378,144.7477612906223,0.03448025471789151,10374.461107077077,0.6481665014866204,0.042259201988233686
madrl_v3_20260627_164047,MATD3,E1,OE.1,14,Building_14,AUTORIDAD PORTUARIA NACIONAL,Industrial_Port,0.8732659644865995,0.12673403551340046,-2070.5784961438258,0.8737766691828348,2070.5784961438258,-3532.4155618258374,1.0631695418910554,3532.4155618258374,64.33050727844238,0.0,4722.050177253783,0.0,net_exporter,6.0,1.8633123348429357,0.0,64.33050727844238,0.0,0.0,0.0018719176419417416
madrl_v3_20260627_164047,MATD3,E1,OE.1,15,Building_15,DREL- COLEGIO NACIONAL DE IQUITOS,Education,1.0149716611880135,-0.014971661188013519,1060.0689967864164,1.0148454667816005,-1060.0689967864164,717.1645468654569,1.026414137698881,-717.1645468654569,140.2913589477539,2785.137937311083,1312.3887479305267,0.50814332247557,net_exporter,10.0,2.4466999575614725,0.0,140.2913589477539,2785.137937311083,0.50814332247557,0.023668757642990288
madrl_v3_20260627_164047,MATD3,E1,OE.1,16,Building_16,SIMA - IQUITOS S.R.LTDA,Industrial,1.0232946045429074,-0.023294604542907438,6707.384412607236,1.0224309655145336,-6707.384412607236,6445.151627770596,1.0305543602877159,-6445.151627770596,454.91090393066406,9723.487419864163,0.0,0.4571026722925457,net_exporter,13.0,2.1097034175947984,0.0,454.91090393066406,9723.487419864163,0.4571026722925457,0.06962529941491118
madrl_v3_20260627_164047,MATD3,E1,OE.1,17,Building_17,ASOCIACION CIVIL SELVA AMAZONICA,Laboratory,1.066632509807919,-0.06663250980791902,8626.72504574852,1.065355418375896,-8626.72504574852,8075.305863098925,1.0805014396183528,-8075.305863098925,391.2931638907121,11569.55326846242,0.0,0.7395833333333334,net_exporter,13.0,2.890550370777762,391.176816295545,0.11634759516709892,11569.55326846242,0.7395833333333334,0.2301341670917117
madrl_v3_20260627_164047,MATD3,E2,OE.2,1,Building_1,ELECTRO ORIENTE S.A.,Office,1.0023373541829348,-0.002337354182934792,6951.535140919033,1.0022935810035472,-6951.535140919033,4618.862719768193,1.0022222316387839,-4618.862719768193,3607.433335058442,7693.142107978463,1617.9369363021106,0.25865800865800864,net_importer,6.0,1.9518227574387599,3607.206620061799,0.22671499664284056,7693.142107978463,0.25865800865800864,0.5072954831317513
madrl_v3_20260627_164047,MATD3,E2,OE.2,2,Building_2,MUNICIPALIDAD DISTRITAL DE SAN JUAN BAUTISTA,Office,1.0023691186859855,-0.0023691186859855495,102.6227556636295,1.0024334325982283,-102.6227556636295,-133.3569866283051,0.9356997754012059,133.3569866283051,129.90314421200696,354.17428172007203,590.8579978803173,0.15129151291512916,net_exporter,8.0,1.950303297179113,129.90249228477478,0.0006519272321980907,354.17428172007203,0.15129151291512916,0.01631724913097641
madrl_v3_20260627_164047,MATD3,E2,OE.2,3,Building_3,AEROPUERTO INTERNACIONAL,Assembly,0.9981188649571012,0.0018811350428987739,-1112.949284640723,0.998034972946438,1112.949284640723,-958.8966749461833,0.9974939401813191,958.8966749461833,664.1392211914062,4229.520744848996,4672.786993610673,0.38602794411177643,net_exporter,10.0,2.4582530556452786,0.0,664.1392211914062,4229.520744848996,0.38602794411177643,0.25316591758712687
madrl_v3_20260627_164047,MATD3,E2,OE.2,4,Building_4,HIPERMERCADOS TOTTUS ORIENTE SAC,Retail,1.0002054795561994,-0.00020547955619942826,86.86336731998017,1.0002095867170941,-86.86336731998017,-32.59594170260243,0.9998835516330608,32.59594170260243,129.38999938964844,2697.514974117279,1669.818962175399,0.48106591865357645,net_importer,8.0,2.0987172527185107,0.0,129.38999938964844,2697.514974117279,0.48106591865357645,0.8139386571887858
madrl_v3_20260627_164047,MATD3,E2,OE.2,5,Building_5,HOTEL PLAZA S.A.,MultiFamily_Hotel,0.9953715363533707,0.004628463646629277,-1416.2341955444426,0.9952492313940219,1416.2341955444426,-950.0458268172515,0.9953320980043942,950.0458268172515,66.69000244140625,0.0,1813.6751131638885,0.0,net_importer,5.0,1.5806510565111127,0.0,66.69000244140625,0.0,0.0,0.6504388401047617
madrl_v3_20260627_164047,MATD3,E2,OE.2,6,Building_6,MALL AVENTURA S.A.,Commercial_Mall,1.002234468322777,-0.0022344683227770723,8619.185892284382,1.002120674824127,-8619.185892284382,5521.813462362625,1.0020031534177307,-5521.813462362625,724.1849975585938,24601.083665251732,3727.186319041066,0.3450748521826645,net_importer,34.0,3.683416543934093,0.0,724.1849975585938,24601.083665251732,0.3450748521826645,0.8550334523898645
madrl_v3_20260627_164047,MATD3,E2,OE.2,7,Building_7,UNAP-FACULTAD DE BIOLOGIA-AULAS,Education,1.1280760193135255,-0.12807601931352552,10147.588059800866,1.1240426231972256,-10147.588059800866,7192.0250282994675,1.2268358907156456,-7192.0250282994675,523.6122240451477,17457.822829430923,2943.3344661183655,0.4193424094528641,net_exporter,44.0,4.429125341767402,523.6122240451477,0.0,17457.822829430923,0.4193424094528641,0.034641872490970546
madrl_v3_20260627_164047,MATD3,E2,OE.2,8,Building_8,PNP- ESCUELA TECNICA SUPERIOR-IQUITOS,Assembly_Military,0.9703814496082915,0.029618550391708465,-1904.0908750832314,0.9703276999015331,1904.0908750832314,-1950.974042386908,1.0667676659031347,1950.974042386908,169.09834671020508,3839.3417687695473,6462.487257473171,0.29495437466451957,net_exporter,19.0,3.04942131032359,0.0,169.09834671020508,3839.3417687695473,0.29495437466451957,0.010260471193031816
madrl_v3_20260627_164047,MATD3,E2,OE.2,9,Building_9,GOBIERNO REGIONAL DE LORETO - COER,Office_Critical,1.0252484994232252,-0.025248499423225157,557.2435806423127,1.0259613476008709,-557.2435806423127,303.81413540743426,36.573096244597686,-303.81413540743426,38.87544536590576,3373.1118268873543,1205.4518980681896,0.5100162425554954,net_exporter,12.0,2.3421555211838494,0.0,38.87544536590576,3373.1118268873543,0.5100162425554954,0.017457302809387575
madrl_v3_20260627_164047,MATD3,E2,OE.2,10,Building_10,GOBIERNO REGIONAL DE LORETO,Office,1.0194079789713173,-0.019407978971317297,7589.062412178668,1.018917733754961,-7589.062412178668,5227.3350185480085,1.0206579204315203,-5227.3350185480085,662.9605941772461,15170.41975074634,3205.4006411880255,0.6533127889060092,net_exporter,8.0,2.4365724806962996,0.0,662.9605941772461,15170.41975074634,0.6533127889060092,0.1497980823515712
madrl_v3_20260627_164047,MATD3,E2,OE.2,11,Building_11,HOSPITAL REGIONAL DE LORETO,Healthcare_Hospital,0.9957285479760554,0.004271452023944633,-1848.3140035871766,0.9957154858104009,1848.3140035871766,-2279.042941080581,0.9859458229689252,2279.042941080581,532.7440643310547,0.0,2209.094816119643,0.0,net_exporter,5.0,1.6693609956626878,0.0,532.7440643310547,0.0,0.0,0.029985795861739935
madrl_v3_20260627_164047,MATD3,E2,OE.2,12,Building_12,SEGURO SOCIAL DE SALUD - ESSALUD,Healthcare,0.9978873190416898,0.002112680958310187,-2163.488812311087,0.9978804408939013,2163.488812311087,-2053.6084617908346,0.9969235772970815,2053.6084617908346,1223.2149353027344,0.0,2431.2098674811423,0.0,net_exporter,5.0,1.8195689201716136,0.0,1223.2149353027344,0.0,0.0,0.15531022741097322
madrl_v3_20260627_164047,MATD3,E2,OE.2,13,Building_13,UNAP-FACULTAD DE CIENCIAS AD..CONTABLES Y ECO,Education,1.0703447625508278,-0.07034476255082778,1514.2031124481873,1.0698666753710366,-1514.2031124481873,971.0084948295817,1.13711563736181,-971.0084948295817,144.78224154534018,3249.822793824598,1360.1455741077662,0.4628344895936571,net_exporter,13.0,2.475898332129838,144.7477612906223,0.03448025471789151,3249.822793824598,0.4628344895936571,0.040909361589516795
madrl_v3_20260627_164047,MATD3,E2,OE.2,14,Building_14,AUTORIDAD PORTUARIA NACIONAL,Industrial_Port,1.458029067720325,-0.4580290677203249,6969.130487184972,1.446890282906732,-6969.130487184972,4420.004919616345,0.9182775422280426,-4420.004919616345,64.33050727844238,11980.249707240611,2337.8091843277216,0.7348993288590604,net_exporter,6.0,2.076151356187467,0.0,64.33050727844238,11980.249707240611,0.7348993288590604,0.0020828322098683967
madrl_v3_20260627_164047,MATD3,E2,OE.2,15,Building_15,DREL- COLEGIO NACIONAL DE IQUITOS,Education,1.0019377803164338,-0.0019377803164337681,135.67569352604914,1.0019000357603725,-135.67569352604914,-166.00098410973806,0.9903391910341992,166.00098410973806,140.2913589477539,1532.848994847387,1312.3887479305267,0.25276872964169383,net_exporter,10.0,2.2742672973557627,0.0,140.2913589477539,1532.848994847387,0.25276872964169383,0.023651909494671032
madrl_v3_20260627_164047,MATD3,E2,OE.2,16,Building_16,SIMA - IQUITOS S.R.LTDA,Industrial,1.0211408225520466,-0.021140822552046634,6079.644355727651,1.0203316649979284,-6079.644355727651,4084.2272729192337,1.0229848080465596,-4084.2272729192337,454.91090393066406,8864.235897751525,0.0,0.36802625410220347,net_exporter,13.0,2.091726561773524,0.0,454.91090393066406,8864.235897751525,0.36802625410220347,0.06961421918473035
madrl_v3_20260627_164047,MATD3,E2,OE.2,17,Building_17,ASOCIACION CIVIL SELVA AMAZONICA,Laboratory,1.0455775249556782,-0.04557752495567824,5707.077056921567,1.044253378311137,-5707.077056921567,3978.6180818784487,1.0460235512957923,-3978.6180818784487,207.9210968017578,8145.327739963308,0.0,0.2821969696969697,net_exporter,13.0,2.1651604716519532,0.0,207.9210968017578,8145.327739963308,0.2821969696969697,0.22992905203406325
madrl_v3_20260627_164047,MATD3,E3,OE.3,1,Building_1,ELECTRO ORIENTE S.A.,Office,1.0013596660427362,-0.001359666042736185,3888.0077229202725,1.0012828045293827,-3888.0077229202725,4843.0938886310905,1.0017220100166369,-4843.0938886310905,1895.5012817382812,8462.970232633874,1617.9369363021106,0.5173160173160173,net_importer,6.0,2.0675697244278264,0.0,1895.5012817382812,8462.970232633874,0.5173160173160173,0.5073032365396427
madrl_v3_20260627_164047,MATD3,E3,OE.3,2,Building_2,MUNICIPALIDAD DISTRITAL DE SAN JUAN BAUTISTA,Office,1.0029268524840307,-0.002926852484030684,113.01437550113769,1.002981173163514,-113.01437550113769,-170.44407857847568,0.8138137648419193,170.44407857847568,129.90314421200696,566.6829447690398,590.8579978803173,0.33025830258302585,net_exporter,8.0,1.9424563461339217,129.90249228477478,0.0006519272321980907,566.6829447690398,0.33025830258302585,0.01641258581264055
madrl_v3_20260627_164047,MATD3,E3,OE.3,3,Building_3,AEROPUERTO INTERNACIONAL,Assembly,1.0157995411175953,-0.015799541117595295,8737.941424186109,1.0154277389622755,-8737.941424186109,9133.735155636445,1.0174465486971216,-9133.735155636445,1260.8284266394985,14273.600824467838,2344.5727710202336,0.5141716566866268,net_exporter,10.0,2.489692894094998,1260.4981082501108,0.3303183893876849,14273.600824467838,0.5141716566866268,0.25369931720627736
madrl_v3_20260627_164047,MATD3,E3,OE.3,4,Building_4,HIPERMERCADOS TOTTUS ORIENTE SAC,Retail,1.0015345955718036,-0.0015345955718035764,631.4797802955727,1.0015236546493982,-631.4797802955727,363.94980360381305,1.0009380577157065,-363.94980360381305,243.13324140524026,3481.636465843767,1669.818962175399,0.6584852734922861,net_importer,8.0,2.2783922361968387,243.11718369202026,0.016057713219993275,3481.636465843767,0.6584852734922861,0.8144516058801442
madrl_v3_20260627_164047,MATD3,E3,OE.3,5,Building_5,HOTEL PLAZA S.A.,MultiFamily_Hotel,0.9972719723542167,0.002728027645783282,-824.7591667941888,0.9971087492449635,824.7591667941888,-480.57576279580826,0.9981973378580768,480.57576279580826,66.69000244140625,781.1923982072622,1813.6751131638885,0.32171581769436997,net_importer,5.0,1.548443867095944,0.0,66.69000244140625,781.1923982072622,0.32171581769436997,0.6505406494464461
madrl_v3_20260627_164047,MATD3,E3,OE.3,6,Building_6,MALL AVENTURA S.A.,Commercial_Mall,1.0014577471991088,-0.0014577471991088498,5656.399538822938,1.0013917073198282,-5656.399538822938,5237.497457646299,1.0013856563519048,-5237.497457646299,724.1849975585938,20703.477795336396,5740.186815704219,0.46559315637187065,net_importer,34.0,4.136018021623167,0.0,724.1849975585938,20703.477795336396,0.46559315637187065,0.8546760707612322
madrl_v3_20260627_164047,MATD3,E3,OE.3,7,Building_7,UNAP-FACULTAD DE BIOLOGIA-AULAS,Education,1.1988405339979018,-0.1988405339979018,16599.681164901907,1.1919016688992634,-16599.681164901907,19286.639444799344,1.3451321193876642,-19286.639444799344,277.6279525756836,26387.20552253537,1491.8615655116737,0.5247880811713331,net_exporter,44.0,4.579192149485902,0.0,277.6279525756836,26387.20552253537,0.5247880811713331,0.03519287777094019
madrl_v3_20260627_164047,MATD3,E3,OE.3,8,Building_8,PNP- ESCUELA TECNICA SUPERIOR-IQUITOS,Assembly_Military,1.0850897830506463,-0.0850897830506463,5312.571718088817,1.0827881822971481,-5312.571718088817,5679.101768598106,0.7995236304217677,-5679.101768598106,169.09834671020508,12952.008410556242,4841.631203435361,0.46484165324745036,net_exporter,19.0,3.289213133806982,0.0,169.09834671020508,12952.008410556242,0.46484165324745036,0.01042399980345533
madrl_v3_20260627_164047,MATD3,E3,OE.3,9,Building_9,GOBIERNO REGIONAL DE LORETO - COER,Office_Critical,1.0485608207495885,-0.04856082074958845,1068.0396748888343,1.0497587593965934,-1068.0396748888343,1023.4906623259712,1.573421994711913,-1023.4906623259712,38.87544536590576,6939.37315453589,0.0,0.37087168381158636,net_exporter,12.0,2.274843873543752,0.0,38.87544536590576,6939.37315453589,0.37087168381158636,0.021176471110878226
madrl_v3_20260627_164047,MATD3,E3,OE.3,10,Building_10,GOBIERNO REGIONAL DE LORETO,Office,1.0081883912838974,-0.008188391283897367,3207.7750012048637,1.007996222764709,-3207.7750012048637,2925.505332276516,1.0077520509343652,-2925.505332276516,1253.8736981519314,8684.561257060617,4805.152293719351,0.4899845916795069,net_exporter,8.0,2.4616724817478772,1253.8736981519314,0.0,8684.561257060617,0.4899845916795069,0.14958425641088766
madrl_v3_20260627_164047,MATD3,E3,OE.3,11,Building_11,HOSPITAL REGIONAL DE LORETO,Healthcare_Hospital,1.0198848921120118,-0.01988489211201183,8332.188633897807,1.0193145647138928,-8332.188633897807,8538.471293286479,1.0381450366614957,-8538.471293286479,532.7440643310547,12087.939836069942,0.0,0.671414038657172,net_exporter,5.0,1.8190417708394153,0.0,532.7440643310547,12087.939836069942,0.671414038657172,0.03006224771286071
madrl_v3_20260627_164047,MATD3,E3,OE.3,12,Building_12,SEGURO SOCIAL DE SALUD - ESSALUD,Healthcare,0.9978873190416898,0.002112680958310187,-2163.488812311087,0.9978804408939013,2163.488812311087,-2672.0535701428307,0.997034626880271,2672.0535701428307,1223.2149353027344,0.0,2431.2098674811423,0.0,net_exporter,5.0,1.6063996767615338,0.0,1223.2149353027344,0.0,0.0,0.15531022741097322
madrl_v3_20260627_164047,MATD3,E3,OE.3,13,Building_13,UNAP-FACULTAD DE CIENCIAS AD..CONTABLES Y ECO,Education,1.3310261732879227,-0.3310261732879227,6462.385206009651,1.324732563568808,-6462.385206009651,7454.377370212824,1.7154538882718844,-7454.377370212824,144.78224154534018,9541.111192865297,0.0,0.5569871159563925,net_exporter,13.0,2.474867381827995,144.7477612906223,0.03448025471789151,9541.111192865297,0.5569871159563925,0.04219721502282551
madrl_v3_20260627_164047,MATD3,E3,OE.3,14,Building_14,AUTORIDAD PORTUARIA NACIONAL,Industrial_Port,1.4314450504037264,-0.4314450504037264,6924.560233738037,1.4221240867062857,-6924.560233738037,6942.329148787183,0.8959265679917038,-6942.329148787183,64.33050727844238,11801.238536376506,2384.240992926061,0.7290268456375839,net_exporter,6.0,2.089390020670245,0.0,64.33050727844238,11801.238536376506,0.7290268456375839,0.00203955313429148
madrl_v3_20260627_164047,MATD3,E3,OE.3,15,Building_15,DREL- COLEGIO NACIONAL DE IQUITOS,Education,1.0707387452336694,-0.07073874523366941,4728.621304856904,1.0686914732624828,-4728.621304856904,5319.336686961971,1.1869848918093995,-5319.336686961971,140.2913589477539,7047.5271396152675,0.0,0.38045602605863194,net_exporter,10.0,2.0675075294983984,0.0,140.2913589477539,7047.5271396152675,0.38045602605863194,0.023917070384015148
madrl_v3_20260627_164047,MATD3,E3,OE.3,16,Building_16,SIMA - IQUITOS S.R.LTDA,Industrial,1.0228054070531802,-0.022805407053180238,6667.361244060507,1.021952262102926,-6667.361244060507,7461.088822252495,1.029323591211327,-7461.088822252495,454.91090393066406,9670.127303780988,0.0,0.44913267698077824,net_exporter,13.0,2.383225787473939,0.0,454.91090393066406,9670.127303780988,0.44913267698077824,0.06962479018806912
madrl_v3_20260627_164047,MATD3,E3,OE.3,17,Building_17,ASOCIACION CIVIL SELVA AMAZONICA,Laboratory,1.0556774737184738,-0.05567747371847376,7019.362469963831,1.0544290004392685,-7019.362469963831,7670.537615821464,1.0658075149989863,-7670.537615821464,391.2931638907121,9426.874285021797,0.0,0.46638257575757575,net_exporter,13.0,2.4759523399572667,391.176816295545,0.11634759516709892,9426.874285021797,0.46638257575757575,0.23000584090336046
madrl_v3_20260627_164047,MAAC,E1,OE.1,1,Building_1,ELECTRO ORIENTE S.A.,Office,1.0060546106527837,-0.006054610652783676,17770.666452719364,1.006173677294096,-17770.666452719364,2940.3078446509317,1.0017143654337646,-2940.3078446509317,73357.46596452329,572.6766110360622,242.74981907010078,0.04004329004329004,net_importer,6.0,0.11,38091.34033203125,35266.12563249203,572.6766110360622,0.04004329004329004,0.4904054710346867
madrl_v3_20260627_164047,MAAC,E1,OE.1,2,Building_2,MUNICIPALIDAD DISTRITAL DE SAN JUAN BAUTISTA,Office,1.031902115758469,-0.03190211575846891,1005.8809560081936,1.0323169277616184,-1005.8809560081936,-253.78286649480833,1.0583843696462887,253.78286649480833,4715.750213604435,55.26330590248108,15.436620950698853,0.01845018450184502,net_exporter,8.0,0.07,2475.3210365772247,2240.4291770272107,55.26330590248108,0.01845018450184502,0.014341228980257107
madrl_v3_20260627_164047,MAAC,E1,OE.1,3,Building_3,AEROPUERTO INTERNACIONAL,Assembly,1.0366473827586433,-0.03664738275864332,9379.15315049942,1.0368311767270872,-9379.15315049942,183.18253686942626,1.0012829388809918,-183.18253686942626,35880.01147306534,644.3287180960178,305.9484807252884,0.02475049900199601,net_exporter,10.0,0.05,18779.455405071494,17100.556067993843,644.3287180960178,0.02475049900199601,0.12365419569629803
madrl_v3_20260627_164047,MAAC,E1,OE.1,4,Building_4,HIPERMERCADOS TOTTUS ORIENTE SAC,Retail,1.0048849358999548,-0.0048849358999547565,2136.4090055385022,1.0050534526481494,-2136.4090055385022,445.9374862164841,1.0017178163914016,-445.9374862164841,6524.585756506846,273.44769605994225,60.866859555244446,0.024544179523141654,net_importer,8.0,0.03,3625.5172161922465,2899.0685403146,273.44769605994225,0.024544179523141654,0.8213863849132448
madrl_v3_20260627_164047,MAAC,E1,OE.1,5,Building_5,HOTEL PLAZA S.A.,MultiFamily_Hotel,1.0023356290683403,-0.0023356290683402836,701.0513247710769,1.0023835776112264,-701.0513247710769,-264.9368582125753,0.9985037336818186,264.9368582125753,4820.243452208889,203.1743505001068,85.91659945249557,0.049597855227882036,net_importer,5.0,0.09,2613.463387945537,2206.780064263352,203.1743505001068,0.049597855227882036,0.6579984090190866
madrl_v3_20260627_164047,MAAC,E1,OE.1,6,Building_6,MALL AVENTURA S.A.,Commercial_Mall,1.0025283633393898,-0.002528363339389772,10656.900342616718,1.0026159061675157,-10656.900342616718,2148.9174705753103,1.0008671040967856,-2148.9174705753103,58204.87185073561,1106.6363821774721,413.7977807391435,0.021386337904138887,net_importer,34.0,0.55,30566.008666992188,27638.863183743422,1106.6363821774721,0.021386337904138887,0.861041249274439
madrl_v3_20260627_164047,MAAC,E1,OE.1,7,Building_7,UNAP-FACULTAD DE BIOLOGIA-AULAS,Education,1.0394730047422762,-0.03947300474227622,2803.3701157714677,1.0395910406497102,-2803.3701157714677,894.7552645089308,1.0331919238433538,-894.7552645089308,6890.991292480113,2126.7416176199913,259.2542759478092,0.059979450295402005,net_exporter,44.0,0.47,3891.7717490230816,2999.2195434570312,2126.7416176199913,0.059979450295402005,0.04404956839231393
madrl_v3_20260627_164047,MAAC,E1,OE.1,8,Building_8,PNP- ESCUELA TECNICA SUPERIOR-IQUITOS,Assembly_Military,1.0415369166459572,-0.041536916645957156,1502.4807328329844,1.0422774414747757,-1502.4807328329844,-310.33087436192,1.0077579566254073,310.33087436192,3782.0551733355987,1345.6209635734558,698.6422567665577,0.06065485775630703,net_exporter,19.0,0.34,1982.0638275146484,1799.9913458209503,1345.6209635734558,0.06065485775630703,0.007779988468641727
madrl_v3_20260627_164047,MAAC,E1,OE.1,9,Building_9,GOBIERNO REGIONAL DE LORETO - COER,Office_Critical,1.0303660194593849,-0.030366019459384885,598.8120052297418,1.0307150522618194,-598.8120052297418,-92.64210583066915,1.145460696785598,92.64210583066915,2469.1479862835718,219.4257254600525,63.638105392456055,0.023280996210070383,net_exporter,12.0,0.07,1336.133678591606,1133.0143076919658,219.4257254600525,0.023280996210070383,0.014651728802345188
madrl_v3_20260627_164047,MAAC,E1,OE.1,10,Building_10,GOBIERNO REGIONAL DE LORETO,Office,1.009153643324443,-0.009153643324443017,4240.807737960888,1.0094606744859924,-4240.807737960888,958.0168433018262,1.0034561013005063,-958.0168433018262,13372.623413051013,787.8329135775566,516.7009543087333,0.023882896764252697,net_exporter,8.0,0.25,7764.191542645378,5608.431870405634,787.8329135775566,0.023882896764252697,0.16060770422079035
madrl_v3_20260627_164047,MAAC,E1,OE.1,11,Building_11,HOSPITAL REGIONAL DE LORETO,Healthcare_Hospital,1.0059919203432088,-0.005991920343208834,2103.067469609028,1.0057203322550565,-2103.067469609028,-888.9321198133257,0.9914473693327199,888.9321198133257,10176.590277283674,570.3815714120865,148.39653396606445,0.0762970498474059,net_exporter,5.0,0.08,5155.795989990234,5020.794287293441,570.3815714120865,0.0762970498474059,0.02587631155712106
madrl_v3_20260627_164047,MAAC,E1,OE.1,12,Building_12,SEGURO SOCIAL DE SALUD - ESSALUD,Healthcare,1.0106434408292184,-0.01064344082921842,11013.67513289256,1.0106671169206474,-11013.67513289256,6.225393988541327,1.0000105595658644,-6.225393988541327,72534.62070844881,430.8110456466675,151.7320913085714,0.030208333333333334,net_exporter,5.0,0.05,39631.49459246732,32903.12611598149,430.8110456466675,0.030208333333333334,0.15981852441602815
madrl_v3_20260627_164047,MAAC,E1,OE.1,13,Building_13,UNAP-FACULTAD DE CIENCIAS AD..CONTABLES Y ECO,Education,1.0706060656906282,-0.07060606569062822,1387.7666340559226,1.0721401217044448,-1387.7666340559226,202.177036113153,1.0314716359953215,-202.177036113153,4388.299544389407,648.8648328781128,32.66730236634612,0.06095143706640238,net_exporter,13.0,0.2,2405.4113329006836,1982.8882114887238,648.8648328781128,0.06095143706640238,0.043104977660125186
madrl_v3_20260627_164047,MAAC,E1,OE.1,14,Building_14,AUTORIDAD PORTUARIA NACIONAL,Industrial_Port,1.1099508308302803,-0.10995083083028034,1519.7487320994787,1.1108784136233758,-1519.7487320994787,-246.19107240995072,1.0052775102779286,246.19107240995072,5566.884461576003,419.14769315719604,403.04318445920944,0.008389261744966443,net_exporter,6.0,0.06,3017.0542477088748,2549.830213867128,419.14769315719604,0.008389261744966443,0.002739024471624618
madrl_v3_20260627_164047,MAAC,E1,OE.1,15,Building_15,DREL- COLEGIO NACIONAL DE IQUITOS,Education,1.0183220460875857,-0.018322046087585697,1243.496142786622,1.0185265908848593,-1243.496142786622,-72.63421237049988,0.9949106176971059,72.63421237049988,4106.881103097337,434.00811398774385,88.63421657681465,0.053420195439739415,net_exporter,10.0,0.25,2158.319305419922,1948.5617976774147,434.00811398774385,0.053420195439739415,0.023448127656341612
madrl_v3_20260627_164047,MAAC,E1,OE.1,16,Building_16,SIMA - IQUITOS S.R.LTDA,Industrial,1.0162264961480239,-0.01622649614802385,3953.853207007138,1.0161020378461278,-3953.853207007138,414.58177620812785,1.0032491213603452,-414.58177620812785,16782.73060612582,530.5765521973372,93.26190900802612,0.04781997187060478,net_exporter,13.0,0.11,8720.702728271484,8062.027877854336,530.5765521973372,0.04781997187060478,0.07048565447843153
madrl_v3_20260627_164047,MAAC,E1,OE.1,17,Building_17,ASOCIACION CIVIL SELVA AMAZONICA,Laboratory,1.03422947796561,-0.034229477965610045,4903.786296434322,1.0343845251559025,-4903.786296434322,1171.6009859154437,1.0138983845248137,-1171.6009859154437,17451.537687945704,716.4884076043963,129.42445302009583,0.06534090909090909,net_exporter,13.0,0.15,9435.944743492175,8015.592944453529,716.4884076043963,0.06534090909090909,0.253856877555949
madrl_v3_20260627_164047,MAAC,E2,OE.2,1,Building_1,ELECTRO ORIENTE S.A.,Office,1.0081051554000313,-0.008105155400031316,23634.60108895274,1.0082108578404294,-23634.60108895274,7260.802849741653,1.0036771777494888,-7260.802849741653,124356.91614533402,584.6912280917168,266.37635450065136,0.04220779220779221,net_importer,6.0,0.11,67713.65050990321,56643.26563543081,584.6912280917168,0.04220779220779221,0.4903801609196566
madrl_v3_20260627_164047,MAAC,E2,OE.2,2,Building_2,MUNICIPALIDAD DISTRITAL DE SAN JUAN BAUTISTA,Office,1.0225528132809567,-0.022552813280956707,714.7335240736975,1.0230092956826624,-714.7335240736975,-399.7144504451717,1.0685836657335956,399.7144504451717,3220.078354600206,59.778337717056274,22.836620569229126,0.016605166051660517,net_exporter,8.0,0.07,1775.6020591290144,1444.4762954711914,59.778337717056274,0.016605166051660517,0.014106907570606118
madrl_v3_20260627_164047,MAAC,E2,OE.2,3,Building_3,AEROPUERTO INTERNACIONAL,Assembly,1.0568803030310308,-0.056880303031030754,14635.871883378742,1.0574735344386395,-14635.871883378742,1802.1081817082886,1.0111067546940653,-1802.1081817082886,54136.836383399816,610.9675801545382,289.8337551355362,0.02155688622754491,net_exporter,10.0,0.05,28752.198505090084,25384.637878309728,610.9675801545382,0.02155688622754491,0.12481832206453916
madrl_v3_20260627_164047,MAAC,E2,OE.2,4,Building_4,HIPERMERCADOS TOTTUS ORIENTE SAC,Retail,1.0146674062184646,-0.01466740621846463,6411.428929588234,1.0151658741494385,-6411.428929588234,1991.5849292417988,1.006986137106999,-1991.5849292417988,22259.991337359123,219.30346320569515,72.06302678585052,0.02314165497896213,net_importer,8.0,0.03,12064.277325780131,10195.714011578992,219.30346320569515,0.02314165497896213,0.8182058110246829
madrl_v3_20260627_164047,MAAC,E2,OE.2,5,Building_5,HOTEL PLAZA S.A.,MultiFamily_Hotel,1.003505258498149,-0.0035052584981489776,1035.809021146095,1.0035175046298634,-1035.809021146095,-595.6810479151609,0.9970369684757993,595.6810479151609,7275.652964822283,177.98002815246582,88.67366760969162,0.0388739946380697,net_importer,5.0,0.13,3926.2083761759905,3349.4445886462927,177.98002815246582,0.0388739946380697,0.6572360020210061
madrl_v3_20260627_164047,MAAC,E2,OE.2,6,Building_6,MALL AVENTURA S.A.,Commercial_Mall,1.004336554262912,-0.004336554262911907,18405.23022689065,1.0045177985074947,-18405.23022689065,6252.776270689443,1.002263318590157,-6252.776270689443,101200.92304985077,1136.7062156945467,434.897685945034,0.02201534784249591,net_importer,34.0,0.58,53456.332531146705,47744.59051870406,1136.7062156945467,0.02201534784249591,0.8602469749237854
madrl_v3_20260627_164047,MAAC,E2,OE.2,7,Building_7,UNAP-FACULTAD DE BIOLOGIA-AULAS,Education,1.0941970385253617,-0.09419703852536165,6796.218203967379,1.0959806468718736,-6796.218203967379,1930.1471342821242,1.0745935536114015,-1930.1471342821242,20060.975776606938,2057.907931178808,269.4010773897171,0.0571538659131775,net_exporter,44.0,0.38,10805.969852110164,9255.005924496776,2057.907931178808,0.0571538659131775,0.044467527269417405
madrl_v3_20260627_164047,MAAC,E2,OE.2,8,Building_8,PNP- ESCUELA TECNICA SUPERIOR-IQUITOS,Assembly_Military,1.1552336460693668,-0.15523364606936685,5648.202803503467,1.158927523132238,-5648.202803503467,594.7012225314829,0.9877852924881453,-594.7012225314829,16789.177427282615,1377.5827544033527,600.3459883034229,0.05850778314546431,net_exporter,19.0,0.39,9085.015435621142,7704.161991661473,1377.5827544033527,0.05850778314546431,0.008012994525079519
madrl_v3_20260627_164047,MAAC,E2,OE.2,9,Building_9,GOBIERNO REGIONAL DE LORETO - COER,Office_Critical,1.040250325412972,-0.04025032541297202,791.37656366191,1.0405782726182202,-791.37656366191,-182.43987174571816,1.1499338731060174,182.43987174571816,2921.2579951538937,207.2546579837799,56.23810577392578,0.024363833243096916,net_exporter,12.0,0.08,1575.8712298900937,1345.3867652638,207.2546579837799,0.024363833243096916,0.014576542652496194
madrl_v3_20260627_164047,MAAC,E2,OE.2,10,Building_10,GOBIERNO REGIONAL DE LORETO,Office,1.0327039714405335,-0.0327039714405335,15132.954615966242,1.03375806293277,-15132.954615966242,3097.7296573023777,1.010789567338467,-3097.7296573023777,54413.541413575,794.2589787244797,541.7022498995066,0.014637904468412942,net_exporter,8.0,0.26,29306.859312552435,25106.682101022565,794.2589787244797,0.014637904468412942,0.16122240414251043
madrl_v3_20260627_164047,MAAC,E2,OE.2,11,Building_11,HOSPITAL REGIONAL DE LORETO,Healthcare_Hospital,1.0351948345744173,-0.0351948345744173,13060.239328606694,1.0355262329408947,-13060.239328606694,601.9963592307904,1.0051282388518323,-601.9963592307904,53369.52990833422,493.38030640780926,172.0094441473484,0.06002034587995931,net_exporter,5.0,0.06,28619.46181640029,24750.06809193393,493.38030640780926,0.06002034587995931,0.026223668878255276
madrl_v3_20260627_164047,MAAC,E2,OE.2,12,Building_12,SEGURO SOCIAL DE SALUD - ESSALUD,Healthcare,1.0149182307655906,-0.014918230765590623,15427.895990195335,1.0149422834235449,-15427.895990195335,3331.873266436276,1.0049252917731346,-3331.873266436276,72531.330821329,484.6437773704529,153.39474046323448,0.051041666666666666,net_exporter,5.0,0.04,39067.264870161496,33464.065951167504,484.6437773704529,0.051041666666666666,0.15762623370817214
madrl_v3_20260627_164047,MAAC,E2,OE.2,13,Building_13,UNAP-FACULTAD DE CIENCIAS AD..CONTABLES Y ECO,Education,1.0899768205754616,-0.08997682057546164,1762.0891934498322,1.0914762247658705,-1762.0891934498322,227.94082114890352,1.0407515449889537,-227.94082114890352,5928.510651138217,613.5159951746464,38.60542964935303,0.05252725470763132,net_exporter,13.0,0.19,3220.4350812350167,2708.0755699032006,613.5159951746464,0.05252725470763132,0.043383461737409264
madrl_v3_20260627_164047,MAAC,E2,OE.2,14,Building_14,AUTORIDAD PORTUARIA NACIONAL,Industrial_Port,1.1100788245994964,-0.11007882459949636,1509.583317264358,1.1104782581121426,-1509.583317264358,-701.8555300273947,1.0129626824624884,701.8555300273947,5856.427517282398,438.5593731403351,428.89816468954086,0.010906040268456376,net_exporter,6.0,0.08,3090.6167459487915,2765.8107713336067,438.5593731403351,0.010906040268456376,0.0027790099456209564
madrl_v3_20260627_164047,MAAC,E2,OE.2,15,Building_15,DREL- COLEGIO NACIONAL DE IQUITOS,Education,1.0314102849743074,-0.03141028497430742,2120.0514549081563,1.0315907546900358,-2120.0514549081563,-222.2380285324598,0.9849365855958466,222.2380285324598,7316.52908147002,457.3426399976015,66.25712063908577,0.05537459283387622,net_exporter,10.0,0.24,3919.1352310180664,3397.3938504519538,457.3426399976015,0.05537459283387622,0.023592875501174837
madrl_v3_20260627_164047,MAAC,E2,OE.2,16,Building_16,SIMA - IQUITOS S.R.LTDA,Industrial,1.0319210396933087,-0.03192103969330873,7900.489557624067,1.032172307047587,-7900.489557624067,405.5336355024774,1.0028470770966291,-405.5336355024774,32946.92690137308,553.1733643338084,93.26190900802612,0.05110173464603844,net_exporter,13.0,0.11,17428.35658961814,15518.570311754942,553.1733643338084,0.05110173464603844,0.07081396578599478
madrl_v3_20260627_164047,MAAC,E2,OE.2,17,Building_17,ASOCIACION CIVIL SELVA AMAZONICA,Laboratory,1.041319397339726,-0.041319397339725894,5935.47329951881,1.0416114566003254,-5935.47329951881,1082.8433108846366,1.0112721049645497,-1082.8433108846366,19528.43563019194,700.5233999043703,122.02445340156555,0.06297348484848485,net_exporter,13.0,0.18,10534.291907886354,8994.143722305584,700.5233999043703,0.06297348484848485,0.25327108511739443
madrl_v3_20260627_164047,MAAC,E3,OE.3,1,Building_1,ELECTRO ORIENTE S.A.,Office,1.0101768499506776,-0.01017684995067758,29812.229984278325,1.0103569989793117,-29812.229984278325,8866.628043056466,1.0043081124251467,-8866.628043056466,130098.52647094509,591.3479960858822,247.70692424476147,0.04112554112554113,net_importer,6.0,0.11,69896.8615655899,60201.66490535518,591.3479960858822,0.04112554112554113,0.4900191962691797
madrl_v3_20260627_164047,MAAC,E3,OE.3,2,Building_2,MUNICIPALIDAD DISTRITAL DE SAN JUAN BAUTISTA,Office,1.018946405495425,-0.018946405495424923,603.1786635218414,1.0194081087546911,-603.1786635218414,-513.2504941530733,1.097523315353584,513.2504941530733,2754.9789012081455,56.477458238601685,15.436620950698853,0.014760147601476014,net_exporter,8.0,0.07,1527.0521758205723,1227.9267253875732,56.477458238601685,0.014760147601476014,0.014091325428638524
madrl_v3_20260627_164047,MAAC,E3,OE.3,3,Building_3,AEROPUERTO INTERNACIONAL,Assembly,1.051592401972695,-0.05159240197269499,13215.04591323962,1.0518884522606846,-13215.04591323962,-381.01429472729797,0.9977765614672084,381.01429472729797,54778.89009986388,590.641118362546,291.85608303546906,0.023552894211576848,net_exporter,10.0,0.05,28838.651216677972,25940.238883185906,590.641118362546,0.023552894211576848,0.12631135917946454
madrl_v3_20260627_164047,MAAC,E3,OE.3,4,Building_4,HIPERMERCADOS TOTTUS ORIENTE SAC,Retail,1.014948393041998,-0.01494839304199802,6515.768822942278,1.01541298046127,-6515.768822942278,1898.7107700188644,1.006095306850793,-1898.7107700188644,22216.913278694454,241.18782672286034,72.06302678585052,0.02314165497896213,net_importer,8.0,0.03,12040.415038068779,10176.498240625675,241.18782672286034,0.02314165497896213,0.818040477909794
madrl_v3_20260627_164047,MAAC,E3,OE.3,5,Building_5,HOTEL PLAZA S.A.,MultiFamily_Hotel,1.0042343605951227,-0.0042343605951227214,1249.1888576007914,1.0042447851032972,-1249.1888576007914,-610.0458629335917,0.9971306914797161,610.0458629335917,8164.721340929039,207.0528998374939,90.3947564959526,0.04691689008042895,net_importer,5.0,0.12,4403.122611339177,3761.598729589862,207.0528998374939,0.04691689008042895,0.6569256011620993
madrl_v3_20260627_164047,MAAC,E3,OE.3,6,Building_6,MALL AVENTURA S.A.,Commercial_Mall,1.0032989154795797,-0.0032989154795797226,14103.742794324178,1.0034619116520918,-14103.742794324178,2656.096125725191,1.0008931090121103,-2656.096125725191,75977.28336932848,1107.8495190888643,425.5554785132408,0.021386337904138887,net_importer,34.0,0.57,40038.98991394043,35938.29345538805,1107.8495190888643,0.021386337904138887,0.8607778824901272
madrl_v3_20260627_164047,MAAC,E3,OE.3,7,Building_7,UNAP-FACULTAD DE BIOLOGIA-AULAS,Education,1.097111151948176,-0.09711115194817599,7009.741869637772,1.0989216775766206,-7009.741869637772,2026.5497062121904,1.0625557146679125,-2026.5497062121904,20074.642790665108,2052.0858311653137,261.25832760334015,0.05574107372206524,net_exporter,44.0,0.43,10810.087260439477,9264.55553022563,2052.0858311653137,0.05574107372206524,0.04442207221107801
madrl_v3_20260627_164047,MAAC,E3,OE.3,8,Building_8,PNP- ESCUELA TECNICA SUPERIOR-IQUITOS,Assembly_Military,1.0975668470883595,-0.0975668470883595,3557.6176695554896,1.1002132449311952,-3557.6176695554896,-287.3682754620677,1.0059818942237342,287.3682754620677,11309.232048371341,1399.3286963254213,633.1802259385586,0.05770263016639828,net_exporter,19.0,0.34,6187.110037097242,5122.122011274099,1399.3286963254213,0.05770263016639828,0.008002845098595288
madrl_v3_20260627_164047,MAAC,E3,OE.3,9,Building_9,GOBIERNO REGIONAL DE LORETO - COER,Office_Critical,1.0411338241761459,-0.04113382417614586,806.4968048009468,1.0413523312945148,-806.4968048009468,-201.60605605898104,1.2659550110955016,201.60605605898104,2942.7457475835126,204.2424762248993,71.03810501098633,0.02273957769355712,net_exporter,12.0,0.08,1592.059968337197,1350.6857792463156,204.2424762248993,0.02273957769355712,0.014562406484552695
madrl_v3_20260627_164047,MAAC,E3,OE.3,10,Building_10,GOBIERNO REGIONAL DE LORETO,Office,1.0409654210301809,-0.04096542103018086,19050.813760150282,1.0424988590080633,-19050.813760150282,3921.4049577621045,1.011788615884222,-3921.4049577621045,70642.63548244536,787.9993848204613,547.3139023929834,0.017719568567026195,net_exporter,8.0,0.25,37537.40696748346,33105.2285149619,787.9993848204613,0.017719568567026195,0.16138596815796216
madrl_v3_20260627_164047,MAAC,E3,OE.3,11,Building_11,HOSPITAL REGIONAL DE LORETO,Healthcare_Hospital,1.0319042291528875,-0.03190422915288749,11815.308858978853,1.0321473377696222,-11815.308858978853,-544.9652378683968,0.9956272370851977,544.9652378683968,49944.71445365295,501.0157934874296,170.1074904501438,0.06307222787385554,net_exporter,5.0,0.05,26768.550647735596,23176.163805917353,501.0157934874296,0.06307222787385554,0.026285792712547114
madrl_v3_20260627_164047,MAAC,E3,OE.3,12,Building_12,SEGURO SOCIAL DE SALUD - ESSALUD,Healthcare,1.0180128957448074,-0.018012895744807356,18771.349817235256,1.0181800971321993,-18771.349817235256,1674.530742320465,1.0023668959169234,-1674.530742320465,91235.08225816,472.4245455265045,152.7826647767797,0.046875,net_exporter,5.0,0.04,49369.93471246469,41865.147545695305,472.4245455265045,0.046875,0.15913905640986686
madrl_v3_20260627_164047,MAAC,E3,OE.3,13,Building_13,UNAP-FACULTAD DE CIENCIAS AD..CONTABLES Y ECO,Education,1.0708272254956632,-0.07082722549566323,1401.3494720202252,1.0727709895383117,-1401.3494720202252,96.15629087547859,1.0124454169323818,-96.15629087547859,4431.238513265803,567.6567199528217,32.649742126464844,0.051040634291377604,net_exporter,13.0,0.19,2428.0342024290494,2003.2043108367532,567.6567199528217,0.051040634291377604,0.04300057362131993
madrl_v3_20260627_164047,MAAC,E3,OE.3,14,Building_14,AUTORIDAD PORTUARIA NACIONAL,Industrial_Port,1.1242956737508574,-0.12429567375085737,1706.9210198676847,1.1246572777631052,-1706.9210198676847,-683.7813220831522,1.0122123856403498,683.7813220831522,6435.289774752659,450.7670795917511,386.7236048579216,0.010067114093959731,net_exporter,6.0,0.08,3399.4475378990173,3035.842236853641,450.7670795917511,0.010067114093959731,0.0027888986114158825
madrl_v3_20260627_164047,MAAC,E3,OE.3,15,Building_15,DREL- COLEGIO NACIONAL DE IQUITOS,Education,1.0348695832890302,-0.034869583289030226,2349.028243940338,1.0350027235578427,-2349.028243940338,8.167611657190719,1.0004775549619311,-8.167611657190719,7942.126626354341,467.8347786217928,68.84123280644417,0.05732899022801303,net_exporter,10.0,0.25,4305.893829345703,3636.232797008638,467.8347786217928,0.05732899022801303,0.023570527339292865
madrl_v3_20260627_164047,MAAC,E3,OE.3,16,Building_16,SIMA - IQUITOS S.R.LTDA,Industrial,1.0361093126084506,-0.03610931260845063,8959.80473646539,1.0364860413880228,-8959.80473646539,134.9301664266095,1.0008811560651127,-134.9301664266095,38013.61317858752,568.2885534018278,81.58988618850708,0.05110173464603844,net_exporter,13.0,0.11,20112.272739020176,17901.340439567342,568.2885534018278,0.05110173464603844,0.07127385266440163
madrl_v3_20260627_164047,MAAC,E3,OE.3,17,Building_17,ASOCIACION CIVIL SELVA AMAZONICA,Laboratory,1.0383134325127386,-0.038313432512738554,5493.709940827743,1.0385188659628435,-5493.709940827743,917.1594137359643,1.0090663214018034,-917.1594137359643,18282.20552666924,700.947837330401,129.42445302009583,0.0634469696969697,net_exporter,13.0,0.16,9872.77583529024,8409.429691379002,700.947837330401,0.0634469696969697,0.25318553970521157
