action_dim,action_l2_max,action_l2_mean,action_l2_min,action_l2_total,action_mean_max,action_mean_mean,action_mean_min,action_mean_total,agent,agent_index,agent_steps,battery_capacity_fade_ratio,battery_charge_total_kwh,battery_discharge_total_kwh,battery_equivalent_full_cycles,battery_throughput_total_kwh,carbon_emissions_baseline_kgco2,carbon_emissions_control_kgco2,carbon_emissions_delta_kgco2,carbon_emissions_max,carbon_emissions_mean,carbon_emissions_min,carbon_emissions_ratio_to_baseline,carbon_emissions_total,electrical_service_violation_time_step_count,electrical_service_violation_total_kwh,electricity_cost_baseline_eur,electricity_cost_control_eur,electricity_cost_delta_eur,electricity_cost_max,electricity_cost_mean,electricity_cost_min,electricity_cost_ratio_to_baseline,electricity_cost_total,equity_relative_benefit_percent,ev_charge_total_kwh,ev_departure_count,ev_departure_met_count,ev_departure_soc_deficit_mean,ev_departure_success_rate,ev_departure_within_tolerance_count,ev_departure_within_tolerance_rate,ev_v2g_export_total_kwh,grid_export_baseline_kwh,grid_export_control_kwh,grid_export_daily_average_baseline_kwh,grid_export_daily_average_control_kwh,grid_export_daily_average_delta_kwh,grid_export_delta_kwh,grid_export_max,grid_export_mean,grid_export_min,grid_export_ratio_to_baseline,grid_export_total,grid_import_baseline_kwh,grid_import_control_kwh,grid_import_daily_average_baseline_kwh,grid_import_daily_average_control_kwh,grid_import_daily_average_delta_kwh,grid_import_delta_kwh,grid_import_max,grid_import_mean,grid_import_min,grid_import_minus_export_control_kwh,grid_import_ratio_to_baseline,grid_import_total,grid_role_control,individual_reward_max,individual_reward_mean,individual_reward_min,individual_reward_total,net_electricity_consumption_max,net_electricity_consumption_mean,net_electricity_consumption_min,net_electricity_consumption_total,net_exchange_baseline_kwh,net_exchange_control_kwh,net_exchange_delta_kwh,net_exchange_ratio_to_baseline,observation_dim,observation_l2_max,observation_l2_mean,observation_l2_min,observation_l2_total,observation_mean_max,observation_mean_mean,observation_mean_min,observation_mean_total,phase_imbalance_ratio_average,pv_export_daily_average_kwh,pv_export_total_kwh,pv_generation_daily_average_kwh,pv_generation_total_kwh,pv_self_consumption_ratio,team_reward_max,team_reward_mean,team_reward_min,team_reward_total
6,2.23606797749979,1.9830818138856814,0.07548170494768147,8695.813753888713,0.16666666666666666,0.01593077342503455,-0.09573887288570404,69.85644146877651,Building_1,0,4385,1.0767238735323404e-06,3607.206620061799,0.22671499664284056,0.26733610012290215,3607.433335058442,2827494.158852375,2827907.890990913,413.7321385378018,353.0397033691406,0.38020874162628276,0.0,1.000146324666045,1667.21533203125,0.0,0.0,2289088.6310442705,2288328.713825729,-759.9172185412608,354.9662780761719,0.3072108791790639,0.0,0.9996680263017188,1347.1197052001953,0.033197369828121964,0.0,924.0,0.0,0.6139183766214127,0.0,0.0,0.0,3201.6887925202027,1769549.5643832088,1769549.5834181905,4848.634495398677,4848.634547555266,5.215658881863254e-05,0.019034981727600098,0.0,0.0,0.0,1.0000000107569644,0.0,3668559.418107122,3668964.8539924026,10051.995208878974,10053.106118942535,1.110910063560783,405.4358852803707,446.88568115234375,0.4812768777392745,0.0,1899415.270574212,1.0001105163741602,2110.3991088867188,net_importer,0.06849300116300583,-0.6037873527158932,-0.9803013205528259,-2647.607541659192,446.88568115234375,0.4812768777392745,0.0,2110.3991088867188,1899009.8537239134,1899415.270574212,405.4168502986431,1.0002134885448348,61,492.1391016288918,75.52748235176166,2.4316594037257775,331188.0101124749,11.31579668453378,1.8860006493739565,0.15418582799611613,8270.112847504799,0.023682757265433788,4848.634547555266,1769549.5834181905,9424.330475569273,3439487.9431463024,0.4855194689825023,0.10087762773036957,-0.5480387031732056,-0.9493398070335388,-2403.1497134145066
8,2.449489742783178,2.100483893770767,0.04060951345802404,9210.621874184813,0.75,0.456738288992641,-0.06253642588853836,2002.7973972327309,Building_2,1,4385,1.0135843135443435e-06,129.90249228477478,0.0006519272321980907,0.26619496764755524,129.90314421200696,22996.78668508226,23110.881961941253,114.09527685899229,11.979837417602539,0.004823196077020573,0.0,1.0049613573592437,21.149714797735214,0.0,0.0,-2859.891488273762,-2912.9454104113915,-53.05392213762934,7.2488555908203125,0.003735025685828523,0.0,1.0185510262732564,16.378087632358074,,2449.403568945825,542.0,300.0,0.1744801693614413,0.5535055350553506,35.0,0.06457564575645756,0.0,1957185.6877907515,1954752.4143838882,5362.764757047384,5356.097493459678,-6.667263587706029,-2433.2734068632126,0.0,0.0,0.0,0.9987567488245789,0.0,30041.34405001765,30187.378946212586,82.31444881840663,82.71459010264894,0.40014128424231493,146.03489619493484,15.164350509643555,0.006105311243808664,0.0,-1924565.0354376757,1.0048611305789712,26.77178980410099,net_exporter,0.12422285228967667,-0.4676919543362348,-0.9172611236572266,-2050.8292197643896,15.164350509643555,0.006105311243808664,0.0,26.77178980410099,-1927144.3437407338,-1924565.0354376757,2579.3083030581474,0.9986615904971334,75,492.1599194523283,69.74991296484029,2.314141559565478,305853.3683508247,9.15944707288574,1.4094648522891364,0.125715293467809,6180.503377287863,0.2571753620529408,5356.097493459678,1954752.4143838882,5410.909603423045,1974756.550682602,0.010129925277016569,0.10087762773036957,-0.5480387031732056,-0.9493398070335388,-2403.1497134145066
10,2.6457513110645907,2.468553983457677,0.15979562468362246,10824.609217461913,0.7,0.5760976769924514,-0.010604453831911087,2526.1883136118995,Building_3,2,4385,1.0292547015274385e-06,1260.4981082501108,0.3303183893876849,0.26678553250941567,1260.8284266394985,336291.30693739327,345260.023604542,8968.71666714875,77.55476379394531,0.06646060791363602,0.0,1.0266694870849529,291.42976570129395,0.0,0.0,269305.92592815147,277776.9515058205,8471.025577669032,77.97798919677734,0.0556401277757425,0.0,1.031455028508838,243.98196029663086,-3.1455028508838048,14773.875574426726,2505.0,1544.0,0.21109903017687115,0.6163672654690618,32.0,0.01277445109780439,2327.173772917129,1245031.6520090103,1243259.0864940286,3411.43505516797,3406.5781568508605,-4.856898317109478,-1772.5655149817467,0.0,0.0,0.0,0.998576288793846,0.0,436313.90475171804,448248.2026948333,1195.517035511044,1228.2174751314076,32.700439620363696,11934.297943115234,98.17058563232422,0.0841273500275041,0.0,-795010.8837991953,1.027352550109322,368.89842987060547,net_exporter,0.13484406471252441,-0.5988751001151301,-1.0305038690567017,-2626.0673140048457,98.17058563232422,0.0841273500275041,0.0,368.89842987060547,-808717.7472572923,-795010.8837991953,13706.863458096981,0.9830511157884406,89,494.8597835671397,227.25077427854515,2.4466488193715175,996494.6452114205,7.965478432972146,3.6843647242019957,0.11286409920000512,16155.939315625752,0.1726404013971047,3406.5781568508605,1243259.0864940286,4022.2526369037882,1467954.6186100116,0.15306708345571646,0.10087762773036957,-0.5480387031732056,-0.9493398070335388,-2403.1497134145066
8,2.449489742783178,2.266190479774325,0.09921932161362956,9937.245253810415,0.5,0.3200686619555187,-0.0014539789408445358,1403.5010826749494,Building_4,3,4385,1.7244682844457883e-06,239.55409444238467,0.0,0.2638260952008642,239.55409444238467,440388.76232138096,441007.76467476785,619.0023533868953,28.97085189819336,0.02919945406940943,0.0,1.001405581627751,128.03960609436035,0.0,0.0,363146.50348080276,363485.10025638726,338.59677558450494,22.911252975463867,0.023017086868547115,0.0,1.0009323971794828,100.9299259185791,-0.09323971794826999,3328.624690199271,1426.0,972.0,0.18650233751051684,0.6816269284712483,47.0,0.03295932678821879,1669.818962175399,102046.28449328244,100971.46009813249,279.61078066432,276.6657200999178,-2.9450605644021817,-1074.8243951499462,0.0,0.0,0.0,0.9894672853550028,0.0,582507.4266688451,583330.955786474,1596.0929603895745,1598.349462138986,2.2565017494113904,823.529117628932,36.67196273803711,0.03696133342816865,0.0,482359.49568834156,1.0014137658679108,162.07544708251953,net_importer,0.13063618540763855,-0.6004351345334245,-1.027419090270996,-2632.9080649290663,36.67196273803711,0.03696133342816865,0.0,162.07544708251953,480461.1421755627,482359.49568834156,1898.3535127788782,1.0039511072720324,75,495.021201617,105.05018610663741,2.2817271247923694,460645.06607760506,9.286962704565854,2.0645397189227315,0.11905034421346126,9053.006667476178,0.07934511209524744,276.6657200999178,100971.46009813249,1690.947699404299,617125.4541284273,0.8363842239488638,0.10087762773036957,-0.5480387031732056,-0.9493398070335388,-2403.1497134145066
5,2.0,1.8135432098112443,0.08070436664498302,7952.386975022306,0.4,0.10686626493748161,-0.2,468.60857175085687,Building_5,4,4385,9.184009032669837e-06,976.815966139844,844.4935324788174,3.891686962860388,1821.3094986186616,290868.77599916526,290558.4969230129,-310.2790761523647,42.838016510009766,0.04013513545489773,0.0,0.9989332678453143,175.99256896972656,0.0,0.0,233467.8879194718,233213.453816732,-254.43410273978952,30.09873390197754,0.031508044913801936,0.0,0.998910196579893,138.16277694702148,0.10898034201069631,1120.1211027093232,746.0,256.0,0.4152547497167393,0.34316353887399464,4.0,0.005361930294906166,1813.6751131638885,97699.09086547792,97875.088554129,267.69930137817903,268.1815418768234,0.48224049864437013,175.9976886510849,0.0,0.0,0.0,1.0018014260633543,0.0,377884.54492934374,377499.3105943799,1035.4183215326236,1034.3627645010981,-1.0555570315255336,-385.2343349638395,54.225337982177734,0.050803968544832795,0.0,279624.2220402509,0.9989805501703282,222.7754020690918,net_importer,0.07103291153907776,-0.6058465055455445,-0.9919586777687073,-2656.636926817213,54.225337982177734,0.050803968544832795,0.0,222.7754020690918,280185.4540638658,279624.2220402509,-561.2320236149244,0.9979969266231536,54,494.8485739916305,227.25505015834446,2.3946754642709958,996513.3949443405,12.605223481200243,5.89004782520296,0.17973292868976531,25827.85971351498,0.418276393426562,268.1815418768234,97875.088554129,733.1778193012495,267579.35496915184,0.6342203285249244,0.10087762773036957,-0.5480387031732056,-0.9493398070335388,-2403.1497134145066
34,4.291810004258415,3.8446254693107154,0.33330233704263157,16858.682682927487,0.3846684904659496,0.27549056434213415,0.020845041336382136,1208.0261246402583,Building_6,5,4385,7.144626582826694e-07,0.0,724.1849975585938,0.14249999951959735,724.1849975585938,2853217.899260755,2861101.401782751,7883.502521995921,286.6831970214844,0.31752386147511047,0.0,1.0027630215428125,1392.3421325683594,0.0,0.0,2353893.0466826973,2360857.6628169017,6964.616134204436,278.71539306640625,0.2540497765709628,0.0,1.0029587649039617,1114.0082702636719,-0.29587649039617814,25774.074943335727,7949.0,2913.0,0.35035999864840595,0.3664611900868034,135.0,0.016983268335639703,3727.186319041066,1417571.8529945612,1407179.555866778,3884.2019033987294,3855.726605868555,-28.475297530174583,-10392.297127783298,0.0,0.0,0.0,0.9926689450655852,0.0,3756191.814938545,3767122.2227460146,10292.1113778428,10322.061119523274,29.94974168047321,10930.407807469368,362.8901062011719,0.40192892668320623,0.0,2359942.6668792367,1.0029099706154512,1762.4583435058594,net_importer,0.11965945363044739,-0.63599197057053,-0.9983075857162476,-2788.824790951774,362.8901062011719,0.40192892668320623,0.0,1762.4583435058594,2338619.961943984,2359942.6668792367,21322.704935252666,1.0091176442869016,257,495.0377912719657,105.04419006524988,2.271907058139653,460618.7734361207,2.9077461195679812,0.6487998284755754,0.03526731511721244,2844.987247865398,0.1041500969851196,3854.083515101201,1406579.8961988091,13459.757425435582,4912250.637057927,0.7136587686329365,0.10087762773036957,-0.5480387031732056,-0.9493398070335388,-2403.1497134145066
44,4.854941911158112,4.551892526905263,0.37217781274464484,19960.04873047958,0.49443837864832446,0.43281355443190656,0.01644379556687041,1897.8874361839103,Building_7,6,4385,5.718146911057027e-07,0.0,277.6279525756836,0.14107111411366036,277.6279525756836,49563.578481349774,66492.3266867213,16928.74820537152,14.741578102111816,0.010078982371696724,0.0,1.3415562137375052,44.19633769989014,0.0,0.0,25169.402182924045,42661.05297925719,17491.650796333146,14.822025299072266,0.008887130558966503,0.0,1.6949569429265268,38.970067501068115,-69.49569429265269,26515.341810489073,7786.0,3964.0,0.2650189630163921,0.5091189314153609,170.0,0.021834061135371178,1157.630087129306,1932541.9453356266,1930268.674104154,5295.239946118854,5289.011094702558,-6.22885141629636,-2273.271231472492,0.0,0.0,0.0,0.9988236885429788,0.0,65369.918235726655,88176.7317449525,179.11611344416482,241.6076677564631,62.49155431229824,22806.813509225845,18.66022491455078,0.012758205200682481,0.0,-1842091.9423592016,1.3488885120979275,55.944729804992676,net_exporter,0.11893100291490555,-0.5022703814528938,-1.0170257091522217,-2202.455622670939,18.66022491455078,0.012758205200682481,0.0,55.944729804992676,-1867172.0270999,-1842091.9423592016,25080.084740698338,0.986567876780131,327,492.2890508652177,84.2734551844992,2.252066408725989,369539.100984029,2.438695679559852,0.4480742919397086,0.028896103618722975,1964.8057701556222,0.12010543672381858,5288.250752598799,1929991.1809172034,5462.3447444872845,1993528.2340401718,0.0318716595220733,0.10087762773036957,-0.5480387031732056,-0.9493398070335388,-2403.1497134145066
19,3.605551275463989,3.339151085277918,0.15885322081185616,14642.177508943669,0.4204096794128418,0.19256675946673502,-0.009967143402287834,844.405240261633,Building_8,7,4385,5.180825980298289e-07,0.0,169.09834671020508,0.14068082089035364,169.09834671020508,45322.869598419325,44795.177866249345,-527.6917321699802,15.2086820602417,0.011344243074632426,0.0,0.9883570538042811,49.744505882263184,0.0,0.0,-19194.639077034066,-20254.82513832181,-1060.1860612877426,15.291677474975586,0.009842290954415855,0.0,1.0552334460175514,43.158445835113525,,6007.451930848882,3726.0,1503.0,0.3655782176824275,0.4033816425120773,42.0,0.011272141706924315,6462.487257473171,4945256.695877552,4945195.407091141,13550.195307804686,13550.02737415086,-0.1679336538270179,-61.2887864112854,0.0,0.0,0.0,0.9999876065510487,0.0,59600.53962462023,58915.11816434935,163.30779209851417,161.42971069121867,-1.878081407295486,-685.4214602708817,19.251495361328125,0.014359800845486544,0.0,-4886280.288926791,0.9884997440528585,62.967726707458496,net_exporter,0.12662288546562195,-0.481698638598062,-1.0183486938476562,-2112.248530252502,19.251495361328125,0.014359800845486544,0.0,62.967726707458496,-4885656.156252932,-4886280.288926791,-624.1326738595963,1.0001277479736392,152,492.1697752547622,61.23606839675131,2.2802388046167286,268520.1599197545,4.905233798945893,0.6985909903942926,0.0632540318273729,3063.321492878973,0.2718175165224517,13549.564160661103,4945026.353467941,13651.89850035546,4982374.123525562,0.007495978650273044,0.10087762773036957,-0.5480387031732056,-0.9493398070335388,-2403.1497134145066
12,2.449489742783178,2.3020934979268124,0.07397845352478992,10094.679988409072,0.3333333333333333,0.30141929222676334,0.0031529488041996956,1321.7235964143572,Building_9,8,4385,5.244037609692395e-07,0.0,38.87544536590576,0.14085306291994842,38.87544536590576,22173.423589645878,23096.015677332878,922.5920876870005,1.9360077381134033,0.002064915176400301,0.0,1.0416080125812333,9.05465304851532,0.0,0.0,6292.6784364722525,7004.787210463513,712.10877399126,1.9465727806091309,0.001672139542948289,0.0,1.1131646533634851,7.332331895828247,-11.316465336348514,6843.068856617436,1847.0,723.0,0.3145832978675307,0.3914455874390904,51.0,0.027612344342176503,0.0,1078202.0144656897,1072568.90410316,2954.3153724370995,2938.880431382103,-15.434941054996475,-5633.110362529755,0.0,0.0,0.0,0.9947754592488669,0.0,28765.03471505642,29936.119795680046,78.81731169783698,82.02613027700892,3.2088185791719424,1171.0850806236267,2.4506425857543945,0.00261381659295703,0.0,-1042632.7843074799,1.0407121038519258,11.461585760116577,net_exporter,0.1041908860206604,-0.46853205967637307,-0.9095568656921387,-2054.513081680896,2.4506425857543945,0.00261381659295703,0.0,11.461585760116577,-1049436.9797506332,-1042632.7843074799,6804.195443153381,0.9935163372604134,103,494.85418358848807,227.23699659450858,2.4262093427948117,996434.2300669202,6.8447924322220235,3.174402469656486,0.09092590936793471,13919.754829443691,1.3426661861984968,2938.7998728386847,1072539.5035914183,2999.344794388089,1094635.8772518863,0.02018604918737141,0.10087762773036957,-0.5480387031732056,-0.9493398070335388,-2403.1497134145066
8,2.6457513110645907,2.4503863714525562,0.10680666235113291,10744.944238819458,0.375,0.07915826190156573,-0.125,347.10897843836574,Building_10,9,4385,5.815762564030512e-07,0.0,662.9605941772461,0.14087560437255547,662.9605941772461,400563.87021082314,402755.5885562897,2191.7183454665355,40.80316925048828,0.027604354066750887,0.0,1.0054715827074294,121.04509258270264,0.0,0.0,348583.95615802944,350531.951981421,1947.9958233915386,27.271991729736328,0.02218899047225204,0.0,1.0055883117652966,97.2987232208252,-0.5588311765296566,8640.17428066954,1298.0,634.0,0.35981700336401623,0.4884437596302003,13.0,0.010015408320493066,4723.398880369496,2958569.938713789,2958402.94037199,8106.596475525852,8106.138893586913,-0.4575819389394653,-166.99834179878235,0.0,0.0,0.0,0.9999435543707743,0.0,533974.18816185,537061.0047819614,1463.1100029551776,1471.5680003159123,8.457997360734693,3086.8166201114655,51.64957809448242,0.03494221895015634,0.0,-2421341.9355900288,1.0057808348952924,153.22163009643555,net_exporter,0.14751851558685303,-0.5723254305124906,-0.9657714366912842,-2509.6470127972716,51.64957809448242,0.03494221895015634,0.0,153.22163009643555,-2424595.750551939,-2421341.9355900288,3253.814961910248,0.9986579969212726,75,492.1669770722581,69.71157086585514,2.3387211207677807,305685.23824677477,9.350027636935314,1.4496480318260923,0.12408208990326294,6356.706619557414,0.024402396911870943,8104.353338423842,2957751.287135601,9620.309019882927,3511011.946048106,0.15757868882651888,0.10087762773036957,-0.5480387031732056,-0.9493398070335388,-2403.1497134145066
5,1.9498265418655691,1.6885664346070535,0.0918864614835614,7404.363815751929,0.7790892004966736,0.23324375938534936,-0.01808364614844322,1022.773884904757,Building_11,10,4385,5.189144086139375e-07,0.0,532.7440643310547,0.1401220579513558,532.7440643310547,397014.0541165396,405415.1258325577,8401.07171601808,56.52294921875,0.05770281331704987,0.0,1.0211606406093423,253.02683639526367,0.0,0.0,214129.99287502476,221640.40351069992,7510.410635675158,46.00456619262695,0.045422820000991036,0.0,1.0350740712911646,199.1790657043457,-3.5074071291164466,12087.939836069942,983.0,660.0,0.15800573707387713,0.671414038657172,19.0,0.019328585961342827,0.0,10207039.228508472,10206677.5952487,27967.683694965563,27966.692805796185,-0.9908891693752833,-361.6332597732544,0.0,0.0,0.0,0.9999645702096683,0.0,514428.96488428116,525622.5249180794,1409.5553324834739,1440.2261214789253,30.670788995451222,11193.560033798218,71.54803466796875,0.0730415326839434,0.0,-9681055.07033062,1.0217591947535771,320.2871208190918,net_exporter,0.1352531909942627,-0.5904477471788259,-1.009853482246399,-2589.1133713791514,71.54803466796875,0.0730415326839434,0.0,320.2871208190918,-9692610.263624191,-9681055.07033062,11555.193293571472,0.9988078347339584,54,494.8509350296548,227.23943470073334,2.418296412634156,996444.9211627156,12.678747165229236,5.924558944487558,0.16903475750433772,25979.19097157794,0.05022508115623719,27965.473743331586,10206232.68824339,28769.848278196274,10499795.877863381,0.027958942538960054,0.10087762773036957,-0.5480387031732056,-0.9493398070335388,-2403.1497134145066
5,2.0,1.8909161397351075,0.1495316437641317,8291.667272738447,0.4,0.3446694568762536,-0.020788447558879854,1511.375568402372,Building_12,11,4385,5.269827044109456e-07,0.0,1223.2149353027344,0.14072882366575407,1223.2149353027344,957604.4182437989,965560.1839575768,7955.765713777859,169.94158935546875,0.1605398006286969,0.0,1.0083079876849026,703.9670257568359,0.0,0.0,757776.1900914517,765290.4795951196,7514.289503667853,145.04287719726562,0.12851589294224808,0.0,1.009916238596466,563.5421905517578,-0.9916238596466056,11624.47672934644,960.0,651.0,0.15617451501257482,0.678125,22.0,0.022916666666666665,0.0,3731885.520417452,3732107.2013573647,10225.511187352306,10226.118601732704,0.6074143803981168,221.68093991279602,0.0,0.0,0.0,1.0000594018596498,0.0,1243655.5316143036,1254278.4717025757,3407.66443186931,3436.771700064142,29.107268194831633,10622.940088272095,215.11593627929688,0.20321493116180872,0.0,-2477828.729654789,1.0085417061382609,891.0974731445312,net_exporter,0.12539631128311157,-0.5964199721482307,-0.9949308633804321,-2615.301577869992,215.11593627929688,0.20321493116180872,0.0,891.0974731445312,-2488229.9888031483,-2477828.729654789,10401.259148359299,0.9958198160157364,54,494.8499472812391,227.2313786186503,2.3648127454806094,996409.5952427816,12.68142266127101,5.920204765239135,0.16862508125211062,25960.097895573606,0.024168193736064617,10223.677713852983,3731216.378984928,12113.474015475871,4420913.287564714,0.15600778927733952,0.10087762773036957,-0.5480387031732056,-0.9493398070335388,-2403.1497134145066
13,2.8284271247461903,2.5667268406370165,0.13510402556789405,11255.097196193317,0.6153846153846154,0.5248237609597632,0.0025658123195171356,2301.3521918085617,Building_13,12,4385,1.146974097398403e-06,144.7477612906223,0.03448025471789151,0.26614382637011064,144.78224154534018,18463.06291982403,25047.621444500983,6584.5585246769515,2.203606367111206,0.0014090818955118055,0.0,1.3566341377522484,6.178824111819267,0.0,0.0,10884.595539883088,17581.57722135994,6696.981681476853,2.2156317234039307,0.0012584083300495909,0.0,1.6152715235892712,5.518120527267456,-61.52715235892711,9630.045597707853,2018.0,1192.0,0.20314745350788632,0.5906838453914767,64.0,0.031714568880079286,0.0,641757.3943313435,640861.6842285544,1758.440171703647,1755.985891253032,-2.4542804506151956,-895.710102789104,0.0,0.0,0.0,0.9986042854968233,0.0,24540.570710338652,33419.62424409017,67.2421163429761,91.57106768559929,24.32895134262318,8879.053533751518,2.789375066757202,0.0017836479259869392,0.0,-607442.0599844642,1.3618112080014046,7.821296155452728,net_exporter,0.11892150342464447,-0.46534498080025105,-0.9937527179718018,-2040.5377408091008,2.789375066757202,0.0017836479259869392,0.0,7.821296155452728,-617216.8236210048,-607442.0599844642,9774.763636540622,0.9841631607200929,110,492.2287094579816,84.28893266757814,2.506024014214563,369606.9697473301,6.509432227738135,1.1957076302920715,0.0903445749947455,5243.177958830734,0.14463410906008192,1755.985891253032,640861.6842285544,1832.502519284712,668787.065267283,0.04175526485035736,0.10087762773036957,-0.5480387031732056,-0.9493398070335388,-2403.1497134145066
6,2.23606797749979,2.0608833891411042,0.14916213816769935,9036.973661383741,0.6666666666666666,0.4514157274283531,-0.02928702098627885,1979.4579647733285,Building_14,13,4385,1.0188367841384726e-06,122.1351057050615,0.01113648750106222,0.2666948519488266,122.14624219256257,11707.779491836862,18796.407365571707,7088.627873734846,2.065810441970825,0.0018539928112225766,0.0,1.6054630494772577,8.129758477210999,0.0,0.0,-43129.453238324284,-36780.22314927923,6349.230089045057,1.9745184183120728,0.0015242290605568967,0.0,0.8527866779585508,6.683744430541992,,11980.249707240611,1192.0,876.0,0.18763012366315515,0.7348993288590604,21.0,0.01761744966442953,2337.8091843277216,4312957.332771301,4312553.642412245,11817.67050879224,11816.564381538292,-1.1061272539495266,-403.69035905599594,0.0,0.0,0.0,0.9999064005674276,0.0,15214.05945751071,24574.941567778587,41.687113481020326,67.33629382654254,25.649180345522215,9360.882110267878,2.614949941635132,0.002346826279312882,0.0,-4287978.700844467,1.6152783966968591,10.290833234786987,net_exporter,0.10695349425077438,-0.4632554619967037,-0.9335720539093018,-2031.3752008555457,2.614949941635132,0.002346826279312882,0.0,10.290833234786987,-4297743.273313791,-4287978.700844467,9764.572469323874,0.9977279767895967,61,494.9071732692046,125.42231153787073,2.49166835940114,549976.8360935631,11.343855136716229,2.9979019816938077,0.1574571302626282,13145.800189727346,0.6914471823261616,11815.18327103027,4312049.594623089,11843.52642859476,4322393.666169229,0.002393134995338747,0.10087762773036957,-0.5480387031732056,-0.9493398070335388,-2403.1497134145066
10,2.6457513110645907,2.583598695226106,0.14544508228280584,11329.080278566475,0.3,0.29058140552898987,-0.014705522358417511,1274.1994632446206,Building_15,14,4385,5.046497911962433e-07,0.0,140.2913589477539,0.1402913589477539,140.2913589477539,66787.36312379045,67838.99349768832,1051.630373897875,16.269351959228516,0.016395420522483207,0.0,1.0157459484056688,71.89391899108887,0.0,0.0,30679.968572009202,31438.78013084636,758.8115588371584,16.358137130737305,0.013382210508583616,0.0,1.0247331269931437,58.68099308013916,-2.473312699314361,2785.137937311083,1535.0,780.0,0.275275156570999,0.50814332247557,35.0,0.02280130293159609,1312.3887479305267,2383690.4323313236,2383739.7411174625,6531.404312815592,6531.539420803642,0.13510798805039528,49.308786138892174,0.0,0.0,0.0,1.0000206859017724,0.0,86993.11773878802,88374.87686542142,238.36451943497119,242.15059307798998,3.786073643018808,1381.7591266334057,20.5941162109375,0.02075369648949722,0.0,-2295364.864252041,1.015883545302772,91.00495910644531,net_exporter,0.11902433633804321,-0.5093721903625216,-0.9942610859870911,-2233.5970547396573,20.5941162109375,0.02075369648949722,0.0,91.00495910644531,-2296697.3145925356,-2295364.864252041,1332.4503404945135,0.9994198406851315,89,492.1479928508244,61.0487872552895,2.290249670854328,267698.93211444444,7.970843875498521,1.096315714405832,0.10993032072387311,4807.344407669573,0.3073649565779807,6531.161401403034,2383601.7797870487,6675.088427264501,2436129.1472670734,0.02156181561184946,0.10087762773036957,-0.5480387031732056,-0.9493398070335388,-2403.1497134145066
13,2.8284271247461903,2.5212122863886783,0.06973553020787374,11055.515875814355,0.3076923076923077,0.2087540825090779,-0.013022631979905643,915.3866518023066,Building_16,15,4385,5.172229052636968e-07,0.0,454.91090393066406,0.14023147470119113,454.91090393066406,244711.0181838671,246327.0324425958,1616.0142587287119,81.47310638427734,0.05135806571934351,0.0,1.0066037658243672,225.2051181793213,0.0,0.0,184134.46918598033,185398.25516797657,1263.7859819962468,81.91771697998047,0.04634111876362678,0.0,1.0068633862393237,203.20580577850342,-0.6863386239323784,3798.375724574551,2133.0,942.0,0.32011378830236054,0.44163150492264414,26.0,0.012189404594467886,1515.9060773812234,2348780.7038721964,2349087.4882702827,6435.750301739093,6436.590902898366,0.8406011592730742,306.78439808636904,0.0,0.0,0.0,1.0001306143215416,0.0,318215.04690271616,320349.39169395715,871.9215807358361,877.7697683131604,5.8481875773243255,2134.34479124099,103.13050842285156,0.06501020651179001,0.0,-2028738.0965763256,1.0067072403144202,285.0697555541992,net_exporter,0.11992055177688599,-0.5813242083700055,-1.0029765367507935,-2549.1066537024744,103.13050842285156,0.06501020651179001,0.0,285.0697555541992,-2030565.6569694802,-2028738.0965763256,1827.5603931546211,0.9990999747351769,110,492.1503099069695,75.41867209186893,2.242297373202515,330710.87712284527,6.52793169423806,1.0848693611138291,0.08170626042163477,4757.1521484841405,0.09146217084371966,6435.441058774588,2348667.8430752754,6940.358166914283,2532941.5493334252,0.07275087192858584,0.10087762773036957,-0.5480387031732056,-0.9493398070335388,-2403.1497134145066
13,3.0,2.614256031066732,0.16478046855593864,11463.512696227619,0.38461538461538464,0.25721588298167364,-0.002832088046349012,1127.8916468746388,Building_17,16,4385,3.0935271802220552e-06,2047.834076681911,1351.1436299692339,2.3059550248650917,3398.977706651145,135583.43326656657,137597.4708673358,2014.0376007692248,18.239240646362305,0.020004564326600582,0.0,1.014854599505601,87.72001457214355,0.0,0.0,109051.80078362873,110766.76231467389,1714.9615310451627,16.83789825439453,0.015910361538999027,0.0,1.0157261184017294,69.76693534851074,-1.5726118401729494,3546.757021130994,2112.0,933.0,0.31698515437946584,0.44176136363636365,34.0,0.016098484848484848,1482.6373676676303,300223.5393793583,300076.35718500614,822.6241517415914,822.2208668158635,-0.4032849257280054,-147.18219435214996,0.0,0.0,0.0,0.999509757980149,0.0,176213.48700881004,178827.1138062477,482.8317945212286,489.99323339992526,7.161438878696658,2613.626797437668,23.087646484375,0.025322232306207462,0.0,-121249.24337875843,1.0148321609304911,111.03798866271973,net_exporter,0.11470043659210205,-0.5730388693331686,-0.9978061318397522,-2512.7754420259444,23.087646484375,0.025322232306207462,0.0,111.03798866271973,-124010.05237054825,-121249.24337875843,2760.808991789818,0.9777372161448623,110,494.84638807236104,227.24413217688894,2.3676882571430804,996465.5195956579,6.500470287472512,3.009149739049472,0.08411346519555468,13195.121605731936,0.4584588243825311,821.70677674308,299888.7357288599,1086.054211042872,396364.5347718549,0.2434016935912944,0.10087762773036957,-0.5480387031732056,-0.9493398070335388,-2403.1497134145066
