scenario,axis,axis_name,available_unique_kpis,source,example_kpis
E1,OE1,Flexibilidad energetica,36,citylearn_v2.evaluate_v2,"battery_capacity_fade_ratio, battery_charge_total, battery_discharge_total, battery_equivalent_full_cycles, battery_throughput_total, community_import_share, community_local_traded_daily_average, community_local_traded_total"
E1,OE2,Emisiones de CO2,7,citylearn_v2.evaluate_v2,"carbon_emissions, carbon_emissions_baseline, carbon_emissions_control, carbon_emissions_daily_average_baseline, carbon_emissions_daily_average_control, carbon_emissions_daily_average_delta, carbon_emissions_delta"
E1,OE3,Costos energeticos,11,"citylearn_v2.evaluate_v2, derived_from_citylearn_v2_timeseries","cost_one_minus_load_factor_average, cost_peak_average, cost_ramping_average, electricity_cost, electricity_cost_baseline, electricity_cost_control, electricity_cost_daily_average_baseline, electricity_cost_daily_average_control"
E2,OE1,Flexibilidad energetica,36,citylearn_v2.evaluate_v2,"battery_capacity_fade_ratio, battery_charge_total, battery_discharge_total, battery_equivalent_full_cycles, battery_throughput_total, community_import_share, community_local_traded_daily_average, community_local_traded_total"
E2,OE2,Emisiones de CO2,7,citylearn_v2.evaluate_v2,"carbon_emissions, carbon_emissions_baseline, carbon_emissions_control, carbon_emissions_daily_average_baseline, carbon_emissions_daily_average_control, carbon_emissions_daily_average_delta, carbon_emissions_delta"
E2,OE3,Costos energeticos,10,citylearn_v2.evaluate_v2,"cost_one_minus_load_factor_average, cost_peak_average, cost_ramping_average, electricity_cost, electricity_cost_baseline, electricity_cost_control, electricity_cost_daily_average_baseline, electricity_cost_daily_average_control"
E3,OE1,Flexibilidad energetica,36,citylearn_v2.evaluate_v2,"battery_capacity_fade_ratio, battery_charge_total, battery_discharge_total, battery_equivalent_full_cycles, battery_throughput_total, community_import_share, community_local_traded_daily_average, community_local_traded_total"
E3,OE2,Emisiones de CO2,7,citylearn_v2.evaluate_v2,"carbon_emissions, carbon_emissions_baseline, carbon_emissions_control, carbon_emissions_daily_average_baseline, carbon_emissions_daily_average_control, carbon_emissions_daily_average_delta, carbon_emissions_delta"
E3,OE3,Costos energeticos,11,"citylearn_v2.evaluate_v2, derived_from_citylearn_v2_timeseries","cost_one_minus_load_factor_average, cost_peak_average, cost_ramping_average, electricity_cost, electricity_cost_baseline, electricity_cost_control, electricity_cost_daily_average_baseline, electricity_cost_daily_average_control"
