algorithm,scenario,episode,steps,global_step_min,global_step_max,district_net_energy,district_cost,district_emission,district_without_storage_kwh,reward_mean_average,reward_sum_total
HAPPO,E1,0,8760,0,8759,435.5131294727325,199.2589945793152,742.7354701757431,1171.8289592266085,-0.7062119254468171,-105169.07993754
HAPPO,E1,1,8760,8760,17519,1795.2820793390274,715.1499217748642,1418.2728952169418,1442.494642019272,-0.6884911428482089,-102530.10099295528
HAPPO,E1,2,8760,17520,26279,1525.387159824371,1009.693392276764,1354.432392835617,1433.7156715393066,-0.6795099016836075,-101192.61455872282
HAPPO,E1,3,8760,26280,35039,1108.0101737752557,506.9445269554853,984.0824894681572,1171.828948237002,-0.6421424905977905,-95627.85969982296
HAPPO,E1,4,8759,35040,43798,526.013067804277,240.6651529967785,536.009666107595,1171.8289502486589,-0.5952638351180066,-88636.57084057653
HAPPO,E1,5,8760,43800,52559,-498.5804771259427,6.400048732757568e-06,534.3851836398244,1171.8289473876357,-0.5975061495695859,-88980.61579390275
HAPPO,E1,6,8760,52560,61319,314.6158690452576,125.32711839675903,896.5149643421173,1442.494668483734,-0.6201916145068167,-92358.93523235514
HAPPO,E1,7,8757,61320,70076,905.8710007667542,599.6195400953293,1123.650220632553,1433.7156488895416,-0.6306120882601179,-93878.59096719549
HAPPO,E1,8,8760,70080,78839,-293.9129074886441,-3.851950168609619e-06,590.0101993754506,1171.828945480287,-0.6001939929595089,-89380.88943153007
HAPPO,E1,9,8760,78840,87599,142.52275848388672,56.77388420701027,779.529472887516,1442.4946694374084,-0.6230791053384677,-92788.9403670046
HAPPO,E1,10,8760,87600,96359,738.5179235935211,488.8441917896271,872.7413356304169,1433.7156717777252,-0.6342545665492888,-94453.19005052008
HAPPO,E1,11,8760,96360,105119,-365.4223482981324,-6.556510925292969e-07,546.0383130535483,1171.8289618119595,-0.6084986870929504,-90617.62448188216
HAPPO,E1,12,8760,105120,113879,220.29257822036743,87.75346255302429,739.0973815917969,1442.4946789741516,-0.6271737866578214,-93398.72030908275
HAPPO,E1,13,8760,113880,122639,1176.6023899316788,778.823684334755,1496.1920622587204,1433.7156903743744,-0.639921907289163,-95297.17043350216
HAPPO,E1,14,8760,122640,131399,-225.7179407253861,2.2351741790771484e-06,580.1079615578055,1171.8289402350783,-0.6094943796917738,-90765.90302369896
HAPPO,E1,15,8760,131400,140159,64.76732301712036,25.80004191398621,843.069393157959,1442.4946007728577,-0.6289115352763557,-93657.5058333549
HAPPO,E1,16,8760,140160,148919,840.4509801864624,556.316323518753,1479.4151456356049,1433.7156946659088,-0.6392667313134798,-95199.6016272034
HAPPO,E1,17,8760,148920,157679,-44.39289131015539,-3.680586814880371e-06,601.4212628379464,1171.8289412036538,-0.6086818706255394,-90644.90417355532
HAPPO,E1,18,8760,157680,166439,61.34525084495544,24.43685358762741,761.9763799905777,1442.4946811199188,-0.6256190746717769,-93167.19260012102
HAPPO,E1,19,8760,166440,175199,1772.2378315925598,1173.0902590751648,1432.2083963155746,1433.7156677246094,-0.6391695909906105,-95185.13549032171
HAPPO,E1,20,8747,175200,183946,-803.8972031548619,-2.08243727684021e-06,588.2932290807366,1171.8289488330483,-0.6059942374291771,-90110.7371114812
HAPPO,E1,21,8760,183960,192719,-365.4606856331229,-1.5720725059509277e-05,619.5685618892312,1171.8289481177926,-0.6079785194436272,-90540.16111554496
HAPPO,E1,22,8760,192720,201479,-83.30227708816528,-2.86102294921875e-06,832.8766860961914,1442.494676113129,-0.6278350501063873,-93497.1956618432
HAPPO,E1,23,8760,201480,210239,1881.1303839683533,1245.1690499782562,1500.0411570072174,1433.715654373169,-0.640304425372565,-95354.1350264824
HAPPO,E1,24,8760,210240,218999,538.9163649901748,246.5687659084797,685.5899986252189,1171.828948460519,-0.6140392072702325,-91442.71874668304
HAPPO,E1,25,8760,219000,227759,735.6656451225281,293.0521283149719,1131.795467376709,1442.4946808815002,-0.6302465846057655,-93856.3213794906
HAPPO,E1,26,8760,227760,236519,1820.128523349762,1204.790328502655,1450.8092325925827,1433.715669631958,-0.6442752837010614,-95945.47524876206
HAPPO,E1,27,8760,236520,245279,1302.9819139018657,596.1493357270956,1030.6697140708566,1171.8289633765817,-0.6139097306391181,-91423.43708677749
HAPPO,E1,28,8760,245280,254039,991.4703164100648,394.9518072605133,1290.7451710700989,1442.4946026802063,-0.6327593042070422,-94230.51558251271
HAPPO,E1,29,8760,254040,262799,1822.8824081420896,1206.6131922006607,1466.9342756271362,1433.715678691864,-0.6414070681590277,-95518.3405902424
HAPPO,E1,30,8760,262800,271559,132.5708082690835,60.65471829473972,637.2214256301522,1171.8289485946298,-0.6130246159481576,-91291.62580699964
HAPPO,E1,31,8749,271560,280308,662.8486161231995,264.0454833507538,1103.2413578033447,1442.4945874214172,-0.6303079866851847,-93747.59778364758
HAPPO,E1,32,8760,280320,289079,357.2732873931527,163.4621806293726,1117.747739650309,1171.8289290443065,-0.6132851999057946,-91330.43196997092
HAPPO,E1,33,8760,289080,297839,637.8538641929626,254.0888566970825,1060.0929918289185,1442.494679927826,-0.632318929378835,-94164.93496309612
HAPPO,E1,34,8760,297840,306599,1846.477683067321,1222.231535434723,1469.2224922180176,1433.715663433075,-0.6431848771759834,-95783.09190904743
HAPPO,E1,35,8760,306600,315359,1446.9050606265664,661.9980665594339,1169.2666355147958,1171.828945018351,-0.6160366968665232,-91740.18489736263
HAPPO,E1,36,8760,315360,324119,803.7857785224915,320.1877534389496,1185.566738128662,1442.494676113129,-0.6355683392273384,-94648.83707773522
HAPPO,E1,37,8760,324120,332879,1549.9545431137085,1025.9551553726196,1273.9776754379272,1433.7156686782837,-0.6471171718534506,-96368.68923241588
HAPPO,E1,38,8760,332880,341639,1319.5949998870492,603.7502736598253,1042.480089046061,1171.8289325013757,-0.618040191774819,-92038.54535910604
HAPPO,E1,39,8760,341640,350399,1367.6210732460022,544.7913317680359,1640.167199134827,1442.4946360588074,-0.63569612251996,-94667.86656567243
HAPPO,E1,40,8760,350400,359159,1601.9676477909088,1060.3839771449566,1272.4332745969296,1433.715671300888,-0.6452161086781815,-96085.5829043548
HAPPO,E1,41,8760,359160,367919,1137.3552103564143,520.3706618286669,1078.6369495168328,1171.8289412036538,-0.6160556804256133,-91743.01192898232
HAPPO,E1,42,8760,367920,376679,601.3537611961365,239.5490379333496,1039.8854656219482,1442.4946265220642,-0.6366233050792514,-94805.9425924021
HAPPO,E1,43,8760,376680,385439,1692.852499961853,1120.5430635213852,1374.298200249672,1433.7156796455383,-0.6479757902500556,-96496.55468403827
HAPPO,E1,44,8760,385440,394199,1327.0186511054635,607.1467979103327,1051.9541071429849,1171.8289633765817,-0.6157080255857069,-91691.23917022347
HAPPO,E1,45,8760,394200,402959,1019.4155077934264,406.08376240730286,1427.1695566177368,1442.4946637153623,-0.6367609229327401,-94826.43664314364
HAPPO,E1,46,8760,402960,411719,1458.2298095226288,965.2401688098907,1191.4186944961548,1433.7156810760498,-0.6465468567128391,-96283.757901676
HAPPO,E1,47,8760,411720,420479,1372.0842641368508,627.765535607934,1093.7947405353189,1171.828949071467,-0.6161927932051019,-91763.43076410376
HAPPO,E1,48,8760,420480,429239,697.9772505760193,278.03897581994534,1133.448224067688,1442.4946656227112,-0.6341125105363083,-94432.03506906705
HAPPO,E2,0,8760,0,8759,435.0295875072479,231.65131759643555,743.0041326284409,1171.828931570053,-0.5430863981455699,-80876.42641183827
HAPPO,E2,1,8760,8760,17519,1619.3289564847946,862.2854845225811,1281.2238693237305,1442.494662284851,-0.5394617765557689,-80336.6477646851
HAPPO,E2,2,8760,17520,26279,1587.1146302223206,845.1314972639084,1524.4026834964752,1433.7156825065613,-0.5315374302950608,-79156.55411954047
HAPPO,E2,3,8760,26280,35039,131.6550822481513,70.10574050247669,671.5101368203759,1171.8289694413545,-0.5067830801313629,-75470.13629316256
HAPPO,E2,4,8759,35040,43798,-760.0943055525422,-8.545815944671631e-06,520.871634028852,1171.828950367868,-0.4627288651101499,-68901.71620149666
HAPPO,E2,5,8760,43800,52559,-214.89054457098248,9.6932053565979e-06,728.2411142811179,1171.8289188966155,-0.4607559602209014,-68615.77759609664
HAPPO,E2,6,8760,52560,61319,-100.65648412704468,-4.112720489501953e-06,833.3590624332428,1442.4946417808533,-0.4766170565931553,-70977.81206785269
HAPPO,E2,7,8757,61320,70076,376.3089966773987,200.38287782669067,996.349775314331,1433.7156789302826,-0.4909295212567794,-73084.1868999755
HAPPO,E2,8,8760,70080,78839,-112.8016617372632,-2.0518898963928223e-05,741.6437458470464,1171.8289489373565,-0.4648395307973227,-69223.9029263373
HAPPO,E2,9,8760,78840,87599,-1475.6136927604675,4.947185516357422e-06,468.0088188648224,1442.4946341514587,-0.476233423021135,-70920.68135630742
HAPPO,E2,10,8760,87600,96359,406.1683859825134,216.28286570310595,998.8596143722534,1433.7156789302826,-0.4940095269845013,-73567.89875853194
HAPPO,E2,11,8760,96360,105119,-459.9513628855348,2.1383166313171387e-06,583.5666800960898,1171.8289680108428,-0.4666024901159301,-69486.4428280643
HAPPO,E2,12,8760,105120,113879,-1002.831494808197,6.616115570068359e-06,818.4979288578033,1442.4946494102478,-0.4800290450306308,-71485.92538596154
HAPPO,E2,13,8760,113880,122639,701.1603384017944,373.3647748231888,1192.3229773044586,1433.7156903743744,-0.4906006306934729,-73060.245922872
HAPPO,E2,14,8760,122640,131399,73.09954246133566,38.92519215494394,829.0687467083335,1171.8289497718215,-0.463879298688137,-69080.90516063737
HAPPO,E2,15,8760,131400,140159,-722.4346506595612,-1.513957977294922e-05,774.2751796245575,1442.494637966156,-0.4781583804342716,-71207.34601427174
HAPPO,E2,16,8760,140160,148919,741.5088260173798,394.85016775131226,1185.034371137619,1433.715675115585,-0.4906437286279428,-73066.66406727325
HAPPO,E2,17,8760,148920,157679,224.65104530006647,119.62569592148066,925.3193287625908,1171.82895193249,-0.4628057176173037,-68921.02746756887
HAPPO,E2,18,8760,157680,166439,-1338.190037727356,-5.185604095458984e-06,541.4227344989777,1442.4946303367617,-0.4778256930782465,-71157.80221321248
HAPPO,E2,19,8760,166440,175199,1360.018726348877,724.2039209008217,1187.4874737262726,1433.7156596183777,-0.4919831569702523,-73266.13173600998
HAPPO,E2,20,8747,175200,183946,-111.22991456836462,-1.9274652004241943e-05,715.3419023528695,1171.8289457336068,-0.4640371043826167,-69001.85338459072
HAPPO,E2,21,8760,183960,192719,-109.96124424785376,-3.5390257835388184e-06,524.2375823035836,1171.8289474025369,-0.4688204396747063,-69816.73987635727
HAPPO,E2,22,8760,192720,201479,-835.7957272529602,9.47713851928711e-06,676.5584583282471,1442.4946494102478,-0.4789144225118991,-71319.93580047201
HAPPO,E2,23,8760,201480,210239,373.7284650802612,199.00876194238663,1002.4718873500824,1433.7156810760498,-0.4933033431831287,-73462.73386683154
HAPPO,E2,24,8760,210240,218999,-309.2843715324998,-5.580484867095947e-06,656.7792622074485,1171.8289411887529,-0.4652991851212605,-69292.35464825813
HAPPO,E2,25,8760,219000,227759,-978.6669716835022,-6.854534149169922e-06,960.250057220459,1442.4946284294128,-0.4794950370224856,-71406.40091338856
HAPPO,E2,26,8760,227760,236519,740.177196264267,394.1410738825798,1219.2247760295868,1433.715692281723,-0.4927981563515978,-73387.50144387996
HAPPO,E2,27,8760,236520,245279,453.7255595251918,241.60683579742908,1217.7609169259667,1171.8289686217904,-0.468999774700398,-69843.44644838327
HAPPO,E2,28,8760,245280,254039,-1208.921016216278,-2.086162567138672e-06,721.6996870040894,1442.494637966156,-0.4842479363791899,-72114.20268558897
HAPPO,E2,29,8760,254040,262799,763.8786058425903,406.7619788050652,1231.0202189683914,1433.715677022934,-0.4950956144191894,-73729.63889930569
HAPPO,E2,30,8760,262800,271559,229.60068330913785,122.2613525763154,713.5746391788125,1171.8289509788156,-0.4682498861927679,-69731.773051827
HAPPO,E2,31,8749,271560,280308,-1197.554548740387,4.112720489501953e-06,622.7568912506104,1442.4946284294128,-0.4817833171351308,-71657.07810745941
HAPPO,E2,32,8760,280320,289079,529.4153615012765,281.91132501512766,542.9416221156716,1171.8289471641183,-0.4705860959793916,-70079.681413251
HAPPO,E2,33,8760,289080,297839,-418.5539469718933,-1.3768672943115234e-05,804.8168544769287,1442.494619846344,-0.4829501026535276,-71920.92928716334
HAPPO,E2,34,8760,297840,306599,512.1864469051361,272.736998796463,1014.7288343906404,1433.715677022934,-0.4966271911683815,-73957.72130879537
HAPPO,E2,35,8760,306600,315359,-277.3519839271903,-4.599802196025848e-06,700.1307924762368,1171.82891330868,-0.4694604864583044,-69912.0556433707
HAPPO,E2,36,8760,315360,324119,-799.0021786689758,1.3649463653564451e-05,1129.088059425354,1442.4946656227112,-0.4828980959063895,-71913.18444237953
HAPPO,E2,37,8760,324120,332879,1254.3699176311493,667.9464155435562,1387.4593722820282,1433.7156846523285,-0.4961455225954521,-73885.99122491473
HAPPO,E2,38,8760,332880,341639,-414.4631587937474,4.127621650695801e-06,593.7560376897454,1171.828954078257,-0.4700666261018291,-70002.3219590844
HAPPO,E2,39,8760,341640,350399,-868.4979803562164,7.212162017822266e-06,1004.2059264183044,1442.4946265220642,-0.4840218275873937,-72080.53056431467
HAPPO,E2,40,8760,350400,359159,1478.1369545459747,787.1013609170914,1224.6988472938538,1433.7156755924225,-0.498637860022895,-74257.15011460954
HAPPO,E2,41,8760,359160,367919,710.5962935462594,378.38936165720224,800.739366389811,1171.8289414420724,-0.4711252354415355,-70159.97006195347
HAPPO,E2,42,8760,367920,376679,-1750.7025446891785,1.1026859283447266e-05,575.9644355773926,1442.4946122169497,-0.4859511470092355,-72367.84481261535
HAPPO,E2,43,8760,376680,385439,1645.9808058738708,876.4774842858315,1375.2889924049375,1433.7156853675842,-0.5016096546463357,-74699.7097699323
HAPPO,E2,44,8760,385440,394199,-470.00286569446325,2.898275852203369e-06,535.5169008746743,1171.828949071467,-0.4757257935811949,-70845.08518011154
HAPPO,E2,45,8760,394200,402959,-1050.402368068695,3.993511199951172e-06,982.6043875217438,1442.4946274757383,-0.4865498057069974,-72456.99706588605
HAPPO,E2,46,8760,402960,411719,1120.2231855392456,596.5138845443726,1515.433658838272,1433.7157154083252,-0.5007265378784168,-74568.19602085384
HAPPO,E2,47,8760,411720,420479,517.1867133155465,275.399629868567,647.086968280375,1171.8289481177926,-0.4733727008768073,-70494.66261457413
HAPPO,E2,48,8760,420480,429239,-1736.7641501426697,-1.043081283569336e-05,626.5220823287964,1442.4946064949036,-0.488585151399759,-72760.10074645211
HAPPO,E3,0,8760,0,8759,434.94090485572815,238.7966232895851,743.0506767034531,1171.8289859294891,-0.569580484648387,-84821.92577383778
HAPPO,E3,1,8760,8760,17519,1657.1531239748,792.1515758037567,1315.3506307601929,1442.494661808014,-0.5631374619959754,-83862.43084044065
HAPPO,E3,2,8760,17520,26279,1179.9260430336,937.228436112404,1384.8848373889923,1433.715666294098,-0.5601674926691091,-83420.14300828373
HAPPO,E3,3,8760,26280,35039,-225.7614650949836,7.893890142440796e-06,477.1343390718103,1171.8289477601647,-0.5380269053842299,-80122.96674981952
HAPPO,E3,4,8759,35040,43798,-379.321122802794,-1.862645149230957e-08,519.3411332592368,1171.8289473876357,-0.4946472462711139,-73654.45891150768
HAPPO,E3,5,8760,43800,52559,-1791.1499902382493,-4.816800355911255e-06,248.0659972652793,1171.8289478644729,-0.4949520908490408,-73708.26536923915
HAPPO,E3,6,8760,52560,61319,-716.7486023902893,1.4901161193847656e-06,533.5836260318756,1442.494635105133,-0.5118297678543741,-76221.68902887338
HAPPO,E3,7,8757,61320,70076,470.8921582698822,374.03487288951874,973.1671602725984,1433.715677022934,-0.5253315287725846,-78205.5793568459
HAPPO,E3,8,8760,70080,78839,-672.1736723557115,5.774199962615967e-07,293.6328560337424,1171.8289473876357,-0.5003812463997133,-74516.77521384529
HAPPO,E3,9,8760,78840,87599,-543.6498999595642,7.048249244689941e-06,533.486674040556,1442.4946389198303,-0.5154316963764549,-76758.08822438167
HAPPO,E3,10,8760,87600,96359,869.3306906223297,690.5190790891647,1211.2996108531952,1433.715650320053,-0.5294073554246426,-78839.34336983776
HAPPO,E3,11,8760,96360,105119,-403.1659042015672,2.007931470870972e-06,162.57514920085669,1171.8289430961013,-0.5040731757989825,-75066.57733998448
HAPPO,E3,12,8760,105120,113879,379.48117303848267,181.39941495656967,900.0642557144165,1442.4946417808533,-0.5185985115934882,-77229.69034650228
HAPPO,E3,13,8760,113880,122639,662.3263471126556,526.0932168960571,1197.3206181526184,1433.7156884670258,-0.5308107709633347,-79048.34001185981
HAPPO,E3,14,8760,122640,131399,7.430278860032558,4.079465489834547,550.8146745190024,1171.828950844705,-0.5040879616513111,-75068.77924911326
HAPPO,E3,15,8760,131400,140159,482.1680889129639,230.4857665896416,799.6937308311462,1442.4946484565735,-0.5168508912006553,-76969.43471760159
HAPPO,E3,16,8760,140160,148919,1782.599952697754,1415.9390910863876,1996.5200378894808,1433.7156903743744,-0.5286336250627718,-78724.11944434798
HAPPO,E3,17,8760,148920,157679,-533.0105132088065,-3.91155481338501e-07,326.1747849956155,1171.8289509788156,-0.4991184842485415,-74328.7246742928
HAPPO,E3,18,8760,157680,166439,329.969619512558,157.731932669878,570.6748600006104,1442.4946427345276,-0.5146884366480945,-76647.40198563423
HAPPO,E3,19,8760,166440,175199,1410.816564321518,1120.6273316144943,1417.115838766098,1433.7156655788422,-0.5292700473765485,-78818.89545531559
HAPPO,E3,20,8747,175200,183946,-550.1738826408982,2.3655593395233154e-06,369.82678904384375,1171.8289507254958,-0.5003232071289881,-74397.56057687341
HAPPO,E3,21,8760,183960,192719,-665.0332202538848,-1.780688762664795e-06,377.0729861482978,1171.8289440497756,-0.506087546316704,-75366.55739748357
HAPPO,E3,22,8760,192720,201479,116.78645086288452,55.82620137929917,680.2039060592651,1442.4946446418762,-0.51901520060317,-77291.74367382406
HAPPO,E3,23,8760,201480,210239,205.5527617931366,163.2728546857834,793.0292460918427,1433.7156808376312,-0.5313840052085917,-79133.70605566348
HAPPO,E3,24,8760,210240,218999,148.12832053750753,81.32723418995738,252.714176915586,1171.8289440497756,-0.5053603108299534,-75258.25748879666
HAPPO,E3,25,8760,219000,227759,1267.2781071662905,605.783684194088,1376.423367023468,1442.4946484565735,-0.5179335038259507,-77130.65738976058
HAPPO,E3,26,8760,227760,236519,530.644556760788,421.496889591217,1114.0896515846252,1433.7156727313995,-0.5313902447751588,-79134.63525191667
HAPPO,E3,27,8760,236520,245279,-176.61201908439398,4.079192876815796e-06,341.33480463176966,1171.8289472833276,-0.5044739399459407,-75126.25913674949
HAPPO,E3,28,8760,245280,254039,966.262012720108,461.89212387800217,975.5879924297332,1442.4946484565735,-0.5182176668845656,-77172.97495244951
HAPPO,E3,29,8760,254040,262799,292.68985962867737,232.48682975769043,1266.4755301475525,1433.7156426906586,-0.5327779062944397,-79341.28580536795
HAPPO,E3,30,8760,262800,271559,-1320.8940109238029,-8.67992639541626e-07,360.5497685447335,1171.8289493098855,-0.5036270471715821,-75000.139864792
HAPPO,E3,31,8749,271560,280308,853.8329248428345,408.148824095726,819.1086015701294,1442.4946546554563,-0.5186502075397844,-77140.40131801476
HAPPO,E3,32,8760,280320,289079,-1606.2453180924058,2.3655593395233154e-06,230.0545450672508,1171.8289416655898,-0.5100392905747564,-75955.05115239273
HAPPO,E3,33,8760,289080,297839,1212.603946208954,579.648365855217,1183.3704237937927,1442.494644165039,-0.5234921851124064,-77958.45620693956
HAPPO,E3,34,8760,297840,306599,498.2503454685211,395.7658023834229,696.2342023849487,1433.715666055679,-0.5352715190643845,-79712.63461906815
HAPPO,E3,35,8760,306600,315359,-942.9260047897696,-2.7455389499664307e-06,194.88643393665552,1171.8289378657937,-0.5073685515581575,-75557.32469804083
HAPPO,E3,36,8760,315360,324119,1612.1332602500916,770.6311997175217,1586.3413462638855,1442.4946327209473,-0.5205069711765683,-77513.89814761454
HAPPO,E3,37,8760,324120,332879,488.6894896030426,388.1715154647827,1060.084617137909,1433.7156813144684,-0.5347685656254954,-79637.73479294877
HAPPO,E3,38,8760,332880,341639,57.16732793301344,31.386715605854988,612.8385862484574,1171.828948237002,-0.5075704888438032,-75587.39719861916
HAPPO,E3,39,8760,341640,350399,2083.694016456604,996.0464553833008,1892.198272705078,1442.4946177005768,-0.5218720739657974,-77717.18925498656
HAPPO,E3,40,8760,350400,359159,1076.8247561454773,855.3339191675186,977.2688071727752,1433.7156641483307,-0.538562516453073,-80202.72995019163
HAPPO,E3,41,8760,359160,367919,-165.64964294433594,-3.5762786865234375e-07,491.13454484939575,1171.8289499282837,-0.5091253865516895,-75818.9525652776
HAPPO,E3,42,8760,367920,376679,1753.4041938781738,838.1614563465118,1587.81747341156,1442.4946484565735,-0.5227331759245752,-77845.42455868775
HAPPO,E3,43,8760,376680,385439,782.0179569721222,621.1655941009521,877.3973240852356,1433.715666055679,-0.5383579239560206,-80172.26203553058
HAPPO,E3,44,8760,385440,394199,-787.8139066696167,-3.576278686523437e-06,305.9078402519226,1171.8289489746094,-0.5112322215360424,-76132.70243114745
HAPPO,E3,45,8760,394200,402959,1793.6155042648315,857.3832759857178,1612.907709121704,1442.4946336746216,-0.5254207042265499,-78245.65127341781
HAPPO,E3,46,8760,402960,411719,1337.9962322711945,1062.7853367328644,1295.3947138786316,1433.715666055679,-0.5399420106711393,-80408.16422914607
HAPPO,E3,47,8760,411720,420479,517.0246772766113,283.86326229572296,500.8881487846375,1171.8289527893066,-0.5124714415840971,-76317.24708070373
HAPPO,E3,48,8760,420480,429239,1038.5876951217651,496.465208530426,1161.0289335250854,1442.4946432113647,-0.5228749893175955,-77866.54340917632
MAAC,E1,0,8760,0,8759,1171.828942976892,536.1433240398765,925.744892977178,1171.828942976892,-0.5901762890098425,-87889.05295934575
MAAC,E1,1,8760,8760,17519,1442.494648694992,574.6171877980232,1139.5708111524582,1442.494648694992,-0.6158340938365912,-91710.01325414516
MAAC,E1,2,8760,17520,26279,1433.7156693935394,949.0136524438858,1132.6354122161863,1433.7156693935394,-0.6214699934294116,-92549.31142150795
MAAC,E1,3,8760,26280,35039,1173.2463188022375,536.7918117120862,926.8646198958158,1171.8289429992435,-0.5887203280144205,-87672.2312479075
MAAC,E1,4,8760,35040,43799,1359.4058272838593,541.5187790989876,1124.1488407850266,1442.494648694992,-0.6148209665559623,-91559.13833951391
MAAC,E1,5,8760,43800,52559,1433.7156693935394,949.0136524438858,1132.6354122161863,1433.7156693935394,-0.6197123447469262,-92287.56237971224
MAAC,E1,6,8760,52560,61319,1171.828942976892,536.1433240398765,925.744892977178,1171.828942976892,-0.5872629086589058,-87455.19235748425
MAAC,E1,7,8752,61320,70071,1442.494648694992,574.6171877980232,1139.5708111524582,1442.494648694992,-0.6141767113086881,-91379.66781535186
MAAC,E1,8,8760,70080,78839,1292.7245819196105,591.456336401403,1021.2524503692983,1171.8289444074037,-0.5857070844125036,-87223.49901071005
MAAC,E1,9,8760,78840,87599,1442.4946460723877,574.6171867251396,1139.570809006691,1442.494648694992,-0.61424755313666,-91473.74561311142
MAAC,E1,10,8757,87600,96356,1433.7156693935394,949.0136524438858,1132.6354122161863,1433.7156693935394,-0.620201454174458,-92328.7702814974
MAAC,E1,11,8760,96360,105119,1171.828942976892,536.1433240398765,925.744892977178,1171.828942976892,-0.5854646997930286,-87187.40309317783
MAAC,E1,12,8760,105120,113879,1442.494648694992,574.6171877980232,1139.5708111524582,1442.494648694992,-0.6126887445160125,-91241.60783332458
MAAC,E1,13,8760,113880,122639,1433.7156693935394,949.0136524438858,1132.6354122161863,1433.7156693935394,-0.6184372879624299,-92097.68092336506
MAAC,E1,14,8760,122640,131399,1173.1428894847631,536.7444899752736,926.7829107493162,1171.8289429992435,-0.5851158590868252,-87135.45373521
MAAC,E1,15,8760,131400,140159,1361.4782378673551,542.3443248867989,1124.1488407850266,1442.494648694992,-0.612993943769927,-91287.05810621752
MAAC,E1,16,8760,140160,148919,1433.7156693935394,949.0136524438858,1132.6354122161863,1433.7156693935394,-0.6178685858812752,-92012.98980943952
MAAC,E1,17,8760,148920,157679,1171.828942976892,536.1433240398765,925.744892977178,1171.828942976892,-0.5855630536827356,-87202.049954433
MAAC,E1,18,8760,157680,166439,1442.494648694992,574.6171877980232,1139.5708111524582,1442.494648694992,-0.6126111153007132,-91230.0472905822
MAAC,E1,19,8760,166440,175199,1389.3468096256256,919.6447373628616,1130.6716096401217,1433.715667963028,-0.6177036253450032,-91988.42388637787
MAAC,E1,20,8760,175200,183959,785.6097504720092,359.43762731552124,873.2478264793754,1171.828958235681,-0.5852160178355609,-87150.36937607173
MAAC,E1,21,8760,183960,192719,1442.494648694992,574.6171877980232,1139.5708111524582,1442.494648694992,-0.6121384919411609,-91159.66421987768
MAAC,E1,22,8760,192720,201479,532.119371175766,352.22362875938416,988.3797512054444,1433.7156846523285,-0.6190885510797438,-92194.66702679545
MAAC,E1,23,8760,201480,210239,1171.828942976892,536.1433240398765,925.744892977178,1171.828942976892,-0.5860118925903146,-87268.89104454964
MAAC,E1,24,8760,210240,218999,1442.494648694992,574.6171877980232,1139.5708111524582,1442.494648694992,-0.6112615766062335,-91029.07398820028
MAAC,E1,25,8745,219000,227744,1374.4367122650146,909.7753609418868,1130.4318118095398,1433.715669631958,-0.6175844301151995,-91813.18930307611
MAAC,E1,26,8760,227760,236519,1171.828942976892,536.1433240398765,925.744892977178,1171.828942976892,-0.5844288248600668,-87033.14059816115
MAAC,E1,27,8760,236520,245279,1442.494648694992,574.6171877980232,1139.5708111524582,1442.494648694992,-0.6117170838902802,-91096.90813294052
MAAC,E1,28,8760,245280,254039,1433.7156693935394,949.0136524438858,1132.6354122161863,1433.7156693935394,-0.6185628484434886,-92116.37939020433
MAAC,E1,29,8760,254040,262799,1173.150351509452,536.7479040697217,926.7888057678938,1171.8289429992435,-0.585381488820759,-87175.01131518744
MAAC,E1,30,8760,262800,271559,1361.494000196457,542.3506138920784,1124.1488407850266,1442.494648694992,-0.6123242536469864,-91187.32785310922
MAAC,E1,31,8760,271560,280319,1433.7156693935394,949.0136524438858,1132.6354122161863,1433.7156693935394,-0.6177232990346501,-91991.35369224008
MAAC,E1,32,8760,280320,289079,1171.828942976892,536.1433240398765,925.744892977178,1171.828942976892,-0.5851290992442009,-87137.42545944639
MAAC,E1,33,8760,289080,297839,1442.494648694992,574.6171877980232,1139.5708111524582,1442.494648694992,-0.613007820634805,-91289.12464893516
MAAC,E1,34,8760,297840,306599,1433.7155361175537,949.0135642290116,1132.635306954384,1433.7156693935394,-0.6183967119030249,-92091.63833659848
MAAC,E1,35,8760,306600,315359,1171.828942976892,536.1433240398765,925.744892977178,1171.828942976892,-0.5855620873117071,-87201.90604245942
MAAC,E1,36,8760,315360,324119,1442.494648694992,574.6171877980232,1139.5708111524582,1442.494648694992,-0.6123340502775755,-91188.78676733654
MAAC,E1,37,8760,324120,332879,543.7648179531097,359.9320638179779,988.3797512054444,1433.7156846523285,-0.6196145562958993,-92272.99972358532
MAAC,E1,38,8747,332880,341626,1171.828942976892,536.1433240398765,925.744892977178,1171.828942976892,-0.5862138274466363,-87169.40992748737
MAAC,E1,39,8760,341640,350399,1171.828929387033,536.1433178409934,925.744882248342,1171.828942976892,-0.584833151916867,-87093.35298345983
MAAC,E1,40,8760,350400,359159,1442.4946007728577,574.617168366909,1139.5707720518112,1442.494648694992,-0.6123142001430396,-91185.83068530144
MAAC,E1,41,8760,359160,367919,1433.7156693935394,949.0136524438858,1132.6354122161863,1433.7156693935394,-0.6199636652215158,-92324.98902478814
MAAC,E1,42,8760,367920,376679,1173.255333408713,536.7959361150861,926.8717414587736,1171.8289429992435,-0.5865720391388319,-87352.30806855485
MAAC,E1,43,8760,376680,385439,1357.4678008556366,540.7467740178108,1124.1487492322922,1442.494652509689,-0.6136279890933564,-91381.48013578262
MAAC,E1,44,8760,385440,394199,1433.7156693935394,949.0136524438858,1132.6354122161863,1433.7156693935394,-0.6196508009789924,-92278.39728179156
MAAC,E1,45,8760,394200,402959,1171.828942976892,536.1433240398765,925.744892977178,1171.828942976892,-0.5863474134151658,-87318.85680578649
MAAC,E1,46,8760,402960,411719,1442.494648694992,574.6171877980232,1139.5708111524582,1442.494648694992,-0.6135889525661355,-91375.6668161489
MAAC,E1,47,8760,411720,420479,1405.355638742447,930.2414090633392,1130.6716096401217,1433.7156698703766,-0.619451847127264,-92248.76907419215
MAAC,E1,48,8760,420480,429239,1171.828942976892,536.1433240398765,925.744892977178,1171.828942976892,-0.5858474200349046,-87244.39779159799
MAAC,E1,49,8749,429240,437988,1442.494648694992,574.6171877980232,1139.5708111524582,1442.494648694992,-0.613195339604192,-91202.38244535027
MAAC,E2,0,8760,0,8759,1292.7243988141418,688.3699874766171,1021.2523054108024,1171.8289444074037,-0.5117970278910983,-76216.81339354235
MAAC,E2,1,8760,8760,17519,1442.494648694992,768.121980547905,1139.5708111524582,1442.494648694992,-0.5276548273727347,-78578.35689234766
MAAC,E2,2,8760,17520,26279,1433.7156693935394,763.4472264051437,1132.6354122161863,1433.7156693935394,-0.5338700148763145,-79503.92261538075
MAAC,E2,3,8760,26280,35039,1173.2463220208883,624.7484433054924,926.8646223992108,1171.8289429992435,-0.5119963745710402,-76246.50010111931
MAAC,E2,4,8760,35040,43799,1413.407870054245,752.633423447609,1124.1488407850266,1442.494648694992,-0.5277581635428972,-78593.74571480825
MAAC,E2,5,8760,43800,52559,1433.7156693935394,763.4472264051437,1132.6354122161863,1433.7156693935394,-0.5335961320186586,-79463.13598021865
MAAC,E2,6,8760,52560,61319,1171.828942976892,623.9936952479184,925.744892977178,1171.828942976892,-0.5121681774595345,-76272.08498727388
MAAC,E2,7,8752,61320,70071,1442.494648694992,768.121980547905,1139.5708111524582,1442.494648694992,-0.5274129886270718,-78470.61409989024
MAAC,E2,8,8760,70080,78839,1171.828942976892,623.9936952479184,925.744892977178,1171.828942976892,-0.5116219696961583,-76190.74372715189
MAAC,E2,9,8760,78840,87599,1442.494648694992,768.121980547905,1139.5708111524582,1442.494648694992,-0.5277609250944436,-78594.15696506455
MAAC,E2,10,8757,87600,96356,1433.7156693935394,763.4472264051437,1132.6354122161863,1433.7156693935394,-0.5339684196918764,-79491.34467110994
MAAC,E2,11,8760,96360,105119,1171.828942976892,623.9936952479184,925.744892977178,1171.828942976892,-0.5116550955697007,-76195.67683223983
MAAC,E2,12,8760,105120,113879,1442.494648694992,768.121980547905,1139.5708111524582,1442.494648694992,-0.5275918060049496,-78568.97175025709
MAAC,E2,13,8760,113880,122639,1433.7156693935394,763.4472264051437,1132.6354122161863,1433.7156693935394,-0.5338114388599219,-79495.19947501957
MAAC,E2,14,8760,122640,131399,1173.1623973697424,624.7037537693977,926.79832200706,1171.8289429992435,-0.5118066089008383,-76218.24019751285
MAAC,E2,15,8760,131400,140159,1361.4774901866913,724.9807134270668,1124.1488407850266,1442.494648694992,-0.5274189895895754,-78543.23592967958
MAAC,E2,16,8760,140160,148919,1433.7156693935394,763.4472264051437,1132.6354122161863,1433.7156693935394,-0.5334769842866612,-79445.39249996959
MAAC,E2,17,8760,148920,157679,1171.828942976892,623.9936952479184,925.744892977178,1171.828942976892,-0.5120197097123974,-76249.97517037022
MAAC,E2,18,8760,157680,166439,1442.494648694992,768.121980547905,1139.5708111524582,1442.494648694992,-0.527354796999978,-78533.67636923672
MAAC,E2,19,8760,166440,175199,1433.7155392169952,763.4471570253372,1132.635309457779,1433.7156693935394,-0.5334546293841695,-79442.06340789053
MAAC,E2,20,8760,175200,183959,1171.828942976892,623.9936952479184,925.744892977178,1171.828942976892,-0.5121021323318762,-76262.24954686301
MAAC,E2,21,8760,183960,192719,1442.494648694992,768.121980547905,1139.5708111524582,1442.494648694992,-0.5277787039077766,-78596.8045859461
MAAC,E2,22,8760,192720,201479,1137.639619588852,605.7880427837372,988.3797512054444,1433.7156693935394,-0.5337856024005878,-79491.35190949554
MAAC,E2,23,8760,201480,210239,1171.828942976892,623.9936952479184,925.744892977178,1171.828942976892,-0.5122131670803356,-76278.78484160357
MAAC,E2,24,8760,210240,218999,1442.494648694992,768.121980547905,1139.5708111524582,1442.494648694992,-0.5274042979074091,-78541.04804437136
MAAC,E2,25,8745,219000,227744,1433.709894657135,763.4441512823105,1132.6308500766754,1433.7156693935394,-0.5331517178004087,-79261.00012679776
MAAC,E2,26,8760,227760,236519,1294.2664291486144,689.1911163218319,1022.470506094396,1171.8289444074037,-0.5114318994227176,-76162.4384620311
MAAC,E2,27,8760,236520,245279,1442.494648694992,768.121980547905,1139.5708111524582,1442.494648694992,-0.5273257372548379,-78529.34879199046
MAAC,E2,28,8760,245280,254039,1433.7156693935394,763.4472264051437,1132.6354122161863,1433.7156693935394,-0.5338771653215634,-79504.98745968723
MAAC,E2,29,8760,254040,262799,1173.1623849719765,624.7037472128868,926.7983122318984,1171.8289429992435,-0.5116354590742883,-76192.75256534302
MAAC,E2,30,8760,262800,271559,1359.504658460617,723.9301877617836,1124.1488407850266,1442.494648694992,-0.5272623130540416,-78519.90366000787
MAAC,E2,31,8760,271560,280319,1433.7156693935394,763.4472264051437,1132.6354122161863,1433.7156693935394,-0.533382756356851,-79431.36007666224
MAAC,E2,32,8760,280320,289079,1171.828942976892,623.9936952479184,925.744892977178,1171.828942976892,-0.5117544899413077,-76210.47864205955
MAAC,E2,33,8760,289080,297839,1442.494648694992,768.121980547905,1139.5708111524582,1442.494648694992,-0.5275034697398087,-78555.81671365231
MAAC,E2,34,8760,297840,306599,1433.7155392169952,763.4471570253372,1132.635309457779,1433.7156693935394,-0.5336320790765543,-79468.48921608047
MAAC,E2,35,8760,306600,315359,1171.828942976892,623.9936952479184,925.744892977178,1171.828942976892,-0.5118476438365493,-76224.35112013893
MAAC,E2,36,8760,315360,324119,1442.494648694992,768.121980547905,1139.5708111524582,1442.494648694992,-0.5278822697578601,-78612.22761234053
MAAC,E2,37,8760,324120,332879,1151.493898153305,613.1653831005096,988.3797512054444,1433.7156693935394,-0.5337243877654989,-79482.2358260381
MAAC,E2,38,8747,332880,341626,1171.828942976892,623.9936952479184,925.744892977178,1171.828942976892,-0.5121687385546526,-76158.9792543383
MAAC,E2,39,8760,341640,350399,1171.828942976892,623.9936952479184,925.744892977178,1171.828942976892,-0.5113138028926756,-76144.85152677725
MAAC,E2,40,8760,350400,359159,1442.494648694992,768.121980547905,1139.5708111524582,1442.494648694992,-0.527322446093089,-78528.8586721828
MAAC,E2,41,8760,359160,367919,1433.7156693935394,763.4472264051437,1132.6354122161863,1433.7156693935394,-0.5338977307367767,-79508.0500613208
MAAC,E2,42,8760,367920,376679,1173.241894826293,624.7460858225822,926.8611249178648,1171.8289429992435,-0.511683208330953,-76199.86338464553
MAAC,E2,43,8760,376680,385439,1359.5047500133514,723.9302435517311,1124.1488407850266,1442.494648694992,-0.5273705245676006,-78536.01851860707
MAAC,E2,44,8760,385440,394199,1433.7156693935394,763.4472264051437,1132.6354122161863,1433.7156693935394,-0.5334308310822081,-79438.51936476244
MAAC,E2,45,8760,394200,402959,1171.828942976892,623.9936952479184,925.744892977178,1171.828942976892,-0.5117561754689337,-76210.72965083361
MAAC,E2,46,8760,402960,411719,1442.494648694992,768.121980547905,1139.5708111524582,1442.494648694992,-0.5275272757788116,-78559.36190898063
MAAC,E2,47,8760,411720,420479,1433.7155361175537,763.4471553564072,1132.635306954384,1433.7156693935394,-0.5336676285194848,-79473.78323912168
MAAC,E2,48,8760,420480,429239,1086.3287598714232,578.465230204165,873.2478264793754,1171.828942976892,-0.5119776707619665,-76243.71472987205
MAAC,E2,49,8749,429240,437988,1442.494648694992,768.121980547905,1139.5708111524582,1442.494648694992,-0.5277731741774441,-78497.28751493379
MAAC,E3,0,8760,0,8759,1171.828942976892,643.3719779960811,925.744892977178,1171.828942976892,-0.525818035216677,-78304.82180446755
MAAC,E3,1,8760,8760,17519,1442.494648694992,689.5406326055527,1139.5708111524582,1442.494648694992,-0.5425975139470239,-80803.62177699081
MAAC,E3,2,8760,17520,26279,1433.7156693935394,1138.8163677453997,1132.6354122161863,1433.7156693935394,-0.5510281711066376,-82059.11524120046
MAAC,E3,3,8760,26280,35039,1173.1513917297125,644.0980451032519,926.7896274775268,1171.8289429992435,-0.5260876935436103,-78344.97932251444
MAAC,E3,4,8760,35040,43799,1359.5029799938202,649.8689695000648,1124.1488407850266,1442.494648694992,-0.5425519251002843,-80796.83268593434
MAAC,E3,5,8760,43800,52559,1433.7156693935394,1138.8163677453997,1132.6354122161863,1433.7156693935394,-0.5505331295172755,-81985.39364771267
MAAC,E3,6,8760,52560,61319,1171.828942976892,643.3719779960811,925.744892977178,1171.828942976892,-0.5260514475888374,-78339.58157492966
MAAC,E3,7,8752,61320,70071,1442.494648694992,689.5406326055527,1139.5708111524582,1442.494648694992,-0.5421176230138837,-80658.42842249767
MAAC,E3,8,8760,70080,78839,1171.828942976892,643.3719779960811,925.744892977178,1171.828942976892,-0.5253566748558218,-78236.11601952898
MAAC,E3,9,8760,78840,87599,1442.494648694992,689.5406326055527,1139.5708111524582,1442.494648694992,-0.5422440283811623,-80750.98070652268
MAAC,E3,10,8757,87600,96356,1433.7156693935394,1138.8163677453997,1132.6354122161863,1433.7156693935394,-0.5510442571089145,-82033.40751154699
MAAC,E3,11,8760,96360,105119,1171.828942976892,643.3719779960811,925.744892977178,1171.828942976892,-0.5253977795300546,-78242.23732761573
MAAC,E3,12,8760,105120,113879,1442.494648694992,689.5406326055527,1139.5708111524582,1442.494648694992,-0.5420738763785914,-80725.64167029984
MAAC,E3,13,8760,113880,122639,1433.7156693935394,1138.8163677453997,1132.6354122161863,1433.7156693935394,-0.5508915368807321,-82038.76767227864
MAAC,E3,14,8760,122640,131399,1173.2462919801474,644.1501484438777,926.8645986765624,1171.8289429992435,-0.5256124991211116,-78274.21336911595
MAAC,E3,15,8760,131400,140159,1359.5047500133514,649.8698244690895,1124.1488407850266,1442.494648694992,-0.5420700849126654,-80725.07704519414
MAAC,E3,16,8760,140160,148919,1433.7156693935394,1138.8163677453997,1132.6354122161863,1433.7156693935394,-0.5502501850474886,-81943.257557272
MAAC,E3,17,8760,148920,157679,1171.828942976892,643.3719779960811,925.744892977178,1171.828942976892,-0.5258729295559338,-78312.99666946966
MAAC,E3,18,8760,157680,166439,1442.494648694992,689.5406326055527,1139.5708111524582,1442.494648694992,-0.5417912079477062,-80683.54668757241
MAAC,E3,19,8760,166440,175199,1433.7155361175537,1138.8162618875504,1132.635306954384,1433.7156693935394,-0.5503844582558507,-81963.25352346127
MAAC,E3,20,8760,175200,183959,1171.828942976892,643.3719779960811,925.744892977178,1171.828942976892,-0.525663594045537,-78281.82242526137
MAAC,E3,21,8760,183960,192719,1442.494648694992,689.5406326055527,1139.5708111524582,1442.494648694992,-0.5422065180652932,-80745.39467028347
MAAC,E3,22,8760,192720,201479,1137.639619588852,903.6398549079896,988.3797512054444,1433.7156693935394,-0.5505652636516364,-81990.17906300169
MAAC,E3,23,8760,201480,210239,1171.828942976892,643.3719779960811,925.744892977178,1171.828942976892,-0.5262573294628416,-78370.24150360638
MAAC,E3,24,8760,210240,218999,1442.494648694992,689.5406326055527,1139.5708111524582,1442.494648694992,-0.5416786509701544,-80666.7847024754
MAAC,E3,25,8745,219000,227744,1412.8913040161133,1122.2753247022629,1130.4318118095398,1433.715669631958,-0.5500937393686588,-81779.68576324165
MAAC,E3,26,8760,227760,236519,1171.828942976892,643.3719779960811,925.744892977178,1171.828942976892,-0.5251472782170725,-78204.93267208645
MAAC,E3,27,8760,236520,245279,1442.494648694992,689.5406326055527,1139.5708111524582,1442.494648694992,-0.5417073115605485,-80671.0528375969
MAAC,E3,28,8760,245280,254039,1433.7156693935394,1138.8163677453997,1132.6354122161863,1433.7156693935394,-0.550622311984098,-81998.67470067187
MAAC,E3,29,8760,254040,262799,1173.1409562677145,644.0923157259822,926.7813835591078,1171.8289429992435,-0.5254960123263164,-78256.86615563503
MAAC,E3,30,8760,262800,271559,1346.0628745555878,643.4443565011024,1124.1488407850266,1442.4946448802948,-0.5419594455585118,-80708.60063257358
MAAC,E3,31,8760,271560,280319,1433.7156693935394,1138.8163677453997,1132.6354122161863,1433.7156693935394,-0.5502879415268641,-81948.88025218059
MAAC,E3,32,8760,280320,289079,1171.828942976892,643.3719779960811,925.744892977178,1171.828942976892,-0.5254341807570457,-78247.65819833924
MAAC,E3,33,8760,289080,297839,1442.494648694992,689.5406326055527,1139.5708111524582,1442.494648694992,-0.5417746739943917,-80681.08445124481
MAAC,E3,34,8760,297840,306599,1433.7155392169952,1138.8162643909454,1132.635309457779,1433.7156693935394,-0.5502774119072933,-81947.31218123411
MAAC,E3,35,8760,306600,315359,1171.828942976892,643.3719779960811,925.744892977178,1171.828942976892,-0.5255541150930683,-78265.51881965973
MAAC,E3,36,8760,315360,324119,1442.494648694992,689.5406326055527,1139.5708111524582,1442.494648694992,-0.5420844121195109,-80727.21065283756
MAAC,E3,37,8760,324120,332879,1179.9626321792605,937.2574919462204,988.3797504901886,1433.7156693935394,-0.5506697682562725,-82005.7418887241
MAAC,E3,38,8747,332880,341626,1171.828942976892,643.3719779960811,925.744892977178,1171.828942976892,-0.526292534335744,-78259.1735631908
MAAC,E3,39,8760,341640,350399,1171.828942976892,643.3719779960811,925.744892977178,1171.828942976892,-0.5248192921266143,-78156.0889834954
MAAC,E3,40,8760,350400,359159,1442.494648694992,689.5406326055527,1139.5708111524582,1442.494648694992,-0.5415060836179317,-80641.0859723824
MAAC,E3,41,8760,359160,367919,1433.7156693935394,1138.8163677453997,1132.6354122161863,1433.7156693935394,-0.5509945603833987,-82054.10993229572
MAAC,E3,42,8760,367920,376679,1173.140896782279,644.0922830626369,926.7813364714384,1171.8289429992435,-0.5254143179556776,-78244.7002299595
MAAC,E3,43,8760,376680,385439,1359.5047500133514,649.8698244690895,1124.1488407850266,1442.494648694992,-0.5417308376725886,-80674.55634620189
MAAC,E3,44,8760,385440,394199,1433.7156693935394,1138.8163677453997,1132.6354122161863,1433.7156693935394,-0.5500662867710824,-81915.87142594959
MAAC,E3,45,8760,394200,402959,1171.828942976892,643.3719779960811,925.744892977178,1171.828942976892,-0.5255362287935904,-78262.85519194147
MAAC,E3,46,8760,402960,411719,1442.494648694992,689.5406326055527,1139.5708111524582,1442.494648694992,-0.5419086847598242,-80701.04133443303
MAAC,E3,47,8760,411720,420479,1433.7155392169952,1138.8162643909454,1132.635309457779,1433.7156693935394,-0.5503509618328148,-81958.26523614279
MAAC,E3,48,8760,420480,429239,1171.828942976892,643.3719779960811,925.744892977178,1171.828942976892,-0.525685534999424,-78285.08987211423
MAAC,E3,49,8749,429240,437988,1442.494648694992,689.5406326055527,1139.5708111524582,1442.494648694992,-0.5419790135380939,-80610.1646205613
MASAC,E1,0,8760,0,8759,1442.494648694992,574.6171877980232,1139.5708111524582,1442.494648694992,-0.6210917477015423,-92492.98306771368
MASAC,E1,1,8760,8760,17519,1433.7156693935394,949.0136524438858,1132.6354122161863,1433.7156693935394,-0.6273420491722544,-93423.77796273211
MASAC,E1,2,8760,17520,26279,1207.5658943280578,552.4939416870475,953.9770864471792,1171.8289444074037,-0.5940955721188472,-88472.71259993874
MASAC,E1,3,8760,26280,35039,1442.494648694992,574.6171877980232,1139.5708111524582,1442.494648694992,-0.6223996801744109,-92687.76037157328
MASAC,E1,4,8760,35040,43799,957.599410057068,633.8599035739899,988.3797491788864,1433.7156846523285,-0.6272485963388912,-93409.86096678767
MASAC,E1,5,8760,43800,52559,1171.828912459314,536.1433102115989,925.7448691353202,1171.828942976892,-0.5946771398305757,-88559.31966356933
MASAC,E1,6,8760,52560,61319,1442.4946625232697,574.6171934008598,1139.5708221197128,1442.494648694992,-0.6202952471434151,-92374.36820459738
MASAC,E1,7,8760,61320,70079,1433.7156693935394,949.0136524438858,1132.6354122161863,1433.7156693935394,-0.626684333464624,-93325.83093955182
MASAC,E1,8,8760,70080,78839,1171.828942976892,536.1433240398765,925.744892977178,1171.828942976892,-0.5943081018458584,-88504.36252688523
MASAC,E1,9,8760,78840,87599,1412.9580256938934,562.8512855172157,1116.2368787527084,1442.494648694992,-0.6211253258863731,-92497.9835309987
MASAC,E1,10,8760,87600,96359,1433.7156693935394,949.0136524438858,1132.6354122161863,1433.7156693935394,-0.627759154809035,-93485.89333416148
MASAC,E1,11,8760,96360,105119,1171.828942976892,536.1433240398765,925.744892977178,1171.828942976892,-0.5949465356619399,-88599.4380907761
MASAC,E1,12,8760,105120,113879,1442.494648694992,574.6171877980232,1139.5708111524582,1442.494648694992,-0.6201102730134485,-92346.82185716277
MASAC,E1,13,8760,113880,122639,1297.5459153652191,858.8793394565582,1051.1623058319092,1433.7156693935394,-0.6267569655710916,-93336.64731284697
MASAC,E1,14,8760,122640,131399,1171.828942976892,536.1433240398765,925.744892977178,1171.828942976892,-0.5935483689749503,-88391.2231077496
MASAC,E1,15,8760,131400,140159,1442.494648694992,574.6171877980232,1139.5708111524582,1442.494648694992,-0.621724609506729,-92587.22884774208
MASAC,E1,16,8760,140160,148919,1501.0754108428955,993.6008151769638,1185.8496088981628,1433.715669631958,-0.6273043487738759,-93418.1636194056
MASAC,E1,17,8760,148920,157679,1171.828942976892,536.1433240398765,925.744892977178,1171.828942976892,-0.5940935033245957,-88472.40451509878
MASAC,E1,18,8760,157680,166439,1442.494648694992,574.6171877980232,1139.5708111524582,1442.494648694992,-0.6196734128005857,-92281.76463426324
MASAC,E1,19,8760,166440,175199,1436.8622224330902,951.09643805027,1135.1211891174316,1433.7156693935394,-0.626621744706036,-93316.51022162288
MASAC,E1,20,8760,175200,183959,2074.396692000329,949.0923978313804,1638.7734192833304,1171.828942976892,-0.5936434362832134,-88405.38053129613
MASAC,E1,21,8760,183960,192719,1442.494648694992,574.6171877980232,1139.5708111524582,1442.494648694992,-0.6209577095561946,-92473.0221071085
MASAC,E1,22,8737,192720,201456,1433.7156693935394,949.0136524438858,1132.6354122161863,1433.7156693935394,-0.6262709057626162,-93019.39136201562
MASAC,E1,23,8760,201480,210239,1442.494648694992,574.6171877980232,1139.5708111524582,1442.494648694992,-0.6198266866174633,-92304.59017107265
MASAC,E1,24,8760,210240,218999,1433.7156693935394,949.0136524438858,1132.6354122161863,1433.7156693935394,-0.625059442587418,-93083.85219011828
MASAC,E1,25,8760,219000,227759,1298.8265947923064,594.2481717690825,1026.0730424150825,1171.8289370164275,-0.5912577995024707,-88050.11150190793
MASAC,E1,26,8760,227760,236519,966.3174483776093,384.9321861863136,1064.884356379509,1442.4946639537811,-0.617648968359532,-91980.28436810152
MASAC,E1,27,8760,236520,245279,962.8758409023284,637.3525321483612,988.3797512054444,1433.7156541347504,-0.624221940411225,-92959.13136603964
MASAC,E1,28,8760,245280,254039,1171.828942976892,536.1433240398765,925.744892977178,1171.828942976892,-0.5910754955645872,-88022.96279947832
MASAC,E1,29,8760,254040,262799,1442.494648694992,574.6171877980232,1139.5708111524582,1442.494648694992,-0.6177623385667682,-91997.16745936312
MASAC,E1,30,8752,262800,271551,1433.7156693935394,949.0136524438858,1132.6354122161863,1433.7156693935394,-0.62171172874099,-92500.75784899946
MASAC,E1,31,8760,271560,280319,1442.494648694992,574.6171877980232,1139.5708111524582,1442.494648694992,-0.6198266866174633,-92304.59017107265
MASAC,E1,32,8760,280320,289079,1433.7156693935394,949.0136524438858,1132.6354122161863,1433.7156693935394,-0.625059442587418,-93083.85219011828
MASAC,E1,33,8760,289080,297839,1298.8265947923064,594.2481717690825,1026.0730424150825,1171.8289370164275,-0.5912577995024707,-88050.11150190793
MASAC,E1,34,8760,297840,306599,966.3174483776093,384.9321861863136,1064.884356379509,1442.4946639537811,-0.617648968359532,-91980.28436810152
MASAC,E1,35,8760,306600,315359,962.8758409023284,637.3525321483612,988.3797512054444,1433.7156541347504,-0.624221940411225,-92959.13136603964
MASAC,E1,36,8760,315360,324119,1171.828942976892,536.1433240398765,925.744892977178,1171.828942976892,-0.5910754955645872,-88022.96279947832
MASAC,E1,37,8753,324120,332872,1442.494648694992,574.6171877980232,1139.5708111524582,1442.494648694992,-0.6177986854378559,-91929.0621918384
MASAC,E1,38,8760,332880,341639,1442.494648694992,574.6171877980232,1139.5708111524582,1442.494648694992,-0.6198266866174633,-92304.59017107265
MASAC,E1,39,8760,341640,350399,1433.7156693935394,949.0136524438858,1132.6354122161863,1433.7156693935394,-0.625059442587418,-93083.85219011828
MASAC,E1,40,8760,350400,359159,1298.8265947923064,594.2481717690825,1026.0730424150825,1171.8289370164275,-0.5912577995024707,-88050.11150190793
MASAC,E1,41,8760,359160,367919,966.3174483776093,384.9321861863136,1064.884356379509,1442.4946639537811,-0.617648968359532,-91980.28436810152
MASAC,E1,42,8760,367920,376679,962.8758409023284,637.3525321483612,988.3797512054444,1433.7156541347504,-0.624221940411225,-92959.13136603964
MASAC,E1,43,8760,376680,385439,1171.828942976892,536.1433240398765,925.744892977178,1171.828942976892,-0.5910754955645872,-88022.96279947832
MASAC,E1,44,8760,385440,394199,1442.494648694992,574.6171877980232,1139.5708111524582,1442.494648694992,-0.6177623385667682,-91997.16745936312
MASAC,E1,45,8760,394200,402959,1433.7156693935394,949.0136524438858,1132.6354122161863,1433.7156693935394,-0.6216226868236812,-92572.0505217826
MASAC,E1,46,8760,402960,411719,1171.828942976892,536.1433240398765,925.744892977178,1171.828942976892,-0.5913046111629162,-88057.08269438148
MASAC,E1,47,8760,411720,420479,1415.5425956249237,563.8808482289314,1118.2786892652512,1442.494648694992,-0.6160705411193262,-91745.22498349009
MASAC,E1,48,8760,420480,429239,1433.7156693935394,949.0136524438858,1132.6354122161863,1433.7156693935394,-0.622954731382117,-92770.41859742488
MASAC,E1,49,8748,429240,437987,1171.828942976892,536.1433240398765,925.744892977178,1171.828942976892,-0.5895927763098163,-87681.87932169065
MASAC,E2,0,8760,0,8759,1442.494648694992,768.121980547905,1139.5708111524582,1442.494648694992,-0.528240462095925,-78665.56961532516
MASAC,E2,1,8760,8760,17519,1433.7156693935394,763.4472264051437,1132.6354122161863,1433.7156693935394,-0.5342859520192066,-79565.86397470025
MASAC,E2,2,8760,17520,26279,1207.5677749738095,643.0244636423886,953.9785703644156,1171.8289444074037,-0.51241294757989,-76308.53615359722
MASAC,E2,3,8760,26280,35039,1442.494648694992,768.121980547905,1139.5708111524582,1442.494648694992,-0.5284359870146329,-78694.68718621913
MASAC,E2,4,8760,35040,43799,934.803206205368,497.7785634994507,988.3797489404678,1433.7156541347504,-0.5342089289762134,-79554.39370313771
MASAC,E2,5,8760,43800,52559,1171.828942976892,623.9936952479184,925.744892977178,1171.828942976892,-0.5124602174516978,-76315.57558290684
MASAC,E2,6,8760,52560,61319,1442.4946563243866,768.1219846010208,1139.5708173513412,1442.494648694992,-0.5278329040124459,-78604.87606553343
MASAC,E2,7,8760,61320,70079,1433.7156693935394,763.4472264051437,1132.6354122161863,1433.7156693935394,-0.5341600304390212,-79547.11173297903
MASAC,E2,8,8760,70080,78839,1171.828942976892,623.9936952479184,925.744892977178,1171.828942976892,-0.5127932614670209,-76365.17249766874
MASAC,E2,9,8760,78840,87599,1412.95791888237,752.393802523613,1116.2367943525314,1442.494648694992,-0.528396128213109,-78688.7514134962
MASAC,E2,10,8760,87600,96359,1433.7156693935394,763.4472264051437,1132.6354122161863,1433.7156693935394,-0.5344206644554094,-79585.92535069956
MASAC,E2,11,8760,96360,105119,1171.828942976892,623.9936952479184,925.744892977178,1171.828942976892,-0.5128660689783334,-76376.0149922534
MASAC,E2,12,8760,105120,113879,1442.494648694992,768.121980547905,1139.5708111524582,1442.494648694992,-0.5280416566818644,-78635.96351306327
MASAC,E2,13,8760,113880,122639,1297.5513627529144,690.9403380155563,1051.1623058319092,1433.7156693935394,-0.5341204026896166,-79541.2103685377
MASAC,E2,14,8760,122640,131399,1171.828942976892,623.9936952479184,925.744892977178,1171.828942976892,-0.5124616506653793,-76315.78901708829
MASAC,E2,15,8760,131400,140159,1442.494648694992,768.121980547905,1139.5708111524582,1442.494648694992,-0.5282891881860986,-78672.82590467381
MASAC,E2,16,8760,140160,148919,1501.0754108428955,799.3159884214401,1185.8496088981628,1433.715669631958,-0.5344664911717443,-79592.74986529615
MASAC,E2,17,8760,148920,157679,1171.828942976892,623.9936952479184,925.744892977178,1171.828942976892,-0.512841510416361,-76372.35773120447
MASAC,E2,18,8760,157680,166439,1442.494648694992,768.121980547905,1139.5708111524582,1442.494648694992,-0.5282145512657044,-78661.71097448868
MASAC,E2,19,8760,166440,175199,1436.8619573116302,765.1226109266281,1135.120979309082,1433.715671300888,-0.5344791460117901,-79594.63442407579
MASAC,E2,20,8760,175200,183959,2074.353601180017,1104.5840883143246,1638.739361666143,1171.8290040120482,-0.5124952866072731,-76320.7980815551
MASAC,E2,21,8760,183960,192719,1442.494648694992,768.121980547905,1139.5708111524582,1442.494648694992,-0.5284842861702306,-78701.87989647074
MASAC,E2,22,8737,192720,201456,1433.7156693935394,763.4472264051437,1132.6354122161863,1433.7156693935394,-0.5342170296540485,-79346.72119748617
MASAC,E2,23,8760,201480,210239,1442.494648694992,768.121980547905,1139.5708111524582,1442.494648694992,-0.528316323448379,-78676.8668879326
MASAC,E2,24,8760,210240,218999,1433.7156693935394,763.4472264051437,1132.6354122161863,1433.7156693935394,-0.5342200265674227,-79556.0463564206
MASAC,E2,25,8760,219000,227759,1293.3519775494933,688.7041702158749,1021.7480939850212,1171.8289444074037,-0.5122386797760721,-76282.58419225266
MASAC,E2,26,8760,227760,236519,966.3174483776093,514.55973726511,1064.884356379509,1442.494633436203,-0.5281246595625226,-78648.32430205088
MASAC,E2,27,8760,236520,245279,963.4159409999849,513.0147202014923,988.3797512054444,1433.7156846523285,-0.5341713049896714,-79548.79073906186
MASAC,E2,28,8760,245280,254039,1171.828942976892,623.9936952479184,925.744892977178,1171.828942976892,-0.5124019091372712,-76306.89230872244
MASAC,E2,29,8760,254040,262799,1487.6067407131195,792.1439689397812,1175.2093645334244,1442.4946496486664,-0.5280629675781271,-78639.13713173468
MASAC,E2,30,8752,262800,271551,1433.7156693935394,763.4472264051437,1132.6354122161863,1433.7156693935394,-0.5341520103821658,-79473.27271270016
MASAC,E2,31,8760,271560,280319,1442.494648694992,768.121980547905,1139.5708111524582,1442.494648694992,-0.528316323448379,-78676.8668879326
MASAC,E2,32,8760,280320,289079,1433.7156693935394,763.4472264051437,1132.6354122161863,1433.7156693935394,-0.5342200265674227,-79556.0463564206
MASAC,E2,33,8760,289080,297839,1293.3519775494933,688.7041702158749,1021.7480939850212,1171.8289444074037,-0.5122386797760721,-76282.58419225266
MASAC,E2,34,8760,297840,306599,966.3174483776093,514.55973726511,1064.884356379509,1442.494633436203,-0.5281246595625226,-78648.32430205088
MASAC,E2,35,8760,306600,315359,963.4159409999849,513.0147202014923,988.3797512054444,1433.7156846523285,-0.5341713049896714,-79548.79073906186
MASAC,E2,36,8760,315360,324119,1171.828942976892,623.9936952479184,925.744892977178,1171.828942976892,-0.5124019091372712,-76306.89230872244
MASAC,E2,37,8753,324120,332872,1487.6067407131195,792.1439689397812,1175.2093645334244,1442.4946496486664,-0.5279973791614397,-78566.5380166014
MASAC,E2,38,8760,332880,341639,1442.494648694992,768.121980547905,1139.5708111524582,1442.494648694992,-0.528316323448379,-78676.8668879326
MASAC,E2,39,8760,341640,350399,1433.7156693935394,763.4472264051437,1132.6354122161863,1433.7156693935394,-0.5342200265674227,-79556.0463564206
MASAC,E2,40,8760,350400,359159,1293.3519775494933,688.7041702158749,1021.7480939850212,1171.8289444074037,-0.5122386797760721,-76282.58419225266
MASAC,E2,41,8760,359160,367919,966.3174483776093,514.55973726511,1064.884356379509,1442.494633436203,-0.5281246595625226,-78648.32430205088
MASAC,E2,42,8760,367920,376679,963.4159409999849,513.0147202014923,988.3797512054444,1433.7156846523285,-0.5341713049896714,-79548.79073906186
MASAC,E2,43,8760,376680,385439,1171.828942976892,623.9936952479184,925.744892977178,1171.828942976892,-0.5124019091372712,-76306.89230872244
MASAC,E2,44,8760,385440,394199,1487.6067407131195,792.1439689397812,1175.2093645334244,1442.4946496486664,-0.5280629675781271,-78639.13713173468
MASAC,E2,45,8760,394200,402959,1433.7156693935394,763.4472264051437,1132.6354122161863,1433.7156693935394,-0.5341292031088826,-79542.5209269748
MASAC,E2,46,8760,402960,411719,1171.828942976892,623.9936952479184,925.744892977178,1171.828942976892,-0.5126333496593685,-76341.35843127315
MASAC,E2,47,8760,411720,420479,1416.1764342784882,754.1076477766037,1118.7794216871262,1442.494648694992,-0.5281921079341843,-78658.36871355872
MASAC,E2,48,8760,420480,429239,1433.7156693935394,763.4472264051437,1132.6354122161863,1433.7156693935394,-0.5341373025630299,-79543.72709768642
MASAC,E2,49,8748,429240,437987,1171.828942976892,623.9936952479184,925.744892977178,1171.828942976892,-0.5125064952745902,-76217.91595125597
MASAC,E3,0,8760,0,8759,1442.494648694992,689.5406326055527,1139.5708111524582,1442.494648694992,-0.54328587221065,-80906.13208961
MASAC,E3,1,8760,8760,17519,1433.7156693935394,1138.8163677453997,1132.6354122161863,1433.7156693935394,-0.5518098292620185,-82175.51977369978
MASAC,E3,2,8760,17520,26279,1207.5677749738095,662.9937521927059,953.9785703644156,1171.8289444074037,-0.5266826511246796,-78433.58040548729
MASAC,E3,3,8760,26280,35039,1442.494648694992,689.5406326055527,1139.5708111524582,1442.494648694992,-0.5437156108790443,-80970.12877210727
MASAC,E3,4,8760,35040,43799,934.800095319748,742.5221432447433,988.3797504901886,1433.7156541347504,-0.5516603422252431,-82153.2581641832
MASAC,E3,5,8760,43800,52559,1171.828912459314,643.3719608299434,925.7448691353202,1171.828942976892,-0.5269059164552964,-78466.82907852274
MASAC,E3,6,8760,52560,61319,1442.4946546554563,689.5406354665756,1139.5708159208298,1442.494648694992,-0.5428022325761069,-80834.10847523385
MASAC,E3,7,8760,61320,70079,1433.7156693935394,1138.8163677453997,1132.6354122161863,1433.7156693935394,-0.5515759494845673,-82140.69039724178
MASAC,E3,8,8760,70080,78839,1171.828942976892,643.3719779960811,925.744892977178,1171.828942976892,-0.5271277014266983,-78499.85729646392
MASAC,E3,9,8760,78840,87599,1412.957897901535,675.4214891195297,1116.236777663231,1442.494648694992,-0.5433765672185381,-80919.6383901847
MASAC,E3,10,8760,87600,96359,1433.7156693935394,1138.8163677453997,1132.6354122161863,1433.7156693935394,-0.5518946498872621,-82188.15126121108
MASAC,E3,11,8760,96360,105119,1171.828942976892,643.3719779960811,925.744892977178,1171.828942976892,-0.527185775624718,-78508.505706033
MASAC,E3,12,8760,105120,113879,1442.494648694992,689.5406326055527,1139.5708111524582,1442.494648694992,-0.5428711335833696,-80844.36921323539
MASAC,E3,13,8760,113880,122639,1297.5513017177582,1030.6594883203506,1051.1623058319092,1433.7156693935394,-0.5515063561842355,-82130.32656295635
MASAC,E3,14,8760,122640,131399,1171.828942976892,643.3719779960811,925.744892977178,1171.828942976892,-0.526716133105878,-78438.56654212736
MASAC,E3,15,8760,131400,140159,1442.494648694992,689.5406326055527,1139.5708111524582,1442.494648694992,-0.5434030689842839,-80923.58503313956
MASAC,E3,16,8760,140160,148919,1501.0754108428955,1192.3209606409073,1185.8496088981628,1433.715669631958,-0.5518058895075868,-82174.93306546981
MASAC,E3,17,8760,148920,157679,1171.828942976892,643.3719779960811,925.744892977178,1171.828942976892,-0.5271417917155541,-78501.95562228031
MASAC,E3,18,8760,157680,166439,1442.494648694992,689.5406326055527,1139.5708111524582,1442.494648694992,-0.543199383343419,-80893.25216750195
MASAC,E3,19,8760,166440,175199,1436.8621518611908,1141.3156543970108,1135.1211318969729,1433.7156693935394,-0.5519228590949066,-82192.3521764135
MASAC,E3,20,8760,175200,183959,2074.353357039392,1138.8870613090694,1638.7391785606742,1171.8290040120482,-0.5268976734633181,-78465.60153215732
MASAC,E3,21,8760,183960,192719,1442.494648694992,689.5406326055527,1139.5708111524582,1442.494648694992,-0.5434026496022172,-80923.52257876217
MASAC,E3,22,8737,192720,201456,1433.7156693935394,1138.8163677453997,1132.6354122161863,1433.7156693935394,-0.551733265259201,-81948.39015568387
MASAC,E3,23,8760,201480,210239,1442.494648694992,689.5406326055527,1139.5708111524582,1442.494648694992,-0.5431901089086011,-80891.87101866888
MASAC,E3,24,8760,210240,218999,1433.7156693935394,1138.8163677453997,1132.6354122161863,1433.7156693935394,-0.5512860059573528,-82097.51200716899
MASAC,E3,25,8760,219000,227759,1294.451365672052,710.6956488601863,1022.6166089996696,1171.828936778009,-0.5263660388880146,-78386.43051120313
MASAC,E3,26,8760,227760,236519,1442.494648694992,689.5406326055527,1139.5708111524582,1442.494648694992,-0.5425584560941135,-80797.80528153537
MASAC,E3,27,8760,236520,245279,963.380357503891,765.2237620353699,988.3797512054444,1433.7156541347504,-0.5511507904264829,-82077.37571031183
MASAC,E3,28,8760,245280,254039,1171.828942976892,643.3719779960811,925.744892977178,1171.828942976892,-0.5263098821800003,-78378.06765424565
MASAC,E3,29,8760,254040,262799,1487.6069505214691,711.1051948070526,1175.209532380104,1442.4946496486664,-0.5424389493246577,-80780.00833342804
MASAC,E3,30,8752,262800,271551,1433.7156693935394,1138.8163677453997,1132.6354122161863,1433.7156693935394,-0.5507925898136747,-81949.12468283779
MASAC,E3,31,8760,271560,280319,1442.494648694992,689.5406326055527,1139.5708111524582,1442.494648694992,-0.5431901089086011,-80891.87101866888
MASAC,E3,32,8760,280320,289079,1433.7156693935394,1138.8163677453997,1132.6354122161863,1433.7156693935394,-0.5512860059573528,-82097.51200716899
MASAC,E3,33,8760,289080,297839,1294.451365672052,710.6956488601863,1022.6166089996696,1171.828936778009,-0.5263660388880146,-78386.43051120313
MASAC,E3,34,8760,297840,306599,1442.494648694992,689.5406326055527,1139.5708111524582,1442.494648694992,-0.5425584560941135,-80797.80528153537
MASAC,E3,35,8760,306600,315359,963.380357503891,765.2237620353699,988.3797512054444,1433.7156541347504,-0.5511507904264829,-82077.37571031183
MASAC,E3,36,8760,315360,324119,1171.828942976892,643.3719779960811,925.744892977178,1171.828942976892,-0.5263098821800003,-78378.06765424565
MASAC,E3,37,8753,324120,332872,1487.6069505214691,711.1051948070526,1175.209532380104,1442.4946496486664,-0.5423942671547753,-80708.80934689773
MASAC,E3,38,8760,332880,341639,1442.494648694992,689.5406326055527,1139.5708111524582,1442.494648694992,-0.5431901089086011,-80891.87101866888
MASAC,E3,39,8760,341640,350399,1433.7156693935394,1138.8163677453997,1132.6354122161863,1433.7156693935394,-0.5512860059573528,-82097.51200716899
MASAC,E3,40,8760,350400,359159,1294.451365672052,710.6956488601863,1022.6166089996696,1171.828936778009,-0.5263660388880146,-78386.43051120313
MASAC,E3,41,8760,359160,367919,1442.494648694992,689.5406326055527,1139.5708111524582,1442.494648694992,-0.5425584560941135,-80797.80528153537
MASAC,E3,42,8760,367920,376679,963.380357503891,765.2237620353699,988.3797512054444,1433.7156541347504,-0.5511507904264829,-82077.37571031183
MASAC,E3,43,8760,376680,385439,1171.828942976892,643.3719779960811,925.744892977178,1171.828942976892,-0.5263098821800003,-78378.06765424565
MASAC,E3,44,8760,385440,394199,1487.6069505214691,711.1051948070526,1175.209532380104,1442.4946496486664,-0.5424389493246577,-80780.00833342804
MASAC,E3,45,8760,394200,402959,1433.7156693935394,1138.8163677453997,1132.6354122161863,1433.7156693935394,-0.5507613602389888,-82019.38176679022
MASAC,E3,46,8760,402960,411719,1171.828942976892,643.3719779960811,925.744892977178,1171.828942976892,-0.5265661854577639,-78416.2363383702
MASAC,E3,47,8760,411720,420479,1416.171396970749,676.957604765892,1118.7754420042038,1442.494648694992,-0.5426501765817953,-80811.46429656095
MASAC,E3,48,8760,420480,429239,1433.7156693935394,1138.8163677453997,1132.6354122161863,1433.7156693935394,-0.5510169561042634,-82057.44510304689
MASAC,E3,49,8748,429240,437987,1171.828942976892,643.3719779960811,925.744892977178,1171.828942976892,-0.5263825588275348,-78281.50861859568
MATD3,E1,0,8760,0,8759,1470.5430772304535,672.813076004386,1864.838984489441,1171.828912973404,-0.7290455099358968,-108569.45733965376
MATD3,E1,1,8760,8760,17519,28.11381435394287,11.199133455753326,1056.600426197052,1442.494652748108,-0.7408485589329936,-110327.1673963014
MATD3,E1,2,8760,17520,26279,1470.5430772304535,672.813076004386,1864.838984489441,1171.828912973404,-0.7290455099358968,-108569.45733965376
MATD3,E1,3,8760,26280,35039,28.11381435394287,11.199133455753326,1056.600426197052,1442.494652748108,-0.7407922956320674,-110318.78866552748
MATD3,E1,4,8760,35040,43799,1171.8288989067078,536.1433016955853,925.7448507025838,1171.828942976892,-0.5922761108176945,-88201.75842297106
MATD3,E1,5,8752,43800,52551,1448.5327286720276,577.022451043129,1144.3408924341202,1442.494648694992,-0.6203870136879436,-92303.661444547
MATD3,E1,6,8760,52560,61319,1470.5430772304535,672.813076004386,1864.838984489441,1171.828912973404,-0.7290455099358968,-108569.45733965376
MATD3,E1,7,8758,61320,70077,28.11381435394287,11.199133455753326,1056.600426197052,1442.494652748108,-0.7408411170337472,-110300.8705506865
MATD3,E1,8,8760,70080,78839,1470.5430772304535,672.813076004386,1864.838984489441,1171.828912973404,-0.7290455099358968,-108569.45733965376
MATD3,E1,9,8758,78840,87597,28.11381435394287,11.199133455753326,1056.600426197052,1442.494652748108,-0.7408411170337472,-110300.8705506865
MATD3,E1,10,8760,87600,96359,1433.7158942222595,949.0137821435928,1132.635603904724,1433.7156693935394,-0.6275426411947297,-93453.65012671916
MATD3,E1,11,8760,96360,105119,1171.8288989067078,536.1433016955853,925.7448507025838,1171.828942976892,-0.5928723266513164,-88290.54688491405
MATD3,E1,12,8760,105120,113879,1442.494604587555,574.6171661615372,1139.5707718133926,1442.494648694992,-0.6198809948244577,-92312.67774925823
MATD3,E1,13,8760,113880,122639,1433.7156252861023,949.0136116743088,1132.6353707313538,1433.7156693935394,-0.6268358120596415,-93348.3891319218
MATD3,E1,14,8760,122640,131399,1171.8288989067078,536.1433016955853,925.7448507025838,1171.828942976892,-0.5917727467841729,-88126.79745109903
MATD3,E1,15,8760,131400,140159,1442.494543552399,574.6171509027481,1139.5707107782364,1442.494648694992,-0.6203342994187452,-92380.18386943953
MATD3,E1,16,8760,140160,148919,1433.7155947685242,949.0135964155196,1132.6353402137756,1433.7156693935394,-0.6283982286783234,-93581.06421477592
MATD3,E1,17,8760,148920,157679,1171.8288588523865,536.1432821452618,925.7448135092854,1171.828942976892,-0.5938568489662464,-88437.1619480534
MATD3,E1,18,8760,157680,166439,1442.4946007728577,574.6171661615372,1139.5707679986954,1442.494648694992,-0.6213662761289298,-92533.86584112022
MATD3,E1,19,8760,166440,175199,1433.715621471405,949.0136250257492,1132.6353669166565,1433.7156693935394,-0.6275623168218012,-93456.58022110265
MATD3,E1,20,8760,175200,183959,1171.8288950920105,536.1433002650738,925.7448478415608,1171.828942976892,-0.5923983721498567,-88219.96558055666
MATD3,E1,21,8760,183960,192719,1442.4946007728577,574.6171661615372,1139.5707679986954,1442.494648694992,-0.6201243990915624,-92348.92551271548
MATD3,E1,22,8760,192720,201479,1433.715621471405,949.0136250257492,1132.6353669166565,1433.7156693935394,-0.6272274115573233,-93406.7061291166
MATD3,E1,23,8760,201480,210239,1171.8288950920105,536.1433002650738,925.7448478415608,1171.828942976892,-0.5931696773648101,-88334.82835316751
MATD3,E1,24,8760,210240,218999,1442.4946007728577,574.6171661615372,1139.5707679986954,1442.494648694992,-0.6204905186511218,-92403.44803752506
MATD3,E1,25,8760,219000,227759,1433.7156310081482,949.0136317014694,1132.635374546051,1433.7156693935394,-0.6273433676959105,-93423.974317275
MATD3,E1,26,8760,227760,236519,1171.8288860321045,536.1432962119579,925.7448406890036,1171.828942976892,-0.5928058131346036,-88280.64169200516
MATD3,E1,27,8760,236520,245279,1442.4945921897888,574.6171628236771,1139.5707613229752,1442.494648694992,-0.6199991237039061,-92330.26950198568
MATD3,E1,28,8760,245280,254039,1433.715611934662,949.013618350029,1132.635359287262,1433.7156693935394,-0.6271063775182276,-93388.68174001444
MATD3,E1,29,8760,254040,262799,1171.8288860321045,536.1432962119579,925.7448406890036,1171.828942976892,-0.593209215177488,-88340.71632423151
MATD3,E1,30,8760,262800,271559,1442.4945921897888,574.6171628236771,1139.5707613229752,1442.494648694992,-0.6206955466116958,-92433.98080141374
MATD3,E1,31,8760,271560,280319,1433.715611934662,949.013618350029,1132.635359287262,1433.7156693935394,-0.6273007341341804,-93417.62532726215
MATD3,E1,32,8760,280320,289079,1171.8288860321045,536.1432962119579,925.7448406890036,1171.828942976892,-0.5938652665084503,-88438.41548843842
MATD3,E1,33,8760,289080,297839,1442.4945921897888,574.6171628236771,1139.5707613229752,1442.494648694992,-0.6217203631282271,-92586.59647705556
MATD3,E1,34,8760,297840,306599,1433.715611934662,949.013618350029,1132.635359287262,1433.7156693935394,-0.6277545907183286,-93485.2136497735
MATD3,E1,35,8760,306600,315359,1171.8288860321045,536.1432962119579,925.7448406890036,1171.828942976892,-0.593056386533042,-88317.95708250062
MATD3,E1,36,8760,315360,324119,1442.4945921897888,574.6171628236771,1139.5707613229752,1442.494648694992,-0.620323505435223,-92378.5764294134
MATD3,E1,37,8760,324120,332879,1433.715611934662,949.013618350029,1132.635359287262,1433.7156693935394,-0.6270121202100872,-93374.6449416862
MATD3,E1,38,8760,332880,341639,1171.8288860321045,536.1432962119579,925.7448406890036,1171.828942976892,-0.5929187672102019,-88297.46281294327
MATD3,E1,39,8760,341640,350399,1442.4945921897888,574.6171628236771,1139.5707613229752,1442.494648694992,-0.6207299658118058,-92439.10650869412
MATD3,E1,40,8760,350400,359159,1433.715611934662,949.013618350029,1132.635359287262,1433.7156693935394,-0.6273482118240455,-93424.69570483686
MATD3,E1,41,8760,359160,367919,1171.8288860321045,536.1432962119579,925.7448406890036,1171.828942976892,-0.5930866282044822,-88322.46067221148
MATD3,E1,42,8760,367920,376679,1442.4945921897888,574.6171628236771,1139.5707613229752,1442.494648694992,-0.6205688221034855,-92415.10898765108
MATD3,E1,43,8760,376680,385439,1433.715611934662,949.013618350029,1132.635359287262,1433.7156693935394,-0.6271540325616335,-93395.77852907848
MATD3,E1,44,8760,385440,394199,1171.8288860321045,536.1432962119579,925.7448406890036,1171.828942976892,-0.5929114224400491,-88296.36902977212
MATD3,E1,45,8760,394200,402959,1442.4945921897888,574.6171628236771,1139.5707613229752,1442.494648694992,-0.6205522129256076,-92412.63554888147
MATD3,E1,46,8760,402960,411719,1433.715611934662,949.013618350029,1132.635359287262,1433.7156693935394,-0.6274638329804146,-93441.91400744337
MATD3,E1,47,8760,411720,420479,1171.8288860321045,536.1432962119579,925.7448406890036,1171.828942976892,-0.5932659126113043,-88349.15970607544
MATD3,E1,48,8760,420480,429239,1442.4945921897888,574.6171628236771,1139.5707613229752,1442.494648694992,-0.6209203261908646,-92467.45497634356
MATD3,E1,49,8760,429240,437999,1433.715611934662,949.013618350029,1132.635359287262,1433.7156693935394,-0.6270644681842904,-93382.44060200451
MATD3,E2,0,8760,0,8759,1470.5430772304535,783.0576688051224,1864.838984489441,1171.828912973404,-0.5379045652431999,-80104.74785601732
MATD3,E2,1,8760,8760,17519,28.11381435394287,14.970467925071716,1056.600426197052,1442.494652748108,-0.546346867690215,-81361.97553642682
MATD3,E2,2,8760,17520,26279,1470.5430772304535,783.0576688051224,1864.838984489441,1171.828912973404,-0.5379045652431999,-80104.74785601732
MATD3,E2,3,8760,26280,35039,28.11381435394287,14.970467925071716,1056.600426197052,1442.494652748108,-0.5463129732708171,-81356.92797949008
MATD3,E2,4,8760,35040,43799,1177.8656477928162,627.2082154750824,930.513882227242,1171.828942976892,-0.5200509799956652,-77445.99194095447
MATD3,E2,5,8752,43800,52551,1448.531277179718,771.3364597558975,1144.339738488197,1442.494648694992,-0.5364557770549047,-79816.03633333693
MATD3,E2,6,8760,52560,61319,1470.5430772304535,783.0576688051224,1864.838984489441,1171.828912973404,-0.5379045652431999,-80104.74785601732
MATD3,E2,7,8758,61320,70077,28.11381435394287,14.970467925071716,1056.600426197052,1442.494652748108,-0.5463226664745562,-81339.79652073077
MATD3,E2,8,8760,70080,78839,1470.5430772304535,783.0576688051224,1864.838984489441,1171.828912973404,-0.5379045652431999,-80104.74785601732
MATD3,E2,9,8758,78840,87597,28.11381435394287,14.970467925071716,1056.600426197052,1442.494652748108,-0.5463226664745562,-81339.79652073077
MATD3,E2,10,8760,87600,96359,1439.7526125907898,766.6618646383286,1137.4046087265017,1433.7156693935394,-0.5437832290180135,-80980.19846536257
MATD3,E2,11,8760,96360,105119,1177.865617275238,627.2082002162933,930.5138593390584,1171.828942976892,-0.5179435756514317,-77132.15728601119
MATD3,E2,12,8760,105120,113879,1448.5313229560852,771.3364826440811,1144.33977663517,1442.494648694992,-0.5355468808063508,-79753.64148968176
MATD3,E2,13,8760,113880,122639,1439.7523436546326,766.6617151498795,1137.4043774604795,1433.7156693935394,-0.5444056873465541,-81072.89495964885
MATD3,E2,14,8760,122640,131399,1177.865617275238,627.2082002162933,930.5138593390584,1171.828942976892,-0.5198361041934004,-77413.9926364812
MATD3,E2,15,8760,131400,140159,1448.5313267707825,771.3364845514297,1144.339779496193,1442.494648694992,-0.5355810446343805,-79758.72916695195
MATD3,E2,16,8760,140160,148919,1439.752351284027,766.6617189645767,1137.4043831825256,1433.7156693935394,-0.5425436641559441,-80795.6024661032
MATD3,E2,17,8760,148920,157679,1177.8656249046326,627.2082040309906,930.5138660147786,1171.828942976892,-0.5195452125324825,-77370.67305033731
MATD3,E2,18,8760,157680,166439,1448.5313992500303,771.3365207910538,1144.339843392372,1442.494648694992,-0.5353446433967475,-79723.52429464363
MATD3,E2,19,8760,166440,175199,1439.7523398399353,766.6617285013199,1137.4043793678284,1433.7156693935394,-0.5412439665334856,-80602.05149616669
MATD3,E2,20,8760,175200,183959,1177.8656096458435,627.2081964015961,930.513858385384,1171.828942976892,-0.5163800478966408,-76899.31673276775
MATD3,E2,21,8760,183960,192719,1448.5313057899475,771.3364740610123,1144.3397670984268,1442.494648694992,-0.5324095383276435,-79286.42844775267
MATD3,E2,22,8760,192720,201479,1439.752351284027,766.6617342233658,1137.4043889045715,1433.7156693935394,-0.539854063028672,-80395.06706622984
MATD3,E2,23,8760,201480,210239,1177.8656232357023,627.2082039117813,930.5138683989644,1171.828942976892,-0.5162682233948295,-76882.66382795801
MATD3,E2,24,8760,210240,218999,1448.531328678131,771.3364864587784,1144.3397852182388,1442.494648694992,-0.5338357535318733,-79498.82041596658
MATD3,E2,25,8760,219000,227759,1439.7523531913755,766.6617351770401,1137.4043898582458,1433.7156693935394,-0.5423865388068095,-80772.20335911008
MATD3,E2,26,8760,227760,236519,1177.8656232357023,627.2082039117813,930.5138683989644,1171.828942976892,-0.5187932362978955,-77258.6887494826
MATD3,E2,27,8760,236520,245279,1448.531328678131,771.3364864587784,1144.3397852182388,1442.494648694992,-0.5354799564595091,-79743.6751159501
MATD3,E2,28,8760,245280,254039,1439.7523531913755,766.6617351770401,1137.4043898582458,1433.7156693935394,-0.5443911206276645,-81070.7256838718
MATD3,E2,29,8760,254040,262799,1177.8656232357023,627.2082039117813,930.5138683989644,1171.828942976892,-0.5209639882541299,-77581.95713080502
MATD3,E2,30,8760,262800,271559,1448.531328678131,771.3364864587784,1144.3397852182388,1442.494648694992,-0.5374121495436477,-80031.41731004001
MATD3,E2,31,8760,271560,280319,1439.7523531913755,766.6617351770401,1137.4043898582458,1433.7156693935394,-0.5447622909459948,-81126.00036767755
MATD3,E2,32,8760,280320,289079,1177.8656232357023,627.2082039117813,930.5138683989644,1171.828942976892,-0.5210693798623016,-77597.65204909396
MATD3,E2,33,8760,289080,297839,1448.531328678131,771.3364864587784,1144.3397852182388,1442.494648694992,-0.5370481840301343,-79977.2155657676
MATD3,E2,34,8760,297840,306599,1439.7523951530457,766.6617561578751,1137.4044241905212,1433.7156693935394,-0.5440354758624605,-81017.76306543761
MATD3,E2,35,8760,306600,315359,1177.8656690120697,627.2082267999649,930.5139065459372,1171.828942976892,-0.5196509887585685,-77386.42524592603
MATD3,E2,36,8760,315360,324119,1448.5313744544983,771.336509346962,1144.3398233652115,1442.494648694992,-0.5357672874406514,-79786.46444566181
MATD3,E2,37,8760,324120,332879,1439.7523913383484,766.6617542505264,1137.404420375824,1433.7156693935394,-0.5426995523740894,-80818.81733954938
MATD3,E2,38,8760,332880,341639,1177.8656651973724,627.208223938942,930.513903684914,1171.828942976892,-0.5191190755272117,-77307.21272751236
MATD3,E2,39,8760,341640,350399,1448.531370639801,771.3365074396133,1144.3398195505142,1442.494648694992,-0.5343928392074653,-79581.78161477573
MATD3,E2,40,8760,350400,359159,1433.7156863212583,763.447234749794,1132.6354250907898,1433.7156693935394,-0.5410807127807018,-80577.73974730211
MATD3,E2,41,8760,359160,367919,1171.829082250595,623.9937807321548,925.7449980452656,1171.828942976892,-0.5172306432109047,-77025.98738696793
MATD3,E2,42,8760,367920,376679,1442.494635105133,768.1219745874405,1139.570793747902,1442.494648694992,-0.5332846171364575,-79416.74518396125
MATD3,E2,43,8760,376680,385439,1433.7156558036804,763.4472042322159,1132.6353945732117,1433.7156693935394,-0.5401663542078549,-80441.57346863375
MATD3,E2,44,8760,385440,394199,1171.8289296627045,623.9936891794205,925.7448759749532,1171.828942976892,-0.5170151327521121,-76993.89356944454
MATD3,E2,45,8760,394200,402959,1442.494635105133,768.1219745874405,1139.570793747902,1442.494648694992,-0.5333774205833492,-79430.56547327238
MATD3,E2,46,8760,402960,411719,1433.7156558036804,763.4472042322159,1132.6353945732117,1433.7156693935394,-0.5409636860546514,-80560.31212725869
MATD3,E2,47,8760,411720,420479,1171.8289296627045,623.9936891794205,925.7448759749532,1171.828942976892,-0.5180577945888039,-77149.16677016467
MATD3,E2,48,8760,420480,429239,1442.494635105133,768.1219745874405,1139.570793747902,1442.494648694992,-0.5341633753189277,-79547.6098524947
MATD3,E2,49,8760,429240,437999,1433.7156558036804,763.4472042322159,1132.6353945732117,1433.7156693935394,-0.5400036063529057,-80417.3370580747
MATD3,E3,0,8760,0,8759,1470.5430772304535,807.375660687685,1864.838984489441,1171.828912973404,-0.5684158445302419,-84648.48756744362
MATD3,E3,1,8760,8760,17519,28.11381435394287,13.438952386379242,1056.600426197052,1442.494652748108,-0.57691164288679,-85913.68185870076
MATD3,E3,2,8760,17520,26279,1470.5430772304535,807.375660687685,1864.838984489441,1171.828912973404,-0.5684158445302419,-84648.48756744362
MATD3,E3,3,8760,26280,35039,28.11381435394287,13.438952386379242,1056.600426197052,1442.494652748108,-0.5768798621596843,-85908.94907282019
MATD3,E3,4,8760,35040,43799,1171.8289122581482,643.3719624429941,925.7448621466756,1171.828942976892,-0.5296572948608507,-78876.56435067789
MATD3,E3,5,8752,43800,52551,1442.4946160316467,689.5406163930893,1139.5707794427872,1442.494648694992,-0.5462371260239371,-81271.34455834546
MATD3,E3,6,8760,52560,61319,1470.5430772304535,807.375660687685,1864.838984489441,1171.828912973404,-0.5684158445302419,-84648.48756744362
MATD3,E3,7,8758,61320,70077,28.11381435394287,13.438952386379242,1056.600426197052,1442.494652748108,-0.5768946132006594,-85891.53138099337
MATD3,E3,8,8760,70080,78839,1470.5430772304535,807.375660687685,1864.838984489441,1171.828912973404,-0.5684158445302419,-84648.48756744362
MATD3,E3,9,8758,78840,87597,28.11381435394287,13.438952386379242,1056.600426197052,1442.494652748108,-0.5768946132006594,-85891.53138099337
MATD3,E3,10,8760,87600,96359,1433.715903759003,1138.8165365457537,1132.6356115341189,1433.7156693935394,-0.5560367784337301,-82804.99704435108
MATD3,E3,11,8760,96360,105119,1171.8289122581482,643.3719624429941,925.7448621466756,1171.828942976892,-0.5290481534341094,-78785.85100940758
MATD3,E3,12,8760,105120,113879,1442.4946160316467,689.5406163930893,1139.5707794427872,1442.494648694992,-0.5465653053425683,-81394.50527161527
MATD3,E3,13,8760,113880,122639,1433.715636730194,1138.81633579731,1132.6353821754456,1433.7156693935394,-0.5570915828035414,-82962.07851110339
MATD3,E3,14,8760,122640,131399,1171.828929424286,643.3719700723886,925.744881220162,1171.828942976892,-0.5294059028282437,-78839.12704918206
MATD3,E3,15,8760,131400,140159,1442.494656085968,689.5406364202499,1139.5708194971085,1442.494648694992,-0.5461359378768078,-81330.56386861422
MATD3,E3,16,8760,140160,148919,1433.715611934662,1138.8163262605667,1132.6353669166565,1433.7156693935394,-0.5573036510462676,-82993.65971381016
MATD3,E3,17,8760,148920,157679,1177.8679423332214,646.6875828653574,930.5156999304892,1171.828942976892,-0.5306691975196048,-79027.25689461955
MATD3,E3,18,8760,157680,166439,1448.5312542915344,692.4262470006943,1144.3397270441055,1442.494648694992,-0.5478043395531885,-81579.02224626085
MATD3,E3,19,8760,166440,175199,1439.752278804779,1143.611318707466,1137.4043316841123,1433.7156693935394,-0.5573450207988863,-82999.82049737014
MATD3,E3,20,8760,175200,183959,1177.865550518036,646.686270609498,930.513809747994,1171.828942976892,-0.5314246043958997,-79139.75208663738
MATD3,E3,21,8760,183960,192719,1448.5313000679016,692.4262698888779,1144.3397651910782,1442.494648694992,-0.5477750204600342,-81574.6560469083
MATD3,E3,22,8760,192720,201479,1439.752320766449,1143.6113492250445,1137.404366016388,1433.7156693935394,-0.5571922573500272,-82977.07096456605
MATD3,E3,23,8760,201480,210239,1177.865596294403,646.6862973123789,930.5138478949666,1171.828942976892,-0.5310539928085858,-79084.56060905459
MATD3,E3,24,8760,210240,218999,1448.5313000679016,692.4262698888779,1144.3397651910782,1442.494648694992,-0.5488046468150503,-81727.98800369729
MATD3,E3,25,8760,219000,227759,1439.752320766449,1143.6113492250445,1137.404366016388,1433.7156693935394,-0.5592074796612345,-83277.17787115104
MATD3,E3,26,8760,227760,236519,1177.865596294403,646.6862973123789,930.5138478949666,1171.828942976892,-0.532613615070585,-79316.81955631153
MATD3,E3,27,8760,236520,245279,1448.5313000679016,692.4262698888779,1144.3397651910782,1442.494648694992,-0.5496729222899496,-81857.2915874193
MATD3,E3,28,8760,245280,254039,1439.752320766449,1143.6113492250445,1137.404366016388,1433.7156693935394,-0.5590967239198357,-83260.68412614193
MATD3,E3,29,8760,254040,262799,1177.865596294403,646.6862973123789,930.5138478949666,1171.828942976892,-0.5322197004957441,-79258.1577978262
MATD3,E3,30,8760,262800,271559,1448.5313000679016,692.4262698888779,1144.3397651910782,1442.494648694992,-0.5490741829018809,-81768.1273177481
MATD3,E3,31,8760,271560,280319,1439.752320766449,1143.6113492250445,1137.404366016388,1433.7156693935394,-0.5585123883529018,-83173.66487351415
MATD3,E3,32,8760,280320,289079,1177.865596294403,646.6862973123789,930.5138478949666,1171.828942976892,-0.531245422769196,-79113.06835878866
MATD3,E3,33,8760,289080,297839,1448.5313000679016,692.4262698888779,1144.3397651910782,1442.494648694992,-0.5490237537694356,-81760.61741134436
MATD3,E3,34,8760,297840,306599,1439.752320766449,1143.6113492250445,1137.404366016388,1433.7156693935394,-0.5590613648918028,-83255.41845968728
MATD3,E3,35,8760,306600,315359,1177.865596294403,646.6862973123789,930.5138478949666,1171.828942976892,-0.5322138703365309,-79257.2895705162
MATD3,E3,36,8760,315360,324119,1448.5313000679016,692.4262698888779,1144.3397651910782,1442.494648694992,-0.5493746202055392,-81812.8684410089
MATD3,E3,37,8760,324120,332879,1439.752320766449,1143.6113492250445,1137.404366016388,1433.7156693935394,-0.5589779915173627,-83243.00249676566
MATD3,E3,38,8760,332880,341639,1171.8288912773132,643.3719490915537,925.7448507025838,1171.828942976892,-0.5317935634108971,-79194.69746315079
MATD3,E3,39,8760,341640,350399,1442.4945950508118,689.5406059026718,1139.570769906044,1442.494648694992,-0.5490083374794791,-81758.32161744402
MATD3,E3,40,8760,350400,359159,1433.7156157493591,1138.8163262605667,1132.6353707313538,1433.7156693935394,-0.5589212199068986,-83234.54806853534
MATD3,E3,41,8760,359160,367919,1171.8288912773132,643.3719490915537,925.7448507025838,1171.828942976892,-0.5318280955072872,-79199.8399829452
MATD3,E3,42,8760,367920,376679,1442.4945950508118,689.5406059026718,1139.570769906044,1442.494648694992,-0.549230301955724,-81791.3765672464
MATD3,E3,43,8760,376680,385439,1433.7156157493591,1138.8163262605667,1132.6353707313538,1433.7156693935394,-0.5593175702688571,-83293.5725644382
MATD3,E3,44,8760,385440,394199,1171.8288912773132,643.3719490915537,925.7448507025838,1171.828942976892,-0.5331477726212497,-79396.3662987565
MATD3,E3,45,8760,394200,402959,1442.4945950508118,689.5406059026718,1139.570769906044,1442.494648694992,-0.5503917691234074,-81964.34225785782
MATD3,E3,46,8760,402960,411719,1433.7156157493591,1138.8163262605667,1132.6353707313538,1433.7156693935394,-0.5601154123894135,-83412.38721303147
MATD3,E3,47,8760,411720,420479,1171.8288912773132,643.3719490915537,925.7448507025838,1171.828942976892,-0.5331268724667073,-79393.25384774205
MATD3,E3,48,8760,420480,429239,1442.4945950508118,689.5406059026718,1139.570769906044,1442.494648694992,-0.550808564915432,-82026.41148720612
MATD3,E3,49,8760,429240,437999,1433.7156157493591,1138.8163262605667,1132.6353707313538,1433.7156693935394,-0.5606717322690228,-83495.23436950287
