bytes,path,relative_path
702939,outputs\citylearn_v3_madrl_full_20260615_074011_v4\happo\E3_seed_0\checkpoints\gym\citylearn_v3_E3\happo\citylearn_v3_happo\seed-00000-2026-06-15-08-46-26\models\actor_agent0.pt,checkpoints\gym\citylearn_v3_E3\happo\citylearn_v3_happo\seed-00000-2026-06-15-08-46-26\models\actor_agent0.pt
702939,outputs\citylearn_v3_madrl_full_20260615_074011_v4\happo\E3_seed_0\checkpoints\gym\citylearn_v3_E3\happo\citylearn_v3_happo\seed-00000-2026-06-15-08-46-26\models\actor_agent1.pt,checkpoints\gym\citylearn_v3_E3\happo\citylearn_v3_happo\seed-00000-2026-06-15-08-46-26\models\actor_agent1.pt
702958,outputs\citylearn_v3_madrl_full_20260615_074011_v4\happo\E3_seed_0\checkpoints\gym\citylearn_v3_E3\happo\citylearn_v3_happo\seed-00000-2026-06-15-08-46-26\models\actor_agent10.pt,checkpoints\gym\citylearn_v3_E3\happo\citylearn_v3_happo\seed-00000-2026-06-15-08-46-26\models\actor_agent10.pt
702958,outputs\citylearn_v3_madrl_full_20260615_074011_v4\happo\E3_seed_0\checkpoints\gym\citylearn_v3_E3\happo\citylearn_v3_happo\seed-00000-2026-06-15-08-46-26\models\actor_agent11.pt,checkpoints\gym\citylearn_v3_E3\happo\citylearn_v3_happo\seed-00000-2026-06-15-08-46-26\models\actor_agent11.pt
702958,outputs\citylearn_v3_madrl_full_20260615_074011_v4\happo\E3_seed_0\checkpoints\gym\citylearn_v3_E3\happo\citylearn_v3_happo\seed-00000-2026-06-15-08-46-26\models\actor_agent12.pt,checkpoints\gym\citylearn_v3_E3\happo\citylearn_v3_happo\seed-00000-2026-06-15-08-46-26\models\actor_agent12.pt
702958,outputs\citylearn_v3_madrl_full_20260615_074011_v4\happo\E3_seed_0\checkpoints\gym\citylearn_v3_E3\happo\citylearn_v3_happo\seed-00000-2026-06-15-08-46-26\models\actor_agent13.pt,checkpoints\gym\citylearn_v3_E3\happo\citylearn_v3_happo\seed-00000-2026-06-15-08-46-26\models\actor_agent13.pt
702958,outputs\citylearn_v3_madrl_full_20260615_074011_v4\happo\E3_seed_0\checkpoints\gym\citylearn_v3_E3\happo\citylearn_v3_happo\seed-00000-2026-06-15-08-46-26\models\actor_agent14.pt,checkpoints\gym\citylearn_v3_E3\happo\citylearn_v3_happo\seed-00000-2026-06-15-08-46-26\models\actor_agent14.pt
702958,outputs\citylearn_v3_madrl_full_20260615_074011_v4\happo\E3_seed_0\checkpoints\gym\citylearn_v3_E3\happo\citylearn_v3_happo\seed-00000-2026-06-15-08-46-26\models\actor_agent15.pt,checkpoints\gym\citylearn_v3_E3\happo\citylearn_v3_happo\seed-00000-2026-06-15-08-46-26\models\actor_agent15.pt
702958,outputs\citylearn_v3_madrl_full_20260615_074011_v4\happo\E3_seed_0\checkpoints\gym\citylearn_v3_E3\happo\citylearn_v3_happo\seed-00000-2026-06-15-08-46-26\models\actor_agent16.pt,checkpoints\gym\citylearn_v3_E3\happo\citylearn_v3_happo\seed-00000-2026-06-15-08-46-26\models\actor_agent16.pt
702939,outputs\citylearn_v3_madrl_full_20260615_074011_v4\happo\E3_seed_0\checkpoints\gym\citylearn_v3_E3\happo\citylearn_v3_happo\seed-00000-2026-06-15-08-46-26\models\actor_agent2.pt,checkpoints\gym\citylearn_v3_E3\happo\citylearn_v3_happo\seed-00000-2026-06-15-08-46-26\models\actor_agent2.pt
702939,outputs\citylearn_v3_madrl_full_20260615_074011_v4\happo\E3_seed_0\checkpoints\gym\citylearn_v3_E3\happo\citylearn_v3_happo\seed-00000-2026-06-15-08-46-26\models\actor_agent3.pt,checkpoints\gym\citylearn_v3_E3\happo\citylearn_v3_happo\seed-00000-2026-06-15-08-46-26\models\actor_agent3.pt
702939,outputs\citylearn_v3_madrl_full_20260615_074011_v4\happo\E3_seed_0\checkpoints\gym\citylearn_v3_E3\happo\citylearn_v3_happo\seed-00000-2026-06-15-08-46-26\models\actor_agent4.pt,checkpoints\gym\citylearn_v3_E3\happo\citylearn_v3_happo\seed-00000-2026-06-15-08-46-26\models\actor_agent4.pt
702939,outputs\citylearn_v3_madrl_full_20260615_074011_v4\happo\E3_seed_0\checkpoints\gym\citylearn_v3_E3\happo\citylearn_v3_happo\seed-00000-2026-06-15-08-46-26\models\actor_agent5.pt,checkpoints\gym\citylearn_v3_E3\happo\citylearn_v3_happo\seed-00000-2026-06-15-08-46-26\models\actor_agent5.pt
702939,outputs\citylearn_v3_madrl_full_20260615_074011_v4\happo\E3_seed_0\checkpoints\gym\citylearn_v3_E3\happo\citylearn_v3_happo\seed-00000-2026-06-15-08-46-26\models\actor_agent6.pt,checkpoints\gym\citylearn_v3_E3\happo\citylearn_v3_happo\seed-00000-2026-06-15-08-46-26\models\actor_agent6.pt
702939,outputs\citylearn_v3_madrl_full_20260615_074011_v4\happo\E3_seed_0\checkpoints\gym\citylearn_v3_E3\happo\citylearn_v3_happo\seed-00000-2026-06-15-08-46-26\models\actor_agent7.pt,checkpoints\gym\citylearn_v3_E3\happo\citylearn_v3_happo\seed-00000-2026-06-15-08-46-26\models\actor_agent7.pt
702939,outputs\citylearn_v3_madrl_full_20260615_074011_v4\happo\E3_seed_0\checkpoints\gym\citylearn_v3_E3\happo\citylearn_v3_happo\seed-00000-2026-06-15-08-46-26\models\actor_agent8.pt,checkpoints\gym\citylearn_v3_E3\happo\citylearn_v3_happo\seed-00000-2026-06-15-08-46-26\models\actor_agent8.pt
702939,outputs\citylearn_v3_madrl_full_20260615_074011_v4\happo\E3_seed_0\checkpoints\gym\citylearn_v3_E3\happo\citylearn_v3_happo\seed-00000-2026-06-15-08-46-26\models\actor_agent9.pt,checkpoints\gym\citylearn_v3_E3\happo\citylearn_v3_happo\seed-00000-2026-06-15-08-46-26\models\actor_agent9.pt
2242393,outputs\citylearn_v3_madrl_full_20260615_074011_v4\happo\E3_seed_0\checkpoints\gym\citylearn_v3_E3\happo\citylearn_v3_happo\seed-00000-2026-06-15-08-46-26\models\critic_agent.pt,checkpoints\gym\citylearn_v3_E3\happo\citylearn_v3_happo\seed-00000-2026-06-15-08-46-26\models\critic_agent.pt
1379,outputs\citylearn_v3_madrl_full_20260615_074011_v4\happo\E3_seed_0\checkpoints\gym\citylearn_v3_E3\happo\citylearn_v3_happo\seed-00000-2026-06-15-08-46-26\models\value_normalizer.pt,checkpoints\gym\citylearn_v3_E3\happo\citylearn_v3_happo\seed-00000-2026-06-15-08-46-26\models\value_normalizer.pt
