run_id,algorithm,scenario,kpi,value
madrl_v3_20260627_164047,HAPPO,E1,battery_capacity_fade_ratio,0.0006346628308444818
madrl_v3_20260627_164047,HAPPO,E1,battery_charge_total,4734437.615973943
madrl_v3_20260627_164047,HAPPO,E1,battery_discharge_total,4120392.956880074
madrl_v3_20260627_164047,HAPPO,E1,battery_equivalent_full_cycles,168.56069772432073
madrl_v3_20260627_164047,HAPPO,E1,battery_throughput_total,8854830.572854016
madrl_v3_20260627_164047,HAPPO,E1,carbon_emissions,1.5237308415454343
madrl_v3_20260627_164047,HAPPO,E1,carbon_emissions_baseline,9143444.740325121
madrl_v3_20260627_164047,HAPPO,E1,carbon_emissions_control,10694870.985850561
madrl_v3_20260627_164047,HAPPO,E1,carbon_emissions_daily_average_baseline,25053.39351156558
madrl_v3_20260627_164047,HAPPO,E1,carbon_emissions_daily_average_control,29304.361646353864
madrl_v3_20260627_164047,HAPPO,E1,carbon_emissions_daily_average_delta,4250.968134788282
madrl_v3_20260627_164047,HAPPO,E1,carbon_emissions_delta,777838.6068301143
madrl_v3_20260627_164047,HAPPO,E1,community_import_share,0.22640218986312102
madrl_v3_20260627_164047,HAPPO,E1,community_local_traded_daily_average,7099.740414131304
madrl_v3_20260627_164047,HAPPO,E1,community_local_traded_total,2591109.42864067
madrl_v3_20260627_164047,HAPPO,E1,cost_one_minus_load_factor_average,0.8573905340133239
madrl_v3_20260627_164047,HAPPO,E1,cost_peak_average,1.3903228238073362
madrl_v3_20260627_164047,HAPPO,E1,cost_ramping_average,1.0839090593092051
madrl_v3_20260627_164047,HAPPO,E1,electricity_cost,1.0623729494773748
madrl_v3_20260627_164047,HAPPO,E1,electricity_cost_baseline,5960892.891691909
madrl_v3_20260627_164047,HAPPO,E1,electricity_cost_control,6332691.362865451
madrl_v3_20260627_164047,HAPPO,E1,electricity_cost_daily_average_baseline,16333.077908506202
madrl_v3_20260627_164047,HAPPO,E1,electricity_cost_daily_average_control,17351.820151703487
madrl_v3_20260627_164047,HAPPO,E1,electricity_cost_daily_average_delta,1018.7422431972827
madrl_v3_20260627_164047,HAPPO,E1,electricity_cost_delta,186408.60670836945
madrl_v3_20260627_164047,HAPPO,E1,ev_charge_total,213331.46793942899
madrl_v3_20260627_164047,HAPPO,E1,ev_departure_count,39682.0
madrl_v3_20260627_164047,HAPPO,E1,ev_departure_met_count,20895.0
madrl_v3_20260627_164047,HAPPO,E1,ev_departure_soc_deficit_mean,0.2284021987335719
madrl_v3_20260627_164047,HAPPO,E1,ev_departure_success_rate,0.5265611612317928
madrl_v3_20260627_164047,HAPPO,E1,ev_departure_within_tolerance_count,2175.0
madrl_v3_20260627_164047,HAPPO,E1,ev_departure_within_tolerance_rate,0.05481074542613779
madrl_v3_20260627_164047,HAPPO,E1,ev_v2g_export_total,52779.5125936268
madrl_v3_20260627_164047,HAPPO,E1,grid_export_baseline,40645680.1407814
madrl_v3_20260627_164047,HAPPO,E1,grid_export_control,40137726.308168374
madrl_v3_20260627_164047,HAPPO,E1,grid_export_delta,-254672.8229158711
madrl_v3_20260627_164047,HAPPO,E1,grid_export_ratio,0.9875028826961767
madrl_v3_20260627_164047,HAPPO,E1,grid_import,1.5195933982824632
madrl_v3_20260627_164047,HAPPO,E1,grid_import_baseline,11178076.084388733
madrl_v3_20260627_164047,HAPPO,E1,grid_import_control,11444718.932300132
madrl_v3_20260627_164047,HAPPO,E1,grid_import_delta,133686.72983250464
madrl_v3_20260627_164047,HAPPO,E1,net_exchange_baseline,-29467604.05639267
madrl_v3_20260627_164047,HAPPO,E1,net_exchange_control,-28693007.375868242
madrl_v3_20260627_164047,HAPPO,E1,net_exchange_delta,388359.55274837575
madrl_v3_20260627_164047,HAPPO,E1,one_minus_load_factor_average,0.8573905340133239
madrl_v3_20260627_164047,HAPPO,E1,peak_average,1.3903228238073362
madrl_v3_20260627_164047,HAPPO,E1,price_signal_deviation,0.44047288229275566
madrl_v3_20260627_164047,HAPPO,E1,price_signal_deviation_baseline,0.38518172998525724
madrl_v3_20260627_164047,HAPPO,E1,price_signal_deviation_delta,0.055291152307498426
madrl_v3_20260627_164047,HAPPO,E1,price_signal_deviation_ratio,1.1435456253587486
madrl_v3_20260627_164047,HAPPO,E1,pv_export_daily_average,111348.2513066118
madrl_v3_20260627_164047,HAPPO,E1,pv_export_total,40637472.2164422
madrl_v3_20260627_164047,HAPPO,E1,pv_generation_daily_average,135736.12476592427
madrl_v3_20260627_164047,HAPPO,E1,pv_generation_total,49538029.867697105
madrl_v3_20260627_164047,HAPPO,E1,pv_self_consumption_ratio,0.1796712076565404
madrl_v3_20260627_164047,HAPPO,E1,ramping_average,1.0839090593092051
madrl_v3_20260627_164047,HAPPO,E1,zero_net_energy,0.9813052920266815
madrl_v3_20260627_164047,HAPPO,E2,battery_capacity_fade_ratio,0.0012226044086052817
madrl_v3_20260627_164047,HAPPO,E2,battery_charge_total,8933966.971728895
madrl_v3_20260627_164047,HAPPO,E2,battery_discharge_total,7794233.187752266
madrl_v3_20260627_164047,HAPPO,E2,battery_equivalent_full_cycles,318.4382882715518
madrl_v3_20260627_164047,HAPPO,E2,battery_throughput_total,16728200.15948116
madrl_v3_20260627_164047,HAPPO,E2,carbon_emissions,1.5592353506845364
madrl_v3_20260627_164047,HAPPO,E2,carbon_emissions_baseline,9144881.242106719
madrl_v3_20260627_164047,HAPPO,E2,carbon_emissions_control,11999741.10905805
madrl_v3_20260627_164047,HAPPO,E2,carbon_emissions_daily_average_baseline,25057.32958220816
madrl_v3_20260627_164047,HAPPO,E2,carbon_emissions_daily_average_control,32879.75643536856
madrl_v3_20260627_164047,HAPPO,E2,carbon_emissions_daily_average_delta,7822.426853160402
madrl_v3_20260627_164047,HAPPO,E2,carbon_emissions_delta,1431341.146902246
madrl_v3_20260627_164047,HAPPO,E2,community_import_share,0.45111270869859826
madrl_v3_20260627_164047,HAPPO,E2,community_local_traded_daily_average,13370.341036166545
madrl_v3_20260627_164047,HAPPO,E2,community_local_traded_total,4879617.380657615
madrl_v3_20260627_164047,HAPPO,E2,cost_one_minus_load_factor_average,0.8469709098763134
madrl_v3_20260627_164047,HAPPO,E2,cost_peak_average,1.4000273280828726
madrl_v3_20260627_164047,HAPPO,E2,cost_ramping_average,1.1827900919539245
madrl_v3_20260627_164047,HAPPO,E2,electricity_cost,0.9674280513644307
madrl_v3_20260627_164047,HAPPO,E2,electricity_cost_baseline,5953851.809797184
madrl_v3_20260627_164047,HAPPO,E2,electricity_cost_control,5759923.2544646785
madrl_v3_20260627_164047,HAPPO,E2,electricity_cost_daily_average_baseline,16313.785070799453
madrl_v3_20260627_164047,HAPPO,E2,electricity_cost_daily_average_control,15782.413301421657
madrl_v3_20260627_164047,HAPPO,E2,electricity_cost_daily_average_delta,-531.371769377797
madrl_v3_20260627_164047,HAPPO,E2,electricity_cost_delta,-97229.96355094147
madrl_v3_20260627_164047,HAPPO,E2,ev_charge_total,190965.20083450526
madrl_v3_20260627_164047,HAPPO,E2,ev_departure_count,39682.0
madrl_v3_20260627_164047,HAPPO,E2,ev_departure_met_count,19523.0
madrl_v3_20260627_164047,HAPPO,E2,ev_departure_soc_deficit_mean,0.25038741656563984
madrl_v3_20260627_164047,HAPPO,E2,ev_departure_success_rate,0.4919862910135578
madrl_v3_20260627_164047,HAPPO,E2,ev_departure_within_tolerance_count,2069.0
madrl_v3_20260627_164047,HAPPO,E2,ev_departure_within_tolerance_rate,0.052139509097323726
madrl_v3_20260627_164047,HAPPO,E2,ev_v2g_export_total,51626.38560903435
madrl_v3_20260627_164047,HAPPO,E2,grid_export_baseline,40650861.100133896
madrl_v3_20260627_164047,HAPPO,E2,grid_export_control,39007600.305511184
madrl_v3_20260627_164047,HAPPO,E2,grid_export_delta,-823881.6964933941
madrl_v3_20260627_164047,HAPPO,E2,grid_export_ratio,0.959576236513787
madrl_v3_20260627_164047,HAPPO,E2,grid_import,1.556078296510025
madrl_v3_20260627_164047,HAPPO,E2,grid_import_baseline,11181035.626140594
madrl_v3_20260627_164047,HAPPO,E2,grid_import_control,10816847.511866113
madrl_v3_20260627_164047,HAPPO,E2,grid_import_delta,-182593.00192218114
madrl_v3_20260627_164047,HAPPO,E2,net_exchange_baseline,-29469825.4739933
madrl_v3_20260627_164047,HAPPO,E2,net_exchange_control,-28190752.793645073
madrl_v3_20260627_164047,HAPPO,E2,net_exchange_delta,641288.694571212
madrl_v3_20260627_164047,HAPPO,E2,one_minus_load_factor_average,0.8469709098763134
madrl_v3_20260627_164047,HAPPO,E2,peak_average,1.4000273280828726
madrl_v3_20260627_164047,HAPPO,E2,pv_export_daily_average,107153.05721947478
madrl_v3_20260627_164047,HAPPO,E2,pv_export_total,39106401.174390815
madrl_v3_20260627_164047,HAPPO,E2,pv_generation_daily_average,135736.12476592427
madrl_v3_20260627_164047,HAPPO,E2,pv_generation_total,49538029.867697105
madrl_v3_20260627_164047,HAPPO,E2,pv_self_consumption_ratio,0.2105781905571617
madrl_v3_20260627_164047,HAPPO,E2,ramping_average,1.1827900919539245
madrl_v3_20260627_164047,HAPPO,E2,zero_net_energy,0.9783597732274801
madrl_v3_20260627_164047,HAPPO,E3,battery_capacity_fade_ratio,0.0010271267729816233
madrl_v3_20260627_164047,HAPPO,E3,battery_charge_total,7582573.977868812
madrl_v3_20260627_164047,HAPPO,E3,battery_discharge_total,6610485.955757943
madrl_v3_20260627_164047,HAPPO,E3,battery_equivalent_full_cycles,270.17931800858054
madrl_v3_20260627_164047,HAPPO,E3,battery_throughput_total,14193059.933626752
madrl_v3_20260627_164047,HAPPO,E3,carbon_emissions,1.5929649660423615
madrl_v3_20260627_164047,HAPPO,E3,carbon_emissions_baseline,9145136.299396222
madrl_v3_20260627_164047,HAPPO,E3,carbon_emissions_control,11352967.210959308
madrl_v3_20260627_164047,HAPPO,E3,carbon_emissions_daily_average_baseline,25058.028449082012
madrl_v3_20260627_164047,HAPPO,E3,carbon_emissions_daily_average_control,31107.570848615527
madrl_v3_20260627_164047,HAPPO,E3,carbon_emissions_daily_average_delta,6049.542399533514
madrl_v3_20260627_164047,HAPPO,E3,carbon_emissions_delta,1106940.2269813095
madrl_v3_20260627_164047,HAPPO,E3,community_import_share,0.36970564723931837
madrl_v3_20260627_164047,HAPPO,E3,community_local_traded_daily_average,11009.847685926497
madrl_v3_20260627_164047,HAPPO,E3,community_local_traded_total,4018135.661709591
madrl_v3_20260627_164047,HAPPO,E3,cost_one_minus_load_factor_average,0.8462769592660307
madrl_v3_20260627_164047,HAPPO,E3,cost_peak_average,1.421289039691373
madrl_v3_20260627_164047,HAPPO,E3,cost_ramping_average,1.1531549642453112
madrl_v3_20260627_164047,HAPPO,E3,electricity_cost,1.0297782949986545
madrl_v3_20260627_164047,HAPPO,E3,electricity_cost_baseline,7155283.926301469
madrl_v3_20260627_164047,HAPPO,E3,electricity_cost_control,7368356.081858005
madrl_v3_20260627_164047,HAPPO,E3,electricity_cost_daily_average_baseline,19605.755706271866
madrl_v3_20260627_164047,HAPPO,E3,electricity_cost_daily_average_control,20189.581683364784
madrl_v3_20260627_164047,HAPPO,E3,electricity_cost_daily_average_delta,583.8259770929183
madrl_v3_20260627_164047,HAPPO,E3,electricity_cost_delta,106827.9907668146
madrl_v3_20260627_164047,HAPPO,E3,ev_charge_total,194863.48174975626
madrl_v3_20260627_164047,HAPPO,E3,ev_departure_count,39682.0
madrl_v3_20260627_164047,HAPPO,E3,ev_departure_met_count,19974.0
madrl_v3_20260627_164047,HAPPO,E3,ev_departure_soc_deficit_mean,0.2435035878785236
madrl_v3_20260627_164047,HAPPO,E3,ev_departure_success_rate,0.5033516455823799
madrl_v3_20260627_164047,HAPPO,E3,ev_departure_within_tolerance_count,2145.0
madrl_v3_20260627_164047,HAPPO,E3,ev_departure_within_tolerance_rate,0.054054735144397965
madrl_v3_20260627_164047,HAPPO,E3,ev_v2g_export_total,50550.84319304442
madrl_v3_20260627_164047,HAPPO,E3,grid_export_baseline,40650885.513671875
madrl_v3_20260627_164047,HAPPO,E3,grid_export_control,39221664.02686748
madrl_v3_20260627_164047,HAPPO,E3,grid_export_delta,-716568.80457832
madrl_v3_20260627_164047,HAPPO,E3,grid_export_ratio,0.9648415657188153
madrl_v3_20260627_164047,HAPPO,E3,grid_import,1.5908897406087221
madrl_v3_20260627_164047,HAPPO,E3,grid_import_baseline,11181293.325374603
madrl_v3_20260627_164047,HAPPO,E3,grid_import_control,10868472.504312508
madrl_v3_20260627_164047,HAPPO,E3,grid_import_delta,-156838.9811273196
madrl_v3_20260627_164047,HAPPO,E3,net_exchange_baseline,-29469592.18829727
madrl_v3_20260627_164047,HAPPO,E3,net_exchange_control,-28353191.522554968
madrl_v3_20260627_164047,HAPPO,E3,net_exchange_delta,559729.8234510022
madrl_v3_20260627_164047,HAPPO,E3,one_minus_load_factor_average,0.8462769592660307
madrl_v3_20260627_164047,HAPPO,E3,peak_average,1.421289039691373
madrl_v3_20260627_164047,HAPPO,E3,price_signal_deviation,0.45301425000360335
madrl_v3_20260627_164047,HAPPO,E3,price_signal_deviation_baseline,0.38521250496020565
madrl_v3_20260627_164047,HAPPO,E3,price_signal_deviation_delta,0.0678017450433977
madrl_v3_20260627_164047,HAPPO,E3,price_signal_deviation_ratio,1.1760112773348361
madrl_v3_20260627_164047,HAPPO,E3,pv_export_daily_average,108268.91408128581
madrl_v3_20260627_164047,HAPPO,E3,pv_export_total,39513642.43491593
madrl_v3_20260627_164047,HAPPO,E3,pv_generation_daily_average,135736.12476592427
madrl_v3_20260627_164047,HAPPO,E3,pv_generation_total,49538029.867697105
madrl_v3_20260627_164047,HAPPO,E3,pv_self_consumption_ratio,0.20235741024731194
madrl_v3_20260627_164047,HAPPO,E3,ramping_average,1.1531549642453112
madrl_v3_20260627_164047,HAPPO,E3,zero_net_energy,0.9785745869807972
madrl_v3_20260627_164047,MAAC,E1,battery_capacity_fade_ratio,2.69326532687986e-05
madrl_v3_20260627_164047,MAAC,E1,battery_charge_total,181649.98978283536
madrl_v3_20260627_164047,MAAC,E1,battery_discharge_total,159375.30118182607
madrl_v3_20260627_164047,MAAC,E1,battery_equivalent_full_cycles,6.491762943818274
madrl_v3_20260627_164047,MAAC,E1,battery_throughput_total,341025.2909646616
madrl_v3_20260627_164047,MAAC,E1,carbon_emissions,1.0279904744395534
madrl_v3_20260627_164047,MAAC,E1,carbon_emissions_baseline,10417463.817999348
madrl_v3_20260627_164047,MAAC,E1,carbon_emissions_control,10494384.743438182
madrl_v3_20260627_164047,MAAC,E1,carbon_emissions_daily_average_baseline,28544.255238267422
madrl_v3_20260627_164047,MAAC,E1,carbon_emissions_daily_average_control,28755.02155982605
madrl_v3_20260627_164047,MAAC,E1,carbon_emissions_daily_average_delta,210.76632155862822
madrl_v3_20260627_164047,MAAC,E1,carbon_emissions_delta,38565.84588019649
madrl_v3_20260627_164047,MAAC,E1,community_import_share,0.09910411309902535
madrl_v3_20260627_164047,MAAC,E1,community_local_traded_daily_average,3391.082297380781
madrl_v3_20260627_164047,MAAC,E1,community_local_traded_total,1237603.7434482607
madrl_v3_20260627_164047,MAAC,E1,cost_one_minus_load_factor_average,0.9955821162398271
madrl_v3_20260627_164047,MAAC,E1,cost_peak_average,1.0307016374943516
madrl_v3_20260627_164047,MAAC,E1,cost_ramping_average,1.010993644889474
madrl_v3_20260627_164047,MAAC,E1,electricity_cost,1.001224116074091
madrl_v3_20260627_164047,MAAC,E1,electricity_cost_baseline,5911410.430769732
madrl_v3_20260627_164047,MAAC,E1,electricity_cost_control,5918646.683298586
madrl_v3_20260627_164047,MAAC,E1,electricity_cost_daily_average_baseline,16197.494044808036
madrl_v3_20260627_164047,MAAC,E1,electricity_cost_daily_average_control,16217.321657628276
madrl_v3_20260627_164047,MAAC,E1,electricity_cost_daily_average_delta,19.827612820240798
madrl_v3_20260627_164047,MAAC,E1,electricity_cost_delta,3628.0400708369775
madrl_v3_20260627_164047,MAAC,E1,ev_charge_total,11085.426500886679
madrl_v3_20260627_164047,MAAC,E1,ev_departure_count,39682.0
madrl_v3_20260627_164047,MAAC,E1,ev_departure_met_count,1677.0
madrl_v3_20260627_164047,MAAC,E1,ev_departure_soc_deficit_mean,0.5001015868844906
madrl_v3_20260627_164047,MAAC,E1,ev_departure_success_rate,0.04226097474925659
madrl_v3_20260627_164047,MAAC,E1,ev_departure_within_tolerance_count,542.0
madrl_v3_20260627_164047,MAAC,E1,ev_departure_within_tolerance_rate,0.013658585756766293
madrl_v3_20260627_164047,MAAC,E1,ev_v2g_export_total,3710.111443613656
madrl_v3_20260627_164047,MAAC,E1,grid_export_baseline,39642401.10018158
madrl_v3_20260627_164047,MAAC,E1,grid_export_control,39628757.33693227
madrl_v3_20260627_164047,MAAC,E1,grid_export_delta,-6840.573845111944
madrl_v3_20260627_164047,MAAC,E1,grid_export_ratio,0.9996558290398498
madrl_v3_20260627_164047,MAAC,E1,grid_import,1.027697229384953
madrl_v3_20260627_164047,MAAC,E1,grid_import_baseline,12471908.741031647
madrl_v3_20260627_164047,MAAC,E1,grid_import_control,12487915.029436171
madrl_v3_20260627_164047,MAAC,E1,grid_import_delta,8025.073128036143
madrl_v3_20260627_164047,MAAC,E1,net_exchange_baseline,-27170492.359149933
madrl_v3_20260627_164047,MAAC,E1,net_exchange_control,-27140842.307496104
madrl_v3_20260627_164047,MAAC,E1,net_exchange_delta,14865.646973146218
madrl_v3_20260627_164047,MAAC,E1,one_minus_load_factor_average,0.9955821162398271
madrl_v3_20260627_164047,MAAC,E1,peak_average,1.0307016374943516
madrl_v3_20260627_164047,MAAC,E1,price_signal_deviation,0.37992894346227535
madrl_v3_20260627_164047,MAAC,E1,price_signal_deviation_baseline,0.3793213483543036
madrl_v3_20260627_164047,MAAC,E1,price_signal_deviation_delta,0.000607595107971759
madrl_v3_20260627_164047,MAAC,E1,price_signal_deviation_ratio,1.0016017951813359
madrl_v3_20260627_164047,MAAC,E1,pv_export_daily_average,111726.2682727422
madrl_v3_20260627_164047,MAAC,E1,pv_export_total,40775432.65837287
madrl_v3_20260627_164047,MAAC,E1,pv_generation_daily_average,136095.6394630498
madrl_v3_20260627_164047,MAAC,E1,pv_generation_total,49669237.752368875
madrl_v3_20260627_164047,MAAC,E1,pv_self_consumption_ratio,0.1790606318207859
madrl_v3_20260627_164047,MAAC,E1,ramping_average,1.010993644889474
madrl_v3_20260627_164047,MAAC,E1,zero_net_energy,0.9986756010334867
madrl_v3_20260627_164047,MAAC,E2,battery_capacity_fade_ratio,4.7039472819188236e-05
madrl_v3_20260627_164047,MAAC,E2,battery_charge_total,324341.5473796671
madrl_v3_20260627_164047,MAAC,E2,battery_discharge_total,279771.4939794364
madrl_v3_20260627_164047,MAAC,E2,battery_equivalent_full_cycles,11.499905607231849
madrl_v3_20260627_164047,MAAC,E2,battery_throughput_total,604113.0413591035
madrl_v3_20260627_164047,MAAC,E2,carbon_emissions,1.0469962875520018
madrl_v3_20260627_164047,MAAC,E2,carbon_emissions_baseline,10417831.77047322
madrl_v3_20260627_164047,MAAC,E2,carbon_emissions_control,10558754.019475915
madrl_v3_20260627_164047,MAAC,E2,carbon_emissions_daily_average_baseline,28545.263442328724
madrl_v3_20260627_164047,MAAC,E2,carbon_emissions_daily_average_control,28931.395874805567
madrl_v3_20260627_164047,MAAC,E2,carbon_emissions_daily_average_delta,386.13243247684466
madrl_v3_20260627_164047,MAAC,E2,carbon_emissions_delta,70654.19071758597
madrl_v3_20260627_164047,MAAC,E2,community_import_share,0.10269686002765092
madrl_v3_20260627_164047,MAAC,E2,community_local_traded_daily_average,3523.595829408709
madrl_v3_20260627_164047,MAAC,E2,community_local_traded_total,1285965.6612412867
madrl_v3_20260627_164047,MAAC,E2,cost_one_minus_load_factor_average,0.9926963312773214
madrl_v3_20260627_164047,MAAC,E2,cost_peak_average,1.0402106617728162
madrl_v3_20260627_164047,MAAC,E2,cost_ramping_average,1.0186301738338828
madrl_v3_20260627_164047,MAAC,E2,electricity_cost,1.0039868213638963
madrl_v3_20260627_164047,MAAC,E2,electricity_cost_baseline,6641408.353484642
madrl_v3_20260627_164047,MAAC,E2,electricity_cost_control,6667886.462194674
madrl_v3_20260627_164047,MAAC,E2,electricity_cost_daily_average_baseline,18197.716689534354
madrl_v3_20260627_164047,MAAC,E2,electricity_cost_daily_average_control,18270.267735206322
madrl_v3_20260627_164047,MAAC,E2,electricity_cost_daily_average_delta,72.55104567196791
madrl_v3_20260627_164047,MAAC,E2,electricity_cost_delta,13275.329877851962
madrl_v3_20260627_164047,MAAC,E2,ev_charge_total,10967.570031635463
madrl_v3_20260627_164047,MAAC,E2,ev_departure_count,39682.0
madrl_v3_20260627_164047,MAAC,E2,ev_departure_met_count,1620.0
madrl_v3_20260627_164047,MAAC,E2,ev_departure_soc_deficit_mean,0.5008193109843627
madrl_v3_20260627_164047,MAAC,E2,ev_departure_success_rate,0.04082455521395091
madrl_v3_20260627_164047,MAAC,E2,ev_departure_within_tolerance_count,522.0
madrl_v3_20260627_164047,MAAC,E2,ev_departure_within_tolerance_rate,0.01315457890227307
madrl_v3_20260627_164047,MAAC,E2,ev_v2g_export_total,3716.8197939107195
madrl_v3_20260627_164047,MAAC,E2,grid_export_baseline,39642530.32753754
madrl_v3_20260627_164047,MAAC,E2,grid_export_control,39640434.04137335
madrl_v3_20260627_164047,MAAC,E2,grid_export_delta,-1051.0150348243806
madrl_v3_20260627_164047,MAAC,E2,grid_export_ratio,0.9999471202734319
madrl_v3_20260627_164047,MAAC,E2,grid_import,1.046308935568358
madrl_v3_20260627_164047,MAAC,E2,grid_import_baseline,12472232.392642975
madrl_v3_20260627_164047,MAAC,E2,grid_import_control,12521956.960466396
madrl_v3_20260627_164047,MAAC,E2,grid_import_delta,24930.40753471335
madrl_v3_20260627_164047,MAAC,E2,net_exchange_baseline,-27170297.93489456
madrl_v3_20260627_164047,MAAC,E2,net_exchange_control,-27118477.080906957
madrl_v3_20260627_164047,MAAC,E2,net_exchange_delta,25981.422569535865
madrl_v3_20260627_164047,MAAC,E2,one_minus_load_factor_average,0.9926963312773214
madrl_v3_20260627_164047,MAAC,E2,peak_average,1.0402106617728162
madrl_v3_20260627_164047,MAAC,E2,pv_export_daily_average,111741.57932902654
madrl_v3_20260627_164047,MAAC,E2,pv_export_total,40781020.555955976
madrl_v3_20260627_164047,MAAC,E2,pv_generation_daily_average,136095.6394630498
madrl_v3_20260627_164047,MAAC,E2,pv_generation_total,49669237.752368875
madrl_v3_20260627_164047,MAAC,E2,pv_self_consumption_ratio,0.17894812963963783
madrl_v3_20260627_164047,MAAC,E2,ramping_average,1.0186301738338828
madrl_v3_20260627_164047,MAAC,E2,zero_net_energy,0.9988305956826783
madrl_v3_20260627_164047,MAAC,E3,battery_capacity_fade_ratio,4.901524072530628e-05
madrl_v3_20260627_164047,MAAC,E3,battery_charge_total,329128.66625897866
madrl_v3_20260627_164047,MAAC,E3,battery_discharge_total,286116.1736024983
madrl_v3_20260627_164047,MAAC,E3,battery_equivalent_full_cycles,11.711810703218553
madrl_v3_20260627_164047,MAAC,E3,battery_throughput_total,615244.839861477
madrl_v3_20260627_164047,MAAC,E3,carbon_emissions,1.043854275478452
madrl_v3_20260627_164047,MAAC,E3,carbon_emissions_baseline,10417672.837767562
madrl_v3_20260627_164047,MAAC,E3,carbon_emissions_control,10564094.134996949
madrl_v3_20260627_164047,MAAC,E3,carbon_emissions_daily_average_baseline,28544.827960545896
madrl_v3_20260627_164047,MAAC,E3,carbon_emissions_daily_average_control,28946.027998621623
madrl_v3_20260627_164047,MAAC,E3,carbon_emissions_daily_average_delta,401.2000380757261
madrl_v3_20260627_164047,MAAC,E3,carbon_emissions_delta,73411.2486337313
madrl_v3_20260627_164047,MAAC,E3,community_import_share,0.1039488707557312
madrl_v3_20260627_164047,MAAC,E3,community_local_traded_daily_average,3564.166726559425
madrl_v3_20260627_164047,MAAC,E3,community_local_traded_total,1300772.34824725
madrl_v3_20260627_164047,MAAC,E3,cost_one_minus_load_factor_average,0.9914670028561496
madrl_v3_20260627_164047,MAAC,E3,cost_peak_average,1.0309261417946909
madrl_v3_20260627_164047,MAAC,E3,cost_ramping_average,1.0189549701035028
madrl_v3_20260627_164047,MAAC,E3,electricity_cost,1.002675335325078
madrl_v3_20260627_164047,MAAC,E3,electricity_cost_baseline,7093803.197904205
madrl_v3_20260627_164047,MAAC,E3,electricity_cost_control,7112781.500188709
madrl_v3_20260627_164047,MAAC,E3,electricity_cost_daily_average_baseline,19437.296123952612
madrl_v3_20260627_164047,MAAC,E3,electricity_cost_daily_average_control,19489.297408897022
madrl_v3_20260627_164047,MAAC,E3,electricity_cost_daily_average_delta,52.00128494441179
madrl_v3_20260627_164047,MAAC,E3,electricity_cost_delta,9515.151784724349
madrl_v3_20260627_164047,MAAC,E3,ev_charge_total,10967.148514784873
madrl_v3_20260627_164047,MAAC,E3,ev_departure_count,39682.0
madrl_v3_20260627_164047,MAAC,E3,ev_departure_met_count,1610.0
madrl_v3_20260627_164047,MAAC,E3,ev_departure_soc_deficit_mean,0.5008684875193997
madrl_v3_20260627_164047,MAAC,E3,ev_departure_success_rate,0.0405725517867043
madrl_v3_20260627_164047,MAAC,E3,ev_departure_within_tolerance_count,529.0
madrl_v3_20260627_164047,MAAC,E3,ev_departure_within_tolerance_rate,0.013330981301345699
madrl_v3_20260627_164047,MAAC,E3,ev_v2g_export_total,3677.922525198199
madrl_v3_20260627_164047,MAAC,E3,grid_export_baseline,39642599.684288025
madrl_v3_20260627_164047,MAAC,E3,grid_export_control,39633783.845752195
madrl_v3_20260627_164047,MAAC,E3,grid_export_delta,-4419.997137812434
madrl_v3_20260627_164047,MAAC,E3,grid_export_ratio,0.9997776170431294
madrl_v3_20260627_164047,MAAC,E3,grid_import,1.0431945249019292
madrl_v3_20260627_164047,MAAC,E3,grid_import_baseline,12472092.516483307
madrl_v3_20260627_164047,MAAC,E3,grid_import_control,12513578.442847416
madrl_v3_20260627_164047,MAAC,E3,grid_import_delta,20799.799706357382
madrl_v3_20260627_164047,MAAC,E3,net_exchange_baseline,-27170507.167804718
madrl_v3_20260627_164047,MAAC,E3,net_exchange_control,-27120205.40290478
madrl_v3_20260627_164047,MAAC,E3,net_exchange_delta,25219.796844169818
madrl_v3_20260627_164047,MAAC,E3,one_minus_load_factor_average,0.9914670028561496
madrl_v3_20260627_164047,MAAC,E3,peak_average,1.0309261417946909
madrl_v3_20260627_164047,MAAC,E3,price_signal_deviation,0.379623524784308
madrl_v3_20260627_164047,MAAC,E3,price_signal_deviation_baseline,0.37931532563014614
madrl_v3_20260627_164047,MAAC,E3,price_signal_deviation_delta,0.00030819915416185895
madrl_v3_20260627_164047,MAAC,E3,price_signal_deviation_ratio,1.000812514373496
madrl_v3_20260627_164047,MAAC,E3,pv_export_daily_average,111708.71116338148
madrl_v3_20260627_164047,MAAC,E3,pv_export_total,40769025.04500243
madrl_v3_20260627_164047,MAAC,E3,pv_generation_daily_average,136095.6394630498
madrl_v3_20260627_164047,MAAC,E3,pv_generation_total,49669237.752368875
madrl_v3_20260627_164047,MAAC,E3,pv_self_consumption_ratio,0.17918963749231215
madrl_v3_20260627_164047,MAAC,E3,ramping_average,1.0189549701035028
madrl_v3_20260627_164047,MAAC,E3,zero_net_energy,0.998817912086312
madrl_v3_20260627_164047,MASAC,E1,battery_capacity_fade_ratio,5.10651804180305e-05
madrl_v3_20260627_164047,MASAC,E1,battery_charge_total,332451.2102501957
madrl_v3_20260627_164047,MASAC,E1,battery_discharge_total,291882.2389227986
madrl_v3_20260627_164047,MASAC,E1,battery_equivalent_full_cycles,11.884821616785853
madrl_v3_20260627_164047,MASAC,E1,battery_throughput_total,624333.4491729945
madrl_v3_20260627_164047,MASAC,E1,carbon_emissions,1.053619622048921
madrl_v3_20260627_164047,MASAC,E1,carbon_emissions_baseline,9088716.879895853
madrl_v3_20260627_164047,MASAC,E1,carbon_emissions_control,9250726.214372514
madrl_v3_20260627_164047,MASAC,E1,carbon_emissions_daily_average_baseline,24903.437049606175
madrl_v3_20260627_164047,MASAC,E1,carbon_emissions_daily_average_control,25347.348914823648
madrl_v3_20260627_164047,MASAC,E1,carbon_emissions_daily_average_delta,443.9118652174749
madrl_v3_20260627_164047,MASAC,E1,carbon_emissions_delta,81226.6231709392
madrl_v3_20260627_164047,MASAC,E1,community_import_share,0.08236608602305379
madrl_v3_20260627_164047,MASAC,E1,community_local_traded_daily_average,2520.173910083967
madrl_v3_20260627_164047,MASAC,E1,community_local_traded_total,919758.4699343944
madrl_v3_20260627_164047,MASAC,E1,cost_one_minus_load_factor_average,0.9786257116077314
madrl_v3_20260627_164047,MASAC,E1,cost_peak_average,1.0850627613699078
madrl_v3_20260627_164047,MASAC,E1,cost_ramping_average,1.0219691691061643
madrl_v3_20260627_164047,MASAC,E1,electricity_cost,1.0049419564019464
madrl_v3_20260627_164047,MASAC,E1,electricity_cost_baseline,5921703.1287605055
madrl_v3_20260627_164047,MASAC,E1,electricity_cost_control,5950967.92744811
madrl_v3_20260627_164047,MASAC,E1,electricity_cost_daily_average_baseline,16225.69643683664
madrl_v3_20260627_164047,MASAC,E1,electricity_cost_daily_average_control,16305.883121218705
madrl_v3_20260627_164047,MASAC,E1,electricity_cost_daily_average_delta,80.18668438206441
madrl_v3_20260627_164047,MASAC,E1,electricity_cost_delta,14672.49268599316
madrl_v3_20260627_164047,MASAC,E1,ev_charge_total,10720.165089577436
madrl_v3_20260627_164047,MASAC,E1,ev_departure_count,39682.0
madrl_v3_20260627_164047,MASAC,E1,ev_departure_met_count,1563.0
madrl_v3_20260627_164047,MASAC,E1,ev_departure_soc_deficit_mean,0.5027141603949834
madrl_v3_20260627_164047,MASAC,E1,ev_departure_success_rate,0.03938813567864523
madrl_v3_20260627_164047,MASAC,E1,ev_departure_within_tolerance_count,469.0
madrl_v3_20260627_164047,MASAC,E1,ev_departure_within_tolerance_rate,0.011818960737866036
madrl_v3_20260627_164047,MASAC,E1,ev_v2g_export_total,3833.1771123362705
madrl_v3_20260627_164047,MASAC,E1,grid_export_baseline,40655093.25299454
madrl_v3_20260627_164047,MASAC,E1,grid_export_control,40666473.210258365
madrl_v3_20260627_164047,MASAC,E1,grid_export_delta,5705.569394234239
madrl_v3_20260627_164047,MASAC,E1,grid_export_ratio,1.000279914676201
madrl_v3_20260627_164047,MASAC,E1,grid_import,1.0526600476938446
madrl_v3_20260627_164047,MASAC,E1,grid_import_baseline,11107877.379131317
madrl_v3_20260627_164047,MASAC,E1,grid_import_control,11166713.320297377
madrl_v3_20260627_164047,MASAC,E1,grid_import_delta,29498.57696435126
madrl_v3_20260627_164047,MASAC,E1,net_exchange_baseline,-29547215.87386322
madrl_v3_20260627_164047,MASAC,E1,net_exchange_control,-29499759.88996099
madrl_v3_20260627_164047,MASAC,E1,net_exchange_delta,23793.00757011609
madrl_v3_20260627_164047,MASAC,E1,one_minus_load_factor_average,0.9786257116077314
madrl_v3_20260627_164047,MASAC,E1,peak_average,1.0850627613699078
madrl_v3_20260627_164047,MASAC,E1,price_signal_deviation,0.38935242020988164
madrl_v3_20260627_164047,MASAC,E1,price_signal_deviation_baseline,0.3845739346847668
madrl_v3_20260627_164047,MASAC,E1,price_signal_deviation_delta,0.0047784855251148395
madrl_v3_20260627_164047,MASAC,E1,price_signal_deviation_ratio,1.0124254014485712
madrl_v3_20260627_164047,MASAC,E1,pv_export_daily_average,113456.12326822054
madrl_v3_20260627_164047,MASAC,E1,pv_export_total,41406757.654430985
madrl_v3_20260627_164047,MASAC,E1,pv_generation_daily_average,135736.12476592427
madrl_v3_20260627_164047,MASAC,E1,pv_generation_total,49538029.867697105
madrl_v3_20260627_164047,MASAC,E1,pv_self_consumption_ratio,0.16414201846505772
madrl_v3_20260627_164047,MASAC,E1,ramping_average,1.0219691691061643
madrl_v3_20260627_164047,MASAC,E1,zero_net_energy,0.9992642225192476
madrl_v3_20260627_164047,MASAC,E2,battery_capacity_fade_ratio,4.9553800053448544e-05
madrl_v3_20260627_164047,MASAC,E2,battery_charge_total,345132.82154580933
madrl_v3_20260627_164047,MASAC,E2,battery_discharge_total,292814.6935327461
madrl_v3_20260627_164047,MASAC,E2,battery_equivalent_full_cycles,12.143979195129742
madrl_v3_20260627_164047,MASAC,E2,battery_throughput_total,637947.5150785556
madrl_v3_20260627_164047,MASAC,E2,carbon_emissions,1.051639591972696
madrl_v3_20260627_164047,MASAC,E2,carbon_emissions_baseline,9088297.682261093
madrl_v3_20260627_164047,MASAC,E2,carbon_emissions_control,9243171.298157984
madrl_v3_20260627_164047,MASAC,E2,carbon_emissions_daily_average_baseline,24902.288431814846
madrl_v3_20260627_164047,MASAC,E2,carbon_emissions_daily_average_control,25326.64815113502
madrl_v3_20260627_164047,MASAC,E2,carbon_emissions_daily_average_delta,424.35971932017395
madrl_v3_20260627_164047,MASAC,E2,carbon_emissions_delta,77648.98780810599
madrl_v3_20260627_164047,MASAC,E2,community_import_share,0.08180134800760319
madrl_v3_20260627_164047,MASAC,E2,community_local_traded_daily_average,2502.1749435810157
madrl_v3_20260627_164047,MASAC,E2,community_local_traded_total,913189.5971177549
madrl_v3_20260627_164047,MASAC,E2,cost_one_minus_load_factor_average,0.9788572813323027
madrl_v3_20260627_164047,MASAC,E2,cost_peak_average,1.0956074399714257
madrl_v3_20260627_164047,MASAC,E2,cost_ramping_average,1.0208812307447095
madrl_v3_20260627_164047,MASAC,E2,electricity_cost,1.0050652080032747
madrl_v3_20260627_164047,MASAC,E2,electricity_cost_baseline,5914557.320100955
madrl_v3_20260627_164047,MASAC,E2,electricity_cost_control,5944515.783174557
madrl_v3_20260627_164047,MASAC,E2,electricity_cost_daily_average_baseline,16206.11664372907
madrl_v3_20260627_164047,MASAC,E2,electricity_cost_daily_average_control,16288.203995454889
madrl_v3_20260627_164047,MASAC,E2,electricity_cost_daily_average_delta,82.08735172581879
madrl_v3_20260627_164047,MASAC,E2,electricity_cost_delta,15020.275212663882
madrl_v3_20260627_164047,MASAC,E2,ev_charge_total,11514.183938987553
madrl_v3_20260627_164047,MASAC,E2,ev_departure_count,39682.0
madrl_v3_20260627_164047,MASAC,E2,ev_departure_met_count,1612.0
madrl_v3_20260627_164047,MASAC,E2,ev_departure_soc_deficit_mean,0.5010665009797093
madrl_v3_20260627_164047,MASAC,E2,ev_departure_success_rate,0.04062295247215362
madrl_v3_20260627_164047,MASAC,E2,ev_departure_within_tolerance_count,507.0
madrl_v3_20260627_164047,MASAC,E2,ev_departure_within_tolerance_rate,0.012776573761403155
madrl_v3_20260627_164047,MASAC,E2,ev_v2g_export_total,3494.122005420897
madrl_v3_20260627_164047,MASAC,E2,grid_export_baseline,40654819.36426163
madrl_v3_20260627_164047,MASAC,E2,grid_export_control,40650741.652760245
madrl_v3_20260627_164047,MASAC,E2,grid_export_delta,-2044.4422945907447
madrl_v3_20260627_164047,MASAC,E2,grid_export_ratio,0.9998996991853574
madrl_v3_20260627_164047,MASAC,E2,grid_import,1.0508408423700657
madrl_v3_20260627_164047,MASAC,E2,grid_import_baseline,11107242.547481537
madrl_v3_20260627_164047,MASAC,E2,grid_import_control,11163503.039496081
madrl_v3_20260627_164047,MASAC,E2,grid_import_delta,28207.32397326982
madrl_v3_20260627_164047,MASAC,E2,net_exchange_baseline,-29547576.81678009
madrl_v3_20260627_164047,MASAC,E2,net_exchange_control,-29487238.613264162
madrl_v3_20260627_164047,MASAC,E2,net_exchange_delta,30251.766267861498
madrl_v3_20260627_164047,MASAC,E2,one_minus_load_factor_average,0.9788572813323027
madrl_v3_20260627_164047,MASAC,E2,peak_average,1.0956074399714257
madrl_v3_20260627_164047,MASAC,E2,pv_export_daily_average,113436.8744305524
madrl_v3_20260627_164047,MASAC,E2,pv_export_total,41399732.63071702
madrl_v3_20260627_164047,MASAC,E2,pv_generation_daily_average,135736.12476592427
madrl_v3_20260627_164047,MASAC,E2,pv_generation_total,49538029.867697105
madrl_v3_20260627_164047,MASAC,E2,pv_self_consumption_ratio,0.1642838291856845
madrl_v3_20260627_164047,MASAC,E2,ramping_average,1.0208812307447095
madrl_v3_20260627_164047,MASAC,E2,zero_net_energy,0.9988687270130299
madrl_v3_20260627_164047,MASAC,E3,battery_capacity_fade_ratio,5.80514716116429e-05
madrl_v3_20260627_164047,MASAC,E3,battery_charge_total,383545.61018115666
madrl_v3_20260627_164047,MASAC,E3,battery_discharge_total,333467.48643100867
madrl_v3_20260627_164047,MASAC,E3,battery_equivalent_full_cycles,13.649072881522985
madrl_v3_20260627_164047,MASAC,E3,battery_throughput_total,717013.0966121654
madrl_v3_20260627_164047,MASAC,E3,carbon_emissions,1.0601897274206082
madrl_v3_20260627_164047,MASAC,E3,carbon_emissions_baseline,9088742.930663891
madrl_v3_20260627_164047,MASAC,E3,carbon_emissions_control,9270045.676568365
madrl_v3_20260627_164047,MASAC,E3,carbon_emissions_daily_average_baseline,24903.508429721816
madrl_v3_20260627_164047,MASAC,E3,carbon_emissions_daily_average_control,25400.284991168028
madrl_v3_20260627_164047,MASAC,E3,carbon_emissions_daily_average_delta,496.7765614462115
madrl_v3_20260627_164047,MASAC,E3,carbon_emissions_delta,90899.7612329599
madrl_v3_20260627_164047,MASAC,E3,community_import_share,0.08410696734872088
madrl_v3_20260627_164047,MASAC,E3,community_local_traded_daily_average,2574.6685330692567
madrl_v3_20260627_164047,MASAC,E3,community_local_traded_total,939646.7367147341
madrl_v3_20260627_164047,MASAC,E3,cost_one_minus_load_factor_average,0.9777831177218483
madrl_v3_20260627_164047,MASAC,E3,cost_peak_average,1.0863807148533065
madrl_v3_20260627_164047,MASAC,E3,cost_ramping_average,1.024945867130649
madrl_v3_20260627_164047,MASAC,E3,electricity_cost,1.0055554410308447
madrl_v3_20260627_164047,MASAC,E3,electricity_cost_baseline,7106081.274015802
madrl_v3_20260627_164047,MASAC,E3,electricity_cost_control,7145558.689493987
madrl_v3_20260627_164047,MASAC,E3,electricity_cost_daily_average_baseline,19470.938529099127
madrl_v3_20260627_164047,MASAC,E3,electricity_cost_daily_average_control,19579.10817991274
madrl_v3_20260627_164047,MASAC,E3,electricity_cost_daily_average_delta,108.16965081361293
madrl_v3_20260627_164047,MASAC,E3,electricity_cost_delta,19792.792564499217
madrl_v3_20260627_164047,MASAC,E3,ev_charge_total,11565.11733596772
madrl_v3_20260627_164047,MASAC,E3,ev_departure_count,39682.0
madrl_v3_20260627_164047,MASAC,E3,ev_departure_met_count,1643.0
madrl_v3_20260627_164047,MASAC,E3,ev_departure_soc_deficit_mean,0.5003155133857917
madrl_v3_20260627_164047,MASAC,E3,ev_departure_success_rate,0.04140416309661812
madrl_v3_20260627_164047,MASAC,E3,ev_departure_within_tolerance_count,516.0
madrl_v3_20260627_164047,MASAC,E3,ev_departure_within_tolerance_rate,0.013003376845925105
madrl_v3_20260627_164047,MASAC,E3,ev_v2g_export_total,3547.4206320410594
madrl_v3_20260627_164047,MASAC,E3,grid_export_baseline,40654393.347537994
madrl_v3_20260627_164047,MASAC,E3,grid_export_control,40660493.791114934
madrl_v3_20260627_164047,MASAC,E3,grid_export_delta,3058.5795145712286
madrl_v3_20260627_164047,MASAC,E3,grid_export_ratio,1.000150056195029
madrl_v3_20260627_164047,MASAC,E3,grid_import,1.059114980913243
madrl_v3_20260627_164047,MASAC,E3,grid_import_baseline,11107847.682125092
madrl_v3_20260627_164047,MASAC,E3,grid_import_control,11172043.961813642
madrl_v3_20260627_164047,MASAC,E3,grid_import_delta,32186.08999340884
madrl_v3_20260627_164047,MASAC,E3,net_exchange_baseline,-29546545.665412903
madrl_v3_20260627_164047,MASAC,E3,net_exchange_control,-29488449.82930129
madrl_v3_20260627_164047,MASAC,E3,net_exchange_delta,29127.510478838543
madrl_v3_20260627_164047,MASAC,E3,one_minus_load_factor_average,0.9777831177218483
madrl_v3_20260627_164047,MASAC,E3,peak_average,1.0863807148533065
madrl_v3_20260627_164047,MASAC,E3,price_signal_deviation,0.3899742202101317
madrl_v3_20260627_164047,MASAC,E3,price_signal_deviation_baseline,0.38457995010225254
madrl_v3_20260627_164047,MASAC,E3,price_signal_deviation_delta,0.005394270107879129
madrl_v3_20260627_164047,MASAC,E3,price_signal_deviation_ratio,1.0140263945284846
madrl_v3_20260627_164047,MASAC,E3,pv_export_daily_average,113432.64319114307
madrl_v3_20260627_164047,MASAC,E3,pv_export_total,41398188.40463425
madrl_v3_20260627_164047,MASAC,E3,pv_generation_daily_average,135736.12476592427
madrl_v3_20260627_164047,MASAC,E3,pv_generation_total,49538029.867697105
madrl_v3_20260627_164047,MASAC,E3,pv_self_consumption_ratio,0.1643150017229632
madrl_v3_20260627_164047,MASAC,E3,ramping_average,1.024945867130649
madrl_v3_20260627_164047,MASAC,E3,zero_net_energy,0.9992077522258009
madrl_v3_20260627_164047,MATD3,E1,battery_capacity_fade_ratio,6.491037768997175e-07
madrl_v3_20260627_164047,MATD3,E1,battery_charge_total,2339.0884487526127
madrl_v3_20260627_164047,MATD3,E1,battery_discharge_total,6151.162350785767
madrl_v3_20260627_164047,MATD3,E1,battery_equivalent_full_cycles,0.16162055127424005
madrl_v3_20260627_164047,MATD3,E1,battery_throughput_total,8490.250799538378
madrl_v3_20260627_164047,MATD3,E1,carbon_emissions,1.0385496103000702
madrl_v3_20260627_164047,MATD3,E1,carbon_emissions_baseline,10986820.520467822
madrl_v3_20260627_164047,MATD3,E1,carbon_emissions_control,11060066.494980272
madrl_v3_20260627_164047,MATD3,E1,carbon_emissions_daily_average_baseline,30104.31470387347
madrl_v3_20260627_164047,MATD3,E1,carbon_emissions_daily_average_control,30305.01151724244
madrl_v3_20260627_164047,MATD3,E1,carbon_emissions_daily_average_delta,200.69681336897017
madrl_v3_20260627_164047,MATD3,E1,carbon_emissions_delta,36723.33566290968
madrl_v3_20260627_164047,MATD3,E1,community_import_share,0.08711408562366425
madrl_v3_20260627_164047,MATD3,E1,community_local_traded_daily_average,3173.3016377023123
madrl_v3_20260627_164047,MATD3,E1,community_local_traded_total,1158122.876859773
madrl_v3_20260627_164047,MATD3,E1,cost_one_minus_load_factor_average,0.9934690566529493
madrl_v3_20260627_164047,MATD3,E1,cost_peak_average,1.0081243650776304
madrl_v3_20260627_164047,MATD3,E1,cost_ramping_average,1.0011755487359968
madrl_v3_20260627_164047,MATD3,E1,electricity_cost,1.0080607462410982
madrl_v3_20260627_164047,MATD3,E1,electricity_cost_baseline,8183897.547443151
madrl_v3_20260627_164047,MATD3,E1,electricity_cost_control,8249865.868836236
madrl_v3_20260627_164047,MATD3,E1,electricity_cost_daily_average_baseline,22424.19695611778
madrl_v3_20260627_164047,MATD3,E1,electricity_cost_daily_average_control,22604.95271744145
madrl_v3_20260627_164047,MATD3,E1,electricity_cost_daily_average_delta,180.75576132367343
madrl_v3_20260627_164047,MATD3,E1,electricity_cost_delta,33074.53857720466
madrl_v3_20260627_164047,MATD3,E1,ev_charge_total,154012.73039302416
madrl_v3_20260627_164047,MATD3,E1,ev_departure_count,39682.0
madrl_v3_20260627_164047,MATD3,E1,ev_departure_met_count,17435.0
madrl_v3_20260627_164047,MATD3,E1,ev_departure_soc_deficit_mean,0.3150071212508084
madrl_v3_20260627_164047,MATD3,E1,ev_departure_success_rate,0.4393679754044655
madrl_v3_20260627_164047,MATD3,E1,ev_departure_within_tolerance_count,624.0
madrl_v3_20260627_164047,MATD3,E1,ev_departure_within_tolerance_rate,0.0157250138601885
madrl_v3_20260627_164047,MATD3,E1,ev_v2g_export_total,29656.91909918259
madrl_v3_20260627_164047,MATD3,E1,grid_export_baseline,39352684.03644943
madrl_v3_20260627_164047,MATD3,E1,grid_export_control,39321485.62116025
madrl_v3_20260627_164047,MATD3,E1,grid_export_delta,-15641.950079056976
madrl_v3_20260627_164047,MATD3,E1,grid_export_ratio,0.9992072099768268
madrl_v3_20260627_164047,MATD3,E1,grid_import,1.0395562335067712
madrl_v3_20260627_164047,MATD3,E1,grid_import_baseline,13204978.475624084
madrl_v3_20260627_164047,MATD3,E1,grid_import_control,13294323.972622547
madrl_v3_20260627_164047,MATD3,E1,grid_import_delta,44795.15356419106
madrl_v3_20260627_164047,MATD3,E1,net_exchange_baseline,-26147705.560825348
madrl_v3_20260627_164047,MATD3,E1,net_exchange_control,-26027161.6485377
madrl_v3_20260627_164047,MATD3,E1,net_exchange_delta,60437.10364324804
madrl_v3_20260627_164047,MATD3,E1,one_minus_load_factor_average,0.9934690566529493
madrl_v3_20260627_164047,MATD3,E1,peak_average,1.0081243650776304
madrl_v3_20260627_164047,MATD3,E1,price_signal_deviation,0.3844033689016431
madrl_v3_20260627_164047,MATD3,E1,price_signal_deviation_baseline,0.38332228773988963
madrl_v3_20260627_164047,MATD3,E1,price_signal_deviation_delta,0.0010810811617534832
madrl_v3_20260627_164047,MATD3,E1,price_signal_deviation_ratio,1.0028202929919041
madrl_v3_20260627_164047,MATD3,E1,pv_export_daily_average,110898.61026130983
madrl_v3_20260627_164047,MATD3,E1,pv_export_total,40473371.969950534
madrl_v3_20260627_164047,MATD3,E1,pv_generation_daily_average,135731.8379158463
madrl_v3_20260627_164047,MATD3,E1,pv_generation_total,49536465.346037395
madrl_v3_20260627_164047,MATD3,E1,pv_self_consumption_ratio,0.1829580151263629
madrl_v3_20260627_164047,MATD3,E1,ramping_average,1.0011755487359968
madrl_v3_20260627_164047,MATD3,E1,zero_net_energy,0.9899596948084112
madrl_v3_20260627_164047,MATD3,E2,battery_capacity_fade_ratio,7.260281661379266e-07
madrl_v3_20260627_164047,MATD3,E2,battery_charge_total,4405.469097682344
madrl_v3_20260627_164047,MATD3,E2,battery_discharge_total,5079.0133206054115
madrl_v3_20260627_164047,MATD3,E2,battery_equivalent_full_cycles,0.18054676041817858
madrl_v3_20260627_164047,MATD3,E2,battery_throughput_total,9484.482418287756
madrl_v3_20260627_164047,MATD3,E2,carbon_emissions,1.0421428734111502
madrl_v3_20260627_164047,MATD3,E2,carbon_emissions_baseline,10973717.965442343
madrl_v3_20260627_164047,MATD3,E2,carbon_emissions_control,11019732.720185794
madrl_v3_20260627_164047,MATD3,E2,carbon_emissions_daily_average_baseline,30068.413194498942
madrl_v3_20260627_164047,MATD3,E2,carbon_emissions_daily_average_control,30194.4954086607
madrl_v3_20260627_164047,MATD3,E2,carbon_emissions_daily_average_delta,126.08221416175707
madrl_v3_20260627_164047,MATD3,E2,carbon_emissions_delta,23070.418478806503
madrl_v3_20260627_164047,MATD3,E2,community_import_share,0.08750074701288249
madrl_v3_20260627_164047,MATD3,E2,community_local_traded_daily_average,3174.492712941129
madrl_v3_20260627_164047,MATD3,E2,community_local_traded_total,1158557.569693806
madrl_v3_20260627_164047,MATD3,E2,cost_one_minus_load_factor_average,0.9957821650426082
madrl_v3_20260627_164047,MATD3,E2,cost_peak_average,1.0054542490487863
madrl_v3_20260627_164047,MATD3,E2,cost_ramping_average,1.0007704484747517
madrl_v3_20260627_164047,MATD3,E2,electricity_cost,1.0039575998186379
madrl_v3_20260627_164047,MATD3,E2,electricity_cost_baseline,7022738.161467254
madrl_v3_20260627_164047,MATD3,E2,electricity_cost_control,7050531.348741419
madrl_v3_20260627_164047,MATD3,E2,electricity_cost_daily_average_baseline,19242.575165568458
madrl_v3_20260627_164047,MATD3,E2,electricity_cost_daily_average_control,19318.729577553837
madrl_v3_20260627_164047,MATD3,E2,electricity_cost_daily_average_delta,76.15441198538058
madrl_v3_20260627_164047,MATD3,E2,electricity_cost_delta,13934.67084307495
madrl_v3_20260627_164047,MATD3,E2,ev_charge_total,113188.61708337814
madrl_v3_20260627_164047,MATD3,E2,ev_departure_count,39682.0
madrl_v3_20260627_164047,MATD3,E2,ev_departure_met_count,14450.0
madrl_v3_20260627_164047,MATD3,E2,ev_departure_soc_deficit_mean,0.3603148872196515
madrl_v3_20260627_164047,MATD3,E2,ev_departure_success_rate,0.36414495237135225
madrl_v3_20260627_164047,MATD3,E2,ev_departure_within_tolerance_count,537.0
madrl_v3_20260627_164047,MATD3,E2,ev_departure_within_tolerance_rate,0.013532584043142986
madrl_v3_20260627_164047,MATD3,E2,ev_v2g_export_total,37559.584774988005
madrl_v3_20260627_164047,MATD3,E2,grid_export_baseline,39352683.93083191
madrl_v3_20260627_164047,MATD3,E2,grid_export_control,39329922.57472762
madrl_v3_20260627_164047,MATD3,E2,grid_export_delta,-11411.861551775113
madrl_v3_20260627_164047,MATD3,E2,grid_export_ratio,0.9994216060041978
madrl_v3_20260627_164047,MATD3,E2,grid_import,1.043199799675752
madrl_v3_20260627_164047,MATD3,E2,grid_import_baseline,13188350.688228607
madrl_v3_20260627_164047,MATD3,E2,grid_import_control,13240544.900985073
madrl_v3_20260627_164047,MATD3,E2,grid_import_delta,26168.61346272645
madrl_v3_20260627_164047,MATD3,E2,net_exchange_baseline,-26164333.242603302
madrl_v3_20260627_164047,MATD3,E2,net_exchange_control,-26089377.673742544
madrl_v3_20260627_164047,MATD3,E2,net_exchange_delta,37580.475014501564
madrl_v3_20260627_164047,MATD3,E2,one_minus_load_factor_average,0.9957821650426082
madrl_v3_20260627_164047,MATD3,E2,peak_average,1.0054542490487863
madrl_v3_20260627_164047,MATD3,E2,pv_export_daily_average,110926.42027399981
madrl_v3_20260627_164047,MATD3,E2,pv_export_total,40483521.465831846
madrl_v3_20260627_164047,MATD3,E2,pv_generation_daily_average,135731.8379158463
madrl_v3_20260627_164047,MATD3,E2,pv_generation_total,49536465.346037395
madrl_v3_20260627_164047,MATD3,E2,pv_self_consumption_ratio,0.18275312574214034
madrl_v3_20260627_164047,MATD3,E2,ramping_average,1.0007704484747517
madrl_v3_20260627_164047,MATD3,E2,zero_net_energy,0.9957416508385861
madrl_v3_20260627_164047,MATD3,E3,battery_capacity_fade_ratio,6.97173786666607e-07
madrl_v3_20260627_164047,MATD3,E3,battery_charge_total,3423.3160599650046
madrl_v3_20260627_164047,MATD3,E3,battery_discharge_total,5587.96765206045
madrl_v3_20260627_164047,MATD3,E3,battery_equivalent_full_cycles,0.17153894220713953
madrl_v3_20260627_164047,MATD3,E3,battery_throughput_total,9011.283712025453
madrl_v3_20260627_164047,MATD3,E3,carbon_emissions,1.0741932384067436
madrl_v3_20260627_164047,MATD3,E3,carbon_emissions_baseline,10962469.364197543
madrl_v3_20260627_164047,MATD3,E3,carbon_emissions_control,11044830.505711775
madrl_v3_20260627_164047,MATD3,E3,carbon_emissions_daily_average_baseline,30037.5915904488
madrl_v3_20260627_164047,MATD3,E3,carbon_emissions_daily_average_control,30263.264315228065
madrl_v3_20260627_164047,MATD3,E3,carbon_emissions_daily_average_delta,225.67272477926446
madrl_v3_20260627_164047,MATD3,E3,carbon_emissions_delta,41293.40711950582
madrl_v3_20260627_164047,MATD3,E3,community_import_share,0.0869858368039575
madrl_v3_20260627_164047,MATD3,E3,community_local_traded_daily_average,3164.7602825554086
madrl_v3_20260627_164047,MATD3,E3,community_local_traded_total,1155005.638120951
madrl_v3_20260627_164047,MATD3,E3,cost_one_minus_load_factor_average,0.9935919536582044
madrl_v3_20260627_164047,MATD3,E3,cost_peak_average,1.0071128697365774
madrl_v3_20260627_164047,MATD3,E3,cost_ramping_average,1.0011383857310043
madrl_v3_20260627_164047,MATD3,E3,electricity_cost,1.0091805161969924
madrl_v3_20260627_164047,MATD3,E3,electricity_cost_baseline,9646089.516004698
madrl_v3_20260627_164047,MATD3,E3,electricity_cost_control,9734645.597044019
madrl_v3_20260627_164047,MATD3,E3,electricity_cost_daily_average_baseline,26430.659708198742
madrl_v3_20260627_164047,MATD3,E3,electricity_cost_daily_average_control,26673.306807747056
madrl_v3_20260627_164047,MATD3,E3,electricity_cost_daily_average_delta,242.6470995483156
madrl_v3_20260627_164047,MATD3,E3,electricity_cost_delta,44399.364069434494
madrl_v3_20260627_164047,MATD3,E3,ev_charge_total,162807.5272996761
madrl_v3_20260627_164047,MATD3,E3,ev_departure_count,39682.0
madrl_v3_20260627_164047,MATD3,E3,ev_departure_met_count,19144.0
madrl_v3_20260627_164047,MATD3,E3,ev_departure_soc_deficit_mean,0.2920805822038773
madrl_v3_20260627_164047,MATD3,E3,ev_departure_success_rate,0.48243536112091123
madrl_v3_20260627_164047,MATD3,E3,ev_departure_within_tolerance_count,700.0
madrl_v3_20260627_164047,MATD3,E3,ev_departure_within_tolerance_rate,0.01764023990726274
madrl_v3_20260627_164047,MATD3,E3,ev_v2g_export_total,29731.144519319758
madrl_v3_20260627_164047,MATD3,E3,grid_export_baseline,39352683.96653366
madrl_v3_20260627_164047,MATD3,E3,grid_export_control,39325835.1259214
madrl_v3_20260627_164047,MATD3,E3,grid_export_delta,-13461.203738868673
madrl_v3_20260627_164047,MATD3,E3,grid_export_ratio,0.9993177380065081
madrl_v3_20260627_164047,MATD3,E3,grid_import,1.075911468511894
madrl_v3_20260627_164047,MATD3,E3,grid_import_baseline,13174025.587869644
madrl_v3_20260627_164047,MATD3,E3,grid_import_control,13278088.486106314
madrl_v3_20260627_164047,MATD3,E3,grid_import_delta,52174.01730863507
madrl_v3_20260627_164047,MATD3,E3,net_exchange_baseline,-26178658.378664017
madrl_v3_20260627_164047,MATD3,E3,net_exchange_control,-26047746.639815085
madrl_v3_20260627_164047,MATD3,E3,net_exchange_delta,65635.22104750374
madrl_v3_20260627_164047,MATD3,E3,one_minus_load_factor_average,0.9935919536582044
madrl_v3_20260627_164047,MATD3,E3,peak_average,1.0071128697365774
madrl_v3_20260627_164047,MATD3,E3,price_signal_deviation,0.3576461190979214
madrl_v3_20260627_164047,MATD3,E3,price_signal_deviation_baseline,0.35630176433678495
madrl_v3_20260627_164047,MATD3,E3,price_signal_deviation_delta,0.0013443547611364237
madrl_v3_20260627_164047,MATD3,E3,price_signal_deviation_ratio,1.0037730791584454
madrl_v3_20260627_164047,MATD3,E3,pv_export_daily_average,110907.24252598679
madrl_v3_20260627_164047,MATD3,E3,pv_export_total,40476522.38687993
madrl_v3_20260627_164047,MATD3,E3,pv_generation_daily_average,135731.8379158463
madrl_v3_20260627_164047,MATD3,E3,pv_generation_total,49536465.346037395
madrl_v3_20260627_164047,MATD3,E3,pv_self_consumption_ratio,0.18289441719083424
madrl_v3_20260627_164047,MATD3,E3,ramping_average,1.0011383857310043
madrl_v3_20260627_164047,MATD3,E3,zero_net_energy,0.9911313266696662
