algorithm,scenario,metric,value
HAPPO,escenario_1,battery_capacity_fade_ratio,0.0004831812951161643
HAPPO,escenario_1,battery_charge_total,4975198.288583401
HAPPO,escenario_1,battery_discharge_total,4220262.942131899
HAPPO,escenario_1,battery_equivalent_full_cycles,175.0449484260127
HAPPO,escenario_1,battery_throughput_total,9195461.230715299
HAPPO,escenario_1,carbon_emissions,1.418920728537625
HAPPO,escenario_1,carbon_emissions_baseline,10495657.205877407
HAPPO,escenario_1,carbon_emissions_control,11891500.304102303
HAPPO,escenario_1,carbon_emissions_daily_average_baseline,28758.508156302978
HAPPO,escenario_1,carbon_emissions_daily_average_control,32583.172428183047
HAPPO,escenario_1,carbon_emissions_daily_average_delta,3824.6642718800695
HAPPO,escenario_1,carbon_emissions_delta,699833.8812483886
HAPPO,escenario_1,community_import_share,0.1847474399146722
HAPPO,escenario_1,community_local_traded_daily_average,6636.701550273971
HAPPO,escenario_1,community_local_traded_total,2422119.536618738
HAPPO,escenario_1,cost_one_minus_load_factor_average,0.9340365740442568
HAPPO,escenario_1,cost_peak_average,1.1519604942410047
HAPPO,escenario_1,cost_ramping_average,1.1056624697777824
HAPPO,escenario_1,electricity_cost,1.0433697351150075
HAPPO,escenario_1,electricity_cost_baseline,5957996.329614123
HAPPO,escenario_1,electricity_cost_control,6216393.052245675
HAPPO,escenario_1,electricity_cost_daily_average_baseline,16325.141215976591
HAPPO,escenario_1,electricity_cost_daily_average_control,17033.158266228587
HAPPO,escenario_1,electricity_cost_daily_average_delta,708.0170502519959
HAPPO,escenario_1,electricity_cost_delta,129552.36984090167
HAPPO,escenario_1,ev_charge_total,105886.64410170913
HAPPO,escenario_1,ev_departure_count,39682.0
HAPPO,escenario_1,ev_departure_met_count,8144.0
HAPPO,escenario_1,ev_departure_soc_deficit_mean,0.34391132929571716
HAPPO,escenario_1,ev_departure_success_rate,0.20523159114963963
HAPPO,escenario_1,ev_departure_within_tolerance_count,2512.0
HAPPO,escenario_1,ev_departure_within_tolerance_rate,0.06330326092434857
HAPPO,escenario_1,ev_v2g_export_total,46956.2508762877
HAPPO,escenario_1,grid_export_baseline,39642257.443626404
HAPPO,escenario_1,grid_export_control,39365196.84405005
HAPPO,escenario_1,grid_export_delta,-138909.87818695727
HAPPO,escenario_1,grid_export_ratio,0.9930109782478873
HAPPO,escenario_1,grid_import,1.4109786821660124
HAPPO,escenario_1,grid_import_baseline,12573631.048870087
HAPPO,escenario_1,grid_import_control,13110436.2676821
HAPPO,escenario_1,grid_import_delta,269138.0429744212
HAPPO,escenario_1,net_exchange_baseline,-27068626.394756317
HAPPO,escenario_1,net_exchange_control,-26254760.576367944
HAPPO,escenario_1,net_exchange_delta,408047.9211613813
HAPPO,escenario_1,one_minus_load_factor_average,0.9340365740442568
HAPPO,escenario_1,peak_average,1.1519604942410047
HAPPO,escenario_1,price_signal_deviation,0.3858053708223269
HAPPO,escenario_1,price_signal_deviation_baseline,0.37913521695102903
HAPPO,escenario_1,price_signal_deviation_delta,0.006670153871297879
HAPPO,escenario_1,price_signal_deviation_ratio,1.0175930738509038
HAPPO,escenario_1,pv_export_daily_average,110849.34532442086
HAPPO,escenario_1,pv_export_total,40455392.320691764
HAPPO,escenario_1,pv_generation_daily_average,136095.6394630498
HAPPO,escenario_1,pv_generation_total,49669237.752368875
HAPPO,escenario_1,pv_self_consumption_ratio,0.18550406345299056
HAPPO,escenario_1,ramping_average,1.1056624697777824
HAPPO,escenario_1,zero_net_energy,0.9886522612414962
HAPPO,escenario_2,battery_capacity_fade_ratio,0.0005402847001329172
HAPPO,escenario_2,battery_charge_total,5472726.657080317
HAPPO,escenario_2,battery_discharge_total,4646300.516930651
HAPPO,escenario_2,battery_equivalent_full_cycles,192.62596463129074
HAPPO,escenario_2,battery_throughput_total,10119027.174010966
HAPPO,escenario_2,carbon_emissions,1.4052191906443487
HAPPO,escenario_2,carbon_emissions_baseline,10495765.345236396
HAPPO,escenario_2,carbon_emissions_control,12024589.158508655
HAPPO,escenario_2,carbon_emissions_daily_average_baseline,28758.804462344277
HAPPO,escenario_2,carbon_emissions_daily_average_control,32947.841055395336
HAPPO,escenario_2,carbon_emissions_daily_average_delta,4189.036593051056
HAPPO,escenario_2,carbon_emissions_delta,766506.4249326547
HAPPO,escenario_2,community_import_share,0.19879067106528983
HAPPO,escenario_2,community_local_traded_daily_average,7137.722274327017
HAPPO,escenario_2,community_local_traded_total,2604971.2250345973
HAPPO,escenario_2,cost_one_minus_load_factor_average,0.9259015282713119
HAPPO,escenario_2,cost_peak_average,1.182923567644675
HAPPO,escenario_2,cost_ramping_average,1.1223596999902195
HAPPO,escenario_2,electricity_cost,1.042214611919344
HAPPO,escenario_2,electricity_cost_baseline,6695234.032209833
HAPPO,escenario_2,electricity_cost_control,6977870.738588757
HAPPO,escenario_2,electricity_cost_daily_average_baseline,18345.201138604407
HAPPO,escenario_2,electricity_cost_daily_average_control,19119.636685252903
HAPPO,escenario_2,electricity_cost_daily_average_delta,774.4355466484952
HAPPO,escenario_2,electricity_cost_delta,141705.57096278612
HAPPO,escenario_2,ev_charge_total,104202.53703365661
HAPPO,escenario_2,ev_departure_count,39682.0
HAPPO,escenario_2,ev_departure_met_count,7855.0
HAPPO,escenario_2,ev_departure_soc_deficit_mean,0.34869073545537405
HAPPO,escenario_2,ev_departure_success_rate,0.19794869210221258
HAPPO,escenario_2,ev_departure_within_tolerance_count,2505.0
HAPPO,escenario_2,ev_departure_within_tolerance_rate,0.06312685852527594
HAPPO,escenario_2,ev_v2g_export_total,47093.06678666417
HAPPO,escenario_2,grid_export_baseline,39642153.75536919
HAPPO,escenario_2,grid_export_control,39289395.71294946
HAPPO,escenario_2,grid_export_delta,-176862.30657451978
HAPPO,escenario_2,grid_export_ratio,0.991101441041862
HAPPO,escenario_2,grid_import,1.3989984761756187
HAPPO,escenario_2,grid_import_baseline,12573314.324249268
HAPPO,escenario_2,grid_import_control,13104091.912738869
HAPPO,escenario_2,grid_import_delta,266115.96984268574
HAPPO,escenario_2,net_exchange_baseline,-27068839.43111992
HAPPO,escenario_2,net_exchange_control,-26185303.80021059
HAPPO,escenario_2,net_exchange_delta,442978.27641720645
HAPPO,escenario_2,one_minus_load_factor_average,0.9259015282713119
HAPPO,escenario_2,peak_average,1.182923567644675
HAPPO,escenario_2,pv_export_daily_average,110640.23046166918
HAPPO,escenario_2,pv_export_total,40379074.10890668
HAPPO,escenario_2,pv_generation_daily_average,136095.6394630498
HAPPO,escenario_2,pv_generation_total,49669237.752368875
HAPPO,escenario_2,pv_self_consumption_ratio,0.18704059220274868
HAPPO,escenario_2,ramping_average,1.1223596999902195
HAPPO,escenario_2,zero_net_energy,0.9866302696055077
HAPPO,escenario_3,battery_capacity_fade_ratio,0.0005261192698081518
HAPPO,escenario_3,battery_charge_total,5330227.473641165
HAPPO,escenario_3,battery_discharge_total,4521860.718493441
HAPPO,escenario_3,battery_equivalent_full_cycles,187.5445098632187
HAPPO,escenario_3,battery_throughput_total,9852088.192134606
HAPPO,escenario_3,carbon_emissions,1.3932207853310676
HAPPO,escenario_3,carbon_emissions_baseline,10495685.787414465
HAPPO,escenario_3,carbon_emissions_control,11978585.42130104
HAPPO,escenario_3,carbon_emissions_daily_average_baseline,28758.58647082397
HAPPO,escenario_3,carbon_emissions_daily_average_control,32821.78902970944
HAPPO,escenario_3,carbon_emissions_daily_average_delta,4063.2025588854685
HAPPO,escenario_3,carbon_emissions_delta,743481.4182227306
HAPPO,escenario_3,community_import_share,0.1939995492525576
HAPPO,escenario_3,community_local_traded_daily_average,6966.686729470461
HAPPO,escenario_3,community_local_traded_total,2542550.37764299
HAPPO,escenario_3,cost_one_minus_load_factor_average,0.9287143519335739
HAPPO,escenario_3,cost_peak_average,1.1657250592135147
HAPPO,escenario_3,cost_ramping_average,1.1194173043816145
HAPPO,escenario_3,electricity_cost,1.0436246228049002
HAPPO,escenario_3,electricity_cost_baseline,7149419.754495983
HAPPO,escenario_3,electricity_cost_control,7461310.494559772
HAPPO,escenario_3,electricity_cost_daily_average_baseline,19589.687647894007
HAPPO,escenario_3,electricity_cost_daily_average_control,20444.280382399196
HAPPO,escenario_3,electricity_cost_daily_average_delta,854.5927345051882
HAPPO,escenario_3,electricity_cost_delta,156372.66639914725
HAPPO,escenario_3,ev_charge_total,103933.3879561834
HAPPO,escenario_3,ev_departure_count,39682.0
HAPPO,escenario_3,ev_departure_met_count,7892.0
HAPPO,escenario_3,ev_departure_soc_deficit_mean,0.34858830702018745
HAPPO,escenario_3,ev_departure_success_rate,0.19888110478302504
HAPPO,escenario_3,ev_departure_within_tolerance_count,2497.0
HAPPO,escenario_3,ev_departure_within_tolerance_rate,0.06292525578347866
HAPPO,escenario_3,ev_v2g_export_total,47274.62796555887
HAPPO,escenario_3,grid_export_baseline,39642289.12152672
HAPPO,escenario_3,grid_export_control,39309681.436610274
HAPPO,escenario_3,grid_export_delta,-166759.52144200986
HAPPO,escenario_3,grid_export_ratio,0.9916097760173029
HAPPO,escenario_3,grid_import,1.3867887080271437
HAPPO,escenario_3,grid_import_baseline,12573542.40342331
HAPPO,escenario_3,grid_import_control,13105960.232582707
HAPPO,escenario_3,grid_import_delta,266938.3373391363
HAPPO,escenario_3,net_exchange_baseline,-27068746.71810341
HAPPO,escenario_3,net_exchange_control,-26203721.204027563
HAPPO,escenario_3,net_exchange_delta,433697.85878114804
HAPPO,escenario_3,one_minus_load_factor_average,0.9287143519335739
HAPPO,escenario_3,peak_average,1.1657250592135147
HAPPO,escenario_3,price_signal_deviation,0.3877679521335322
HAPPO,escenario_3,price_signal_deviation_baseline,0.3791344496323413
HAPPO,escenario_3,price_signal_deviation_delta,0.008633502501190937
HAPPO,escenario_3,price_signal_deviation_ratio,1.0227716117845875
HAPPO,escenario_3,pv_export_daily_average,110754.06200702809
HAPPO,escenario_3,pv_export_total,40420617.87998162
HAPPO,escenario_3,pv_generation_daily_average,136095.6394630498
HAPPO,escenario_3,pv_generation_total,49669237.752368875
HAPPO,escenario_3,pv_self_consumption_ratio,0.1862041837343509
HAPPO,escenario_3,ramping_average,1.1194173043816145
HAPPO,escenario_3,zero_net_energy,0.9874672553332993
MASAC,escenario_1,battery_capacity_fade_ratio,5.1152448057640876e-05
MASAC,escenario_1,battery_charge_total,358996.0523502038
MASAC,escenario_1,battery_discharge_total,308518.80131375405
MASAC,escenario_1,battery_equivalent_full_cycles,12.706823529733455
MASAC,escenario_1,battery_throughput_total,667514.8536639579
MASAC,escenario_1,carbon_emissions,1.037467044341369
MASAC,escenario_1,carbon_emissions_baseline,10931898.644318385
MASAC,escenario_1,carbon_emissions_control,11077263.549339302
MASAC,escenario_1,carbon_emissions_daily_average_baseline,29953.826631309654
MASAC,escenario_1,carbon_emissions_daily_average_control,30352.132113727966
MASAC,escenario_1,carbon_emissions_daily_average_delta,398.3054824183131
MASAC,escenario_1,carbon_emissions_delta,72881.60525166757
MASAC,escenario_1,community_import_share,0.09799700471313148
MASAC,escenario_1,community_local_traded_daily_average,3538.907283318001
MASAC,escenario_1,community_local_traded_total,1291553.7039409322
MASAC,escenario_1,cost_one_minus_load_factor_average,0.9852078523454418
MASAC,escenario_1,cost_peak_average,1.1166105576284036
MASAC,escenario_1,cost_ramping_average,1.0191187890056121
MASAC,escenario_1,electricity_cost,1.003315220878014
MASAC,escenario_1,electricity_cost_baseline,8145973.285303167
MASAC,escenario_1,electricity_cost_control,8172978.986010348
MASAC,escenario_1,electricity_cost_daily_average_baseline,22320.283005739926
MASAC,escenario_1,electricity_cost_daily_average_control,22394.279673963738
MASAC,escenario_1,electricity_cost_daily_average_delta,73.99666822381009
MASAC,escenario_1,electricity_cost_delta,13539.848687702584
MASAC,escenario_1,ev_charge_total,11323.290890360251
MASAC,escenario_1,ev_departure_count,39682.0
MASAC,escenario_1,ev_departure_met_count,1683.0
MASAC,escenario_1,ev_departure_soc_deficit_mean,0.500084993256214
MASAC,escenario_1,ev_departure_success_rate,0.04241217680560456
MASAC,escenario_1,ev_departure_within_tolerance_count,531.0
MASAC,escenario_1,ev_departure_within_tolerance_rate,0.01338138198679502
MASAC,escenario_1,ev_v2g_export_total,3406.4530065609724
MASAC,escenario_1,grid_export_baseline,39346283.74586487
MASAC,escenario_1,grid_export_control,39333371.20792347
MASAC,escenario_1,grid_export_delta,-6473.9593982922215
MASAC,escenario_1,grid_export_ratio,0.9996718231885685
MASAC,escenario_1,grid_import,1.0371370343271265
MASAC,escenario_1,grid_import_baseline,13134040.687343597
MASAC,escenario_1,grid_import_control,13179522.248886302
MASAC,escenario_1,grid_import_delta,22803.091393399667
MASAC,escenario_1,net_exchange_baseline,-26212243.05852127
MASAC,escenario_1,net_exchange_control,-26153848.959037166
MASAC,escenario_1,net_exchange_delta,29277.050791693757
MASAC,escenario_1,one_minus_load_factor_average,0.9852078523454418
MASAC,escenario_1,peak_average,1.1166105576284036
MASAC,escenario_1,price_signal_deviation,0.3947559787011891
MASAC,escenario_1,price_signal_deviation_baseline,0.38427682816729253
MASAC,escenario_1,price_signal_deviation_delta,0.010479150533896586
MASAC,escenario_1,price_signal_deviation_ratio,1.0272697955374361
MASAC,escenario_1,pv_export_daily_average,110902.01560713729
MASAC,escenario_1,pv_export_total,40474614.77928814
MASAC,escenario_1,pv_generation_daily_average,135731.8379158463
MASAC,escenario_1,pv_generation_total,49536465.346037395
MASAC,escenario_1,pv_self_consumption_ratio,0.18293292634925845
MASAC,escenario_1,ramping_average,1.0191187890056121
MASAC,escenario_1,zero_net_energy,0.9989368024149045
MASAC,escenario_2,battery_capacity_fade_ratio,5.028306424212913e-05
MASAC,escenario_2,battery_charge_total,353615.1211018505
MASAC,escenario_2,battery_discharge_total,303898.4720165327
MASAC,escenario_2,battery_equivalent_full_cycles,12.516439372542129
MASAC,escenario_2,battery_throughput_total,657513.5931183831
MASAC,escenario_2,carbon_emissions,1.0381138541467394
MASAC,escenario_2,carbon_emissions_baseline,10932105.935573434
MASAC,escenario_2,carbon_emissions_control,11075355.143674597
MASAC,escenario_2,carbon_emissions_daily_average_baseline,29954.39461739496
MASAC,escenario_2,carbon_emissions_daily_average_control,30346.90300812768
MASAC,escenario_2,carbon_emissions_daily_average_delta,392.5083907327212
MASAC,escenario_2,carbon_emissions_delta,71820.8582459477
MASAC,escenario_2,community_import_share,0.09763224324557233
MASAC,escenario_2,community_local_traded_daily_average,3526.2866048847777
MASAC,escenario_2,community_local_traded_total,1286947.682174407
MASAC,escenario_2,cost_one_minus_load_factor_average,0.9835213594804599
MASAC,escenario_2,cost_peak_average,1.1165692494429975
MASAC,escenario_2,cost_ramping_average,1.0186612323666393
MASAC,escenario_2,electricity_cost,1.0035990229795722
MASAC,escenario_2,electricity_cost_baseline,6993963.858133613
MASAC,escenario_2,electricity_cost_control,7019135.294777334
MASAC,escenario_2,electricity_cost_daily_average_baseline,19163.732457495917
MASAC,escenario_2,electricity_cost_daily_average_control,19232.703170984816
MASAC,escenario_2,electricity_cost_daily_average_delta,68.97071348890222
MASAC,escenario_2,electricity_cost_delta,12620.203678604754
MASAC,escenario_2,ev_charge_total,11313.459531189874
MASAC,escenario_2,ev_departure_count,39682.0
MASAC,escenario_2,ev_departure_met_count,1693.0
MASAC,escenario_2,ev_departure_soc_deficit_mean,0.49999936165598885
MASAC,escenario_2,ev_departure_success_rate,0.042664180232851165
MASAC,escenario_2,ev_departure_within_tolerance_count,537.0
MASAC,escenario_2,ev_departure_within_tolerance_rate,0.013532584043142986
MASAC,escenario_2,ev_v2g_export_total,3419.5918597663403
MASAC,escenario_2,grid_export_baseline,39346310.90370178
MASAC,escenario_2,grid_export_control,39335971.06664721
MASAC,escenario_2,grid_export_delta,-5184.084304733112
MASAC,escenario_2,grid_export_ratio,0.9997372094913833
MASAC,escenario_2,grid_import,1.037793578603177
MASAC,escenario_2,grid_import_baseline,13134313.989589691
MASAC,escenario_2,grid_import_control,13181584.683426503
MASAC,escenario_2,grid_import_delta,23700.10868642078
MASAC,escenario_2,net_exchange_baseline,-26211996.91411209
MASAC,escenario_2,net_exchange_control,-26154386.383220706
MASAC,escenario_2,net_exchange_delta,28884.19299115389
MASAC,escenario_2,one_minus_load_factor_average,0.9835213594804599
MASAC,escenario_2,peak_average,1.1165692494429975
MASAC,escenario_2,pv_export_daily_average,110905.09496458057
MASAC,escenario_2,pv_export_total,40475738.61644838
MASAC,escenario_2,pv_generation_daily_average,135731.8379158463
MASAC,escenario_2,pv_generation_total,49536465.346037395
MASAC,escenario_2,pv_self_consumption_ratio,0.18291023928120895
MASAC,escenario_2,ramping_average,1.0186612323666393
MASAC,escenario_2,zero_net_energy,0.9989132179356845
MASAC,escenario_3,battery_capacity_fade_ratio,5.1551216801694945e-05
MASAC,escenario_3,battery_charge_total,360255.59183450975
MASAC,escenario_3,battery_discharge_total,310237.8840614498
MASAC,escenario_3,battery_equivalent_full_cycles,12.763524630624374
MASAC,escenario_3,battery_throughput_total,670493.4758959597
MASAC,escenario_3,carbon_emissions,1.037759101084779
MASAC,escenario_3,carbon_emissions_baseline,10932067.894445635
MASAC,escenario_3,carbon_emissions_control,11078731.103010576
MASAC,escenario_3,carbon_emissions_daily_average_baseline,29954.290383228137
MASAC,escenario_3,carbon_emissions_daily_average_control,30356.153267753605
MASAC,escenario_3,carbon_emissions_daily_average_delta,401.8628845254687
MASAC,escenario_3,carbon_emissions_delta,73532.53572473316
MASAC,escenario_3,community_import_share,0.0981411215614809
MASAC,escenario_3,community_local_traded_daily_average,3544.1316805847932
MASAC,escenario_3,community_local_traded_total,1293460.3912600917
MASAC,escenario_3,cost_one_minus_load_factor_average,0.9819840172895822
MASAC,escenario_3,cost_peak_average,1.1170323615944113
MASAC,escenario_3,cost_ramping_average,1.019383469172229
MASAC,escenario_3,electricity_cost,1.0032894257156826
MASAC,escenario_3,electricity_cost_baseline,9617066.114568051
MASAC,escenario_3,electricity_cost_control,9648700.73915473
MASAC,escenario_3,electricity_cost_daily_average_baseline,26351.134461654667
MASAC,escenario_3,electricity_cost_daily_average_control,26437.814560990242
MASAC,escenario_3,electricity_cost_daily_average_delta,86.6800993355745
MASAC,escenario_3,electricity_cost_delta,15860.652343007308
MASAC,escenario_3,ev_charge_total,11393.897317195311
MASAC,escenario_3,ev_departure_count,39682.0
MASAC,escenario_3,ev_departure_met_count,1690.0
MASAC,escenario_3,ev_departure_soc_deficit_mean,0.4999506739383629
MASAC,escenario_3,ev_departure_success_rate,0.042588579204677186
MASAC,escenario_3,ev_departure_within_tolerance_count,540.0
MASAC,escenario_3,ev_departure_within_tolerance_rate,0.01360818507131697
MASAC,escenario_3,ev_v2g_export_total,3376.6444974486367
MASAC,escenario_3,grid_export_baseline,39346257.59938049
MASAC,escenario_3,grid_export_control,39333545.88824421
MASAC,escenario_3,grid_export_delta,-6373.270859114073
MASAC,escenario_3,grid_export_ratio,0.9996769270596022
MASAC,escenario_3,grid_import,1.0374132598116854
MASAC,escenario_3,grid_import_baseline,13134273.334926605
MASAC,escenario_3,grid_import_control,13179596.591932142
MASAC,escenario_3,grid_import_delta,22723.72224452739
MASAC,escenario_3,net_exchange_baseline,-26211984.264453888
MASAC,escenario_3,net_exchange_control,-26153949.296312064
MASAC,escenario_3,net_exchange_delta,29096.993103644265
MASAC,escenario_3,one_minus_load_factor_average,0.9819840172895822
MASAC,escenario_3,peak_average,1.1170323615944113
MASAC,escenario_3,price_signal_deviation,0.35329494651478244
MASAC,escenario_3,price_signal_deviation_baseline,0.35656490968401827
MASAC,escenario_3,price_signal_deviation_delta,-0.0032699631692358344
MASAC,escenario_3,price_signal_deviation_ratio,0.9908292625538121
MASAC,escenario_3,pv_export_daily_average,110900.08183743121
MASAC,escenario_3,pv_export_total,40473909.03391916
MASAC,escenario_3,pv_generation_daily_average,135731.8379158463
MASAC,escenario_3,pv_generation_total,49536465.346037395
MASAC,escenario_3,pv_self_consumption_ratio,0.18294717333608018
MASAC,escenario_3,ramping_average,1.019383469172229
MASAC,escenario_3,zero_net_energy,0.9989654560201449
MATD3,escenario_1,battery_capacity_fade_ratio,1.2070930553512217e-06
MATD3,escenario_1,battery_charge_total,16421.966020733827
MATD3,escenario_1,battery_discharge_total,12689.348239371415
MATD3,escenario_1,battery_equivalent_full_cycles,0.5541634481859674
MATD3,escenario_1,battery_throughput_total,29111.31426010524
MATD3,escenario_1,carbon_emissions,1.0910188027968435
MATD3,escenario_1,carbon_emissions_baseline,9120762.057971071
MATD3,escenario_1,carbon_emissions_control,9206143.30488935
MATD3,escenario_1,carbon_emissions_daily_average_baseline,24991.242081436892
MATD3,escenario_1,carbon_emissions_daily_average_control,25225.190012255327
MATD3,escenario_1,carbon_emissions_daily_average_delta,233.9479308184345
MATD3,escenario_1,carbon_emissions_delta,42807.59742454813
MATD3,escenario_1,community_import_share,0.06931453984842184
MATD3,escenario_1,community_local_traded_daily_average,2137.200706842457
MATD3,escenario_1,community_local_traded_total,779989.2079680449
MATD3,escenario_1,cost_one_minus_load_factor_average,0.9903363596387342
MATD3,escenario_1,cost_peak_average,1.0135082765308394
MATD3,escenario_1,cost_ramping_average,1.0012947256358695
MATD3,escenario_1,electricity_cost,1.0109365831485904
MATD3,escenario_1,electricity_cost_baseline,5937325.040501275
MATD3,escenario_1,electricity_cost_control,6002259.089486925
MATD3,escenario_1,electricity_cost_daily_average_baseline,16268.50108140548
MATD3,escenario_1,electricity_cost_daily_average_control,16446.422896185206
MATD3,escenario_1,electricity_cost_daily_average_delta,177.92181477972326
MATD3,escenario_1,electricity_cost_delta,32555.985400214777
MATD3,escenario_1,ev_charge_total,169753.2591299247
MATD3,escenario_1,ev_departure_count,39682.0
MATD3,escenario_1,ev_departure_met_count,19313.0
MATD3,escenario_1,ev_departure_soc_deficit_mean,0.28689426569988463
MATD3,escenario_1,ev_departure_success_rate,0.48669421904137894
MATD3,escenario_1,ev_departure_within_tolerance_count,760.0
MATD3,escenario_1,ev_departure_within_tolerance_rate,0.0191522604707424
MATD3,escenario_1,ev_v2g_export_total,26651.092337596812
MATD3,escenario_1,grid_export_baseline,40660865.55792618
MATD3,escenario_1,grid_export_control,40618004.79714544
MATD3,escenario_1,grid_export_delta,-21489.10046450573
MATD3,escenario_1,grid_export_ratio,0.9989458964979563
MATD3,escenario_1,grid_import,1.0927459401688624
MATD3,escenario_1,grid_import_baseline,11148920.210262299
MATD3,escenario_1,grid_import_control,11252894.553923866
MATD3,escenario_1,grid_import_delta,52129.61869959725
MATD3,escenario_1,net_exchange_baseline,-29511945.34766388
MATD3,escenario_1,net_exchange_control,-29365110.24322157
MATD3,escenario_1,net_exchange_delta,73618.71916410579
MATD3,escenario_1,one_minus_load_factor_average,0.9903363596387342
MATD3,escenario_1,peak_average,1.0135082765308394
MATD3,escenario_1,price_signal_deviation,0.38583282380053824
MATD3,escenario_1,price_signal_deviation_baseline,0.3835628436620554
MATD3,escenario_1,price_signal_deviation_delta,0.002269980138482841
MATD3,escenario_1,price_signal_deviation_ratio,1.0059181439912435
MATD3,escenario_1,pv_export_daily_average,113417.74425477868
MATD3,escenario_1,pv_export_total,41392750.91365027
MATD3,escenario_1,pv_generation_daily_average,135736.12476592427
MATD3,escenario_1,pv_generation_total,49538029.867697105
MATD3,escenario_1,pv_self_consumption_ratio,0.16442476569618755
MATD3,escenario_1,ramping_average,1.0012947256358695
MATD3,escenario_1,zero_net_energy,0.9947376593298868
MATD3,escenario_2,battery_capacity_fade_ratio,8.011053678679772e-07
MATD3,escenario_2,battery_charge_total,6473.014259601426
MATD3,escenario_2,battery_discharge_total,4088.46691936412
MATD3,escenario_2,battery_equivalent_full_cycles,0.2010485262119384
MATD3,escenario_2,battery_throughput_total,10561.481178965547
MATD3,escenario_2,carbon_emissions,1.074489406306728
MATD3,escenario_2,carbon_emissions_baseline,9115228.281413369
MATD3,escenario_2,carbon_emissions_control,9224017.200870441
MATD3,escenario_2,carbon_emissions_daily_average_baseline,24976.079318862983
MATD3,escenario_2,carbon_emissions_daily_average_control,25274.165181058408
MATD3,escenario_2,carbon_emissions_daily_average_delta,298.08586219542616
MATD3,escenario_2,carbon_emissions_delta,54543.50265963391
MATD3,escenario_2,community_import_share,0.06895604510325233
MATD3,escenario_2,community_local_traded_daily_average,2131.2051426560247
MATD3,escenario_2,community_local_traded_total,777801.0768551717
MATD3,escenario_2,cost_one_minus_load_factor_average,0.9897631484203935
MATD3,escenario_2,cost_peak_average,1.0165753156311008
MATD3,escenario_2,cost_ramping_average,1.0014307130196627
MATD3,escenario_2,electricity_cost,1.0123352068964833
MATD3,escenario_2,electricity_cost_baseline,5933184.36464527
MATD3,escenario_2,electricity_cost_control,6006371.421338149
MATD3,escenario_2,electricity_cost_daily_average_baseline,16257.155468830515
MATD3,escenario_2,electricity_cost_daily_average_control,16457.690845086836
MATD3,escenario_2,electricity_cost_daily_average_delta,200.53537625632055
MATD3,escenario_2,electricity_cost_delta,36693.79603456798
MATD3,escenario_2,ev_charge_total,192178.31263886765
MATD3,escenario_2,ev_departure_count,39682.0
MATD3,escenario_2,ev_departure_met_count,18395.0
MATD3,escenario_2,ev_departure_soc_deficit_mean,0.2975604583216197
MATD3,escenario_2,ev_departure_success_rate,0.4635603044201401
MATD3,escenario_2,ev_departure_within_tolerance_count,645.0
MATD3,escenario_2,ev_departure_within_tolerance_rate,0.01625422105740638
MATD3,escenario_2,ev_v2g_export_total,21079.67414651485
MATD3,escenario_2,grid_export_baseline,40660924.96252823
MATD3,escenario_2,grid_export_control,40624883.336406454
MATD3,escenario_2,grid_export_delta,-18070.19078819179
MATD3,escenario_2,grid_export_ratio,0.9991136053556334
MATD3,escenario_2,grid_import,1.0759700039557534
MATD3,escenario_2,grid_import_baseline,11142223.199565887
MATD3,escenario_2,grid_import_control,11279664.831277953
MATD3,escenario_2,grid_import_delta,68909.11355902933
MATD3,escenario_2,net_exchange_baseline,-29518701.76296234
MATD3,escenario_2,net_exchange_control,-29345218.505128495
MATD3,escenario_2,net_exchange_delta,86979.30434722392
MATD3,escenario_2,one_minus_load_factor_average,0.9897631484203935
MATD3,escenario_2,peak_average,1.0165753156311008
MATD3,escenario_2,pv_export_daily_average,113430.43071923594
MATD3,escenario_2,pv_export_total,41397380.94457448
MATD3,escenario_2,pv_generation_daily_average,135736.12476592427
MATD3,escenario_2,pv_generation_total,49538029.867697105
MATD3,escenario_2,pv_self_consumption_ratio,0.16433130152458886
MATD3,escenario_2,ramping_average,1.0014307130196627
MATD3,escenario_2,zero_net_energy,0.993746134899151
MATD3,escenario_3,battery_capacity_fade_ratio,9.213267861941276e-07
MATD3,escenario_3,battery_charge_total,8528.694224856508
MATD3,escenario_3,battery_discharge_total,6420.149063403374
MATD3,escenario_3,battery_equivalent_full_cycles,0.28456642214764116
MATD3,escenario_3,battery_throughput_total,14948.843288259885
MATD3,escenario_3,carbon_emissions,1.0847436489538798
MATD3,escenario_3,carbon_emissions_baseline,9120752.561282614
MATD3,escenario_3,carbon_emissions_control,9192668.404132348
MATD3,escenario_3,carbon_emissions_daily_average_baseline,24991.216060141884
MATD3,escenario_3,carbon_emissions_daily_average_control,25188.268261123
MATD3,escenario_3,carbon_emissions_daily_average_delta,197.0522009811165
MATD3,escenario_3,carbon_emissions_delta,36056.44752535721
MATD3,escenario_3,community_import_share,0.0692156070899416
MATD3,escenario_3,community_local_traded_daily_average,2131.1558751448247
MATD3,escenario_3,community_local_traded_total,777783.0962663966
MATD3,escenario_3,cost_one_minus_load_factor_average,0.9930329620243672
MATD3,escenario_3,cost_peak_average,1.0112345338045805
MATD3,escenario_3,cost_ramping_average,1.000857971275704
MATD3,escenario_3,electricity_cost,1.009200981675477
MATD3,escenario_3,electricity_cost_baseline,7130421.065077164
MATD3,escenario_3,electricity_cost_control,7196027.938635374
MATD3,escenario_3,electricity_cost_daily_average_baseline,19537.6305014102
MATD3,escenario_3,electricity_cost_daily_average_control,19717.395881635915
MATD3,escenario_3,electricity_cost_daily_average_delta,179.76538022571586
MATD3,escenario_3,electricity_cost_delta,32893.31946921796
MATD3,escenario_3,ev_charge_total,150905.11931162328
MATD3,escenario_3,ev_departure_count,39682.0
MATD3,escenario_3,ev_departure_met_count,18843.0
MATD3,escenario_3,ev_departure_soc_deficit_mean,0.29581957510342544
MATD3,escenario_3,ev_departure_success_rate,0.4748500579607883
MATD3,escenario_3,ev_departure_within_tolerance_count,750.0
MATD3,escenario_3,ev_departure_within_tolerance_rate,0.01890025704349579
MATD3,escenario_3,ev_v2g_export_total,31731.80056209676
MATD3,escenario_3,grid_export_baseline,40660901.981601715
MATD3,escenario_3,grid_export_control,40627343.72803881
MATD3,escenario_3,grid_export_delta,-16825.102240152624
MATD3,escenario_3,grid_export_ratio,0.9991746800506764
MATD3,escenario_3,grid_import,1.0861366547501137
MATD3,escenario_3,grid_import_baseline,11149381.982128143
MATD3,escenario_3,grid_import_control,11237105.747779014
MATD3,escenario_3,grid_import_delta,43982.066086973035
MATD3,escenario_3,net_exchange_baseline,-29511519.99947357
MATD3,escenario_3,net_exchange_control,-29390237.980259795
MATD3,escenario_3,net_exchange_delta,60807.168327126594
MATD3,escenario_3,one_minus_load_factor_average,0.9930329620243672
MATD3,escenario_3,peak_average,1.0112345338045805
MATD3,escenario_3,price_signal_deviation,0.38618365055923326
MATD3,escenario_3,price_signal_deviation_baseline,0.38436053869468667
MATD3,escenario_3,price_signal_deviation_delta,0.0018231118645465894
MATD3,escenario_3,price_signal_deviation_ratio,1.0047432337116031
MATD3,escenario_3,pv_export_daily_average,113439.83895585475
MATD3,escenario_3,pv_export_total,41400814.55893049
MATD3,escenario_3,pv_generation_daily_average,135736.12476592427
MATD3,escenario_3,pv_generation_total,49538029.867697105
MATD3,escenario_3,pv_self_consumption_ratio,0.16426198882957105
MATD3,escenario_3,ramping_average,1.000857971275704
MATD3,escenario_3,zero_net_energy,0.9955669206925004
MAAC,escenario_1,battery_capacity_fade_ratio,5.477706672648155e-05
MAAC,escenario_1,battery_charge_total,358700.8645009674
MAAC,escenario_1,battery_discharge_total,316079.59448353073
MAAC,escenario_1,battery_equivalent_full_cycles,12.845131709900595
MAAC,escenario_1,battery_throughput_total,674780.458984498
MAAC,escenario_1,carbon_emissions,1.0507306584450575
MAAC,escenario_1,carbon_emissions_baseline,10419000.77913157
MAAC,escenario_1,carbon_emissions_control,10584020.15044639
MAAC,escenario_1,carbon_emissions_daily_average_baseline,28548.46657143027
MAAC,escenario_1,carbon_emissions_daily_average_control,29000.62605442555
MAAC,escenario_1,carbon_emissions_daily_average_delta,452.1594829952823
MAAC,escenario_1,carbon_emissions_delta,82735.76539890759
MAAC,escenario_1,community_import_share,0.10463533178952408
MAAC,escenario_1,community_local_traded_daily_average,3592.2377194553483
MAAC,escenario_1,community_local_traded_total,1311017.091029558
MAAC,escenario_1,cost_one_minus_load_factor_average,0.9828215819753824
MAAC,escenario_1,cost_peak_average,1.089215862298233
MAAC,escenario_1,cost_ramping_average,1.0215272114711218
MAAC,escenario_1,electricity_cost,1.004567482935532
MAAC,escenario_1,electricity_cost_baseline,5912299.650756408
MAAC,escenario_1,electricity_cost_control,5939303.97852099
MAAC,escenario_1,electricity_cost_daily_average_baseline,16199.930542088572
MAAC,escenario_1,electricity_cost_daily_average_control,16273.923448396366
MAAC,escenario_1,electricity_cost_daily_average_delta,73.99290630779375
MAAC,escenario_1,electricity_cost_delta,13539.160335444842
MAAC,escenario_1,ev_charge_total,11359.92720144242
MAAC,escenario_1,ev_departure_count,39682.0
MAAC,escenario_1,ev_departure_met_count,1641.0
MAAC,escenario_1,ev_departure_soc_deficit_mean,0.5006863821348964
MAAC,escenario_1,ev_departure_success_rate,0.04135376241116879
MAAC,escenario_1,ev_departure_within_tolerance_count,504.0
MAAC,escenario_1,ev_departure_within_tolerance_rate,0.012700972733229171
MAAC,escenario_1,ev_v2g_export_total,3883.6015368360095
MAAC,escenario_1,grid_export_baseline,39642010.75740814
MAAC,escenario_1,grid_export_control,39647612.42376773
MAAC,escenario_1,grid_export_delta,2808.5075714274362
MAAC,escenario_1,grid_export_ratio,1.0001413063124842
MAAC,escenario_1,grid_import,1.0498333837696285
MAAC,escenario_1,grid_import_baseline,12473692.698825836
MAAC,escenario_1,grid_import_control,12529392.019004568
MAAC,escenario_1,grid_import_delta,27925.96923905729
MAAC,escenario_1,net_exchange_baseline,-27168318.058582306
MAAC,escenario_1,net_exchange_control,-27118220.40476316
MAAC,escenario_1,net_exchange_delta,25117.46166763172
MAAC,escenario_1,one_minus_load_factor_average,0.9828215819753824
MAAC,escenario_1,peak_average,1.089215862298233
MAAC,escenario_1,price_signal_deviation,0.3815787500138164
MAAC,escenario_1,price_signal_deviation_baseline,0.37930795276419743
MAAC,escenario_1,price_signal_deviation_delta,0.002270797249618983
MAAC,escenario_1,price_signal_deviation_ratio,1.005986685048575
MAAC,escenario_1,pv_export_daily_average,111708.58081306177
MAAC,escenario_1,pv_export_total,40768977.472567
MAAC,escenario_1,pv_generation_daily_average,136095.6394630498
MAAC,escenario_1,pv_generation_total,49669237.752368875
MAAC,escenario_1,pv_self_consumption_ratio,0.1791905952770011
MAAC,escenario_1,ramping_average,1.0215272114711218
MAAC,escenario_1,zero_net_energy,0.9991761749017497
MAAC,escenario_2,battery_capacity_fade_ratio,6.177268493979404e-05
MAAC,escenario_2,battery_charge_total,407054.97502134804
MAAC,escenario_2,battery_discharge_total,357029.08065188775
MAAC,escenario_2,battery_equivalent_full_cycles,14.54511641805444
MAAC,escenario_2,battery_throughput_total,764084.0556732358
MAAC,escenario_2,carbon_emissions,1.054722935099286
MAAC,escenario_2,carbon_emissions_baseline,10418794.693337657
MAAC,escenario_2,carbon_emissions_control,10603580.080276055
MAAC,escenario_2,carbon_emissions_daily_average_baseline,28547.901888355267
MAAC,escenario_2,carbon_emissions_daily_average_control,29054.221021420864
MAAC,escenario_2,carbon_emissions_daily_average_delta,506.31913306559755
MAAC,escenario_2,carbon_emissions_delta,92645.85303573216
MAAC,escenario_2,community_import_share,0.10624733705261623
MAAC,escenario_2,community_local_traded_daily_average,3649.0101506112746
MAAC,escenario_2,community_local_traded_total,1331736.6628835064
MAAC,escenario_2,cost_one_minus_load_factor_average,0.9795778295331244
MAAC,escenario_2,cost_peak_average,1.0817883847769343
MAAC,escenario_2,cost_ramping_average,1.024512670930083
MAAC,escenario_2,electricity_cost,1.004874906139094
MAAC,escenario_2,electricity_cost_baseline,6642082.883512934
MAAC,escenario_2,electricity_cost_control,6674462.414138143
MAAC,escenario_2,electricity_cost_daily_average_baseline,18199.564927995252
MAAC,escenario_2,electricity_cost_daily_average_control,18288.286098791577
MAAC,escenario_2,electricity_cost_daily_average_delta,88.72117079632619
MAAC,escenario_2,electricity_cost_delta,16234.125898002769
MAAC,escenario_2,ev_charge_total,11413.988464787602
MAAC,escenario_2,ev_departure_count,39682.0
MAAC,escenario_2,ev_departure_met_count,1650.0
MAAC,escenario_2,ev_departure_soc_deficit_mean,0.5003175607927299
MAAC,escenario_2,ev_departure_success_rate,0.04158056549569074
MAAC,escenario_2,ev_departure_within_tolerance_count,517.0
MAAC,escenario_2,ev_departure_within_tolerance_rate,0.013028577188649765
MAAC,escenario_2,ev_v2g_export_total,3772.114571128506
MAAC,escenario_2,grid_export_baseline,39642072.05358124
MAAC,escenario_2,grid_export_control,39645211.36869922
MAAC,escenario_2,grid_export_delta,1573.958481633882
MAAC,escenario_2,grid_export_ratio,1.0000791914992169
MAAC,escenario_2,grid_import,1.0537168844680105
MAAC,escenario_2,grid_import_baseline,12473499.126983643
MAAC,escenario_2,grid_import_control,12534306.269003227
MAAC,escenario_2,grid_import_delta,30486.877974541218
MAAC,escenario_2,net_exchange_baseline,-27168572.926597595
MAAC,escenario_2,net_exchange_control,-27110905.099695995
MAAC,escenario_2,net_exchange_delta,28912.91949290734
MAAC,escenario_2,one_minus_load_factor_average,0.9795778295331244
MAAC,escenario_2,peak_average,1.0817883847769343
MAAC,escenario_2,pv_export_daily_average,111696.14966246509
MAAC,escenario_2,pv_export_total,40764440.62056382
MAAC,escenario_2,pv_generation_daily_average,136095.6394630498
MAAC,escenario_2,pv_generation_total,49669237.752368875
MAAC,escenario_2,pv_self_consumption_ratio,0.17928193656203953
MAAC,escenario_2,ramping_average,1.024512670930083
MAAC,escenario_2,zero_net_energy,0.9990277078528375
MAAC,escenario_3,battery_capacity_fade_ratio,5.8525634206575514e-05
MAAC,escenario_3,battery_charge_total,387474.2518110984
MAAC,escenario_3,battery_discharge_total,338931.8603855882
MAAC,escenario_3,battery_equivalent_full_cycles,13.827878477817082
MAAC,escenario_3,battery_throughput_total,726406.1121966869
MAAC,escenario_3,carbon_emissions,1.0522430118615078
MAAC,escenario_3,carbon_emissions_baseline,10418738.477705272
MAAC,escenario_3,carbon_emissions_control,10591446.496406594
MAAC,escenario_3,carbon_emissions_daily_average_baseline,28547.747855340396
MAAC,escenario_3,carbon_emissions_daily_average_control,29020.974530626587
MAAC,escenario_3,carbon_emissions_daily_average_delta,473.2266752861899
MAAC,escenario_3,carbon_emissions_delta,86590.62268830428
MAAC,escenario_3,community_import_share,0.10515915368460123
MAAC,escenario_3,community_local_traded_daily_average,3611.086335149093
MAAC,escenario_3,community_local_traded_total,1317896.0503987877
MAAC,escenario_3,cost_one_minus_load_factor_average,0.9806625768543861
MAAC,escenario_3,cost_peak_average,1.0809437899932686
MAAC,escenario_3,cost_ramping_average,1.0226132440943358
MAAC,escenario_3,electricity_cost,1.0050396407601672
MAAC,escenario_3,electricity_cost_baseline,7094588.040448039
MAAC,escenario_3,electricity_cost_control,7130342.215513276
MAAC,escenario_3,electricity_cost_daily_average_baseline,19439.446622988118
MAAC,escenario_3,electricity_cost_daily_average_control,19537.414450544427
MAAC,escenario_3,electricity_cost_daily_average_delta,97.9678275563067
MAAC,escenario_3,electricity_cost_delta,17926.0714463967
MAAC,escenario_3,ev_charge_total,11448.820955269039
MAAC,escenario_3,ev_departure_count,39682.0
MAAC,escenario_3,ev_departure_met_count,1658.0
MAAC,escenario_3,ev_departure_soc_deficit_mean,0.5003223895903307
MAAC,escenario_3,ev_departure_success_rate,0.04178216823748803
MAAC,escenario_3,ev_departure_within_tolerance_count,516.0
MAAC,escenario_3,ev_departure_within_tolerance_rate,0.013003376845925105
MAAC,escenario_3,ev_v2g_export_total,3786.4879757869057
MAAC,escenario_3,grid_export_baseline,39641992.52773285
MAAC,escenario_3,grid_export_control,39644749.39444798
MAAC,escenario_3,grid_export_delta,1382.2103184732737
MAAC,escenario_3,grid_export_ratio,1.0000695441005698
MAAC,escenario_3,grid_import,1.0512597814264801
MAAC,escenario_3,grid_import_baseline,12473433.342071533
MAAC,escenario_3,grid_import_control,12532394.986284215
MAAC,escenario_3,grid_import_delta,29561.60070327573
MAAC,escenario_3,net_exchange_baseline,-27168559.185661316
MAAC,escenario_3,net_exchange_control,-27112354.408163764
MAAC,escenario_3,net_exchange_delta,28179.390384804326
MAAC,escenario_3,one_minus_load_factor_average,0.9806625768543861
MAAC,escenario_3,peak_average,1.0809437899932686
MAAC,escenario_3,price_signal_deviation,0.38149154120398204
MAAC,escenario_3,price_signal_deviation_baseline,0.37930519778142613
MAAC,escenario_3,price_signal_deviation_delta,0.002186343422555914
MAAC,escenario_3,price_signal_deviation_ratio,1.0057640745113539
MAAC,escenario_3,pv_export_daily_average,111698.96326063854
MAAC,escenario_3,pv_export_total,40765467.466663875
MAAC,escenario_3,pv_generation_daily_average,136095.6394630498
MAAC,escenario_3,pv_generation_total,49669237.752368875
MAAC,escenario_3,pv_self_consumption_ratio,0.17926126287855812
MAAC,escenario_3,ramping_average,1.0226132440943358
MAAC,escenario_3,zero_net_energy,0.9990659966290548
